solid OpenSCAD_Model
  facet normal 0.999713 -0.0239739 0
    outer loop
      vertex 47.8 -17.5 1.2
      vertex 47.802 -17.4166 -7.62939e-07
      vertex 47.802 -17.4166 1.2
    endloop
  endfacet
  facet normal 0.999713 -0.0239739 0
    outer loop
      vertex 47.802 -17.4166 -7.62939e-07
      vertex 47.8 -17.5 1.2
      vertex 47.8 -17.5 -7.62939e-07
    endloop
  endfacet
  facet normal -0.999713 -0.0239739 0
    outer loop
      vertex 51.2 -17.5 -7.62939e-07
      vertex 51.198 -17.4166 1.2
      vertex 51.198 -17.4166 -7.62939e-07
    endloop
  endfacet
  facet normal -0.999713 -0.0239739 0
    outer loop
      vertex 51.198 -17.4166 1.2
      vertex 51.2 -17.5 -7.62939e-07
      vertex 51.2 -17.5 1.2
    endloop
  endfacet
  facet normal -0.0239739 -0.999713 0
    outer loop
      vertex 49.5 -15.8 -7.62939e-07
      vertex 49.5834 -15.802 1.2
      vertex 49.5 -15.8 1.2
    endloop
  endfacet
  facet normal -0.0239739 -0.999713 -0
    outer loop
      vertex 49.5834 -15.802 1.2
      vertex 49.5 -15.8 -7.62939e-07
      vertex 49.5834 -15.802 -7.62939e-07
    endloop
  endfacet
  facet normal 0.0239739 0.999713 -0
    outer loop
      vertex 49.5 -19.2 -7.62939e-07
      vertex 49.4166 -19.198 1.2
      vertex 49.5 -19.2 1.2
    endloop
  endfacet
  facet normal 0.0239739 0.999713 0
    outer loop
      vertex 49.4166 -19.198 1.2
      vertex 49.5 -19.2 -7.62939e-07
      vertex 49.4166 -19.198 -7.62939e-07
    endloop
  endfacet
  facet normal -0.724281 -0.689505 0
    outer loop
      vertex 50.7596 -16.3583 -7.62939e-07
      vertex 50.7021 -16.2979 1.2
      vertex 50.7021 -16.2979 -7.62939e-07
    endloop
  endfacet
  facet normal -0.724281 -0.689505 0
    outer loop
      vertex 50.7021 -16.2979 1.2
      vertex 50.7596 -16.3583 -7.62939e-07
      vertex 50.7596 -16.3583 1.2
    endloop
  endfacet
  facet normal -0.405471 -0.914108 0
    outer loop
      vertex 50.1506 -15.9294 -7.62939e-07
      vertex 50.2268 -15.9632 1.2
      vertex 50.1506 -15.9294 1.2
    endloop
  endfacet
  facet normal -0.405471 -0.914108 -0
    outer loop
      vertex 50.2268 -15.9632 1.2
      vertex 50.1506 -15.9294 -7.62939e-07
      vertex 50.2268 -15.9632 -7.62939e-07
    endloop
  endfacet
  facet normal -0.914108 -0.405471 0
    outer loop
      vertex 51.0706 -16.8494 -7.62939e-07
      vertex 51.0368 -16.7732 1.2
      vertex 51.0368 -16.7732 -7.62939e-07
    endloop
  endfacet
  facet normal -0.914108 -0.405471 0
    outer loop
      vertex 51.0368 -16.7732 1.2
      vertex 51.0706 -16.8494 -7.62939e-07
      vertex 51.0706 -16.8494 1.2
    endloop
  endfacet
  facet normal -0.2182 -0.975904 0
    outer loop
      vertex 49.8317 -15.8327 -7.62939e-07
      vertex 49.9131 -15.8509 1.2
      vertex 49.8317 -15.8327 1.2
    endloop
  endfacet
  facet normal -0.2182 -0.975904 -0
    outer loop
      vertex 49.9131 -15.8509 1.2
      vertex 49.8317 -15.8327 -7.62939e-07
      vertex 49.9131 -15.8509 -7.62939e-07
    endloop
  endfacet
  facet normal -0.975904 -0.2182 0
    outer loop
      vertex 51.1673 -17.1683 -7.62939e-07
      vertex 51.1491 -17.0869 1.2
      vertex 51.1491 -17.0869 -7.62939e-07
    endloop
  endfacet
  facet normal -0.975904 -0.2182 0
    outer loop
      vertex 51.1491 -17.0869 1.2
      vertex 51.1673 -17.1683 -7.62939e-07
      vertex 51.1673 -17.1683 1.2
    endloop
  endfacet
  facet normal -0.84509 -0.534624 0
    outer loop
      vertex 50.9581 -16.626 -7.62939e-07
      vertex 50.9135 -16.5555 1.2
      vertex 50.9135 -16.5555 -7.62939e-07
    endloop
  endfacet
  facet normal -0.84509 -0.534624 0
    outer loop
      vertex 50.9135 -16.5555 1.2
      vertex 50.9581 -16.626 -7.62939e-07
      vertex 50.9581 -16.626 1.2
    endloop
  endfacet
  facet normal -0.869714 -0.493557 0
    outer loop
      vertex 50.9993 -16.6986 -7.62939e-07
      vertex 50.9581 -16.626 1.2
      vertex 50.9581 -16.626 -7.62939e-07
    endloop
  endfacet
  facet normal -0.869714 -0.493557 0
    outer loop
      vertex 50.9581 -16.626 1.2
      vertex 50.9993 -16.6986 -7.62939e-07
      vertex 50.9993 -16.6986 1.2
    endloop
  endfacet
  facet normal -0.575553 -0.817765 0
    outer loop
      vertex 50.4445 -16.0865 -7.62939e-07
      vertex 50.5127 -16.1345 1.2
      vertex 50.4445 -16.0865 1.2
    endloop
  endfacet
  facet normal -0.575553 -0.817765 -0
    outer loop
      vertex 50.5127 -16.1345 1.2
      vertex 50.4445 -16.0865 -7.62939e-07
      vertex 50.5127 -16.1345 -7.62939e-07
    endloop
  endfacet
  facet normal -0.122264 -0.992498 0
    outer loop
      vertex 49.6666 -15.8082 -7.62939e-07
      vertex 49.7494 -15.8184 1.2
      vertex 49.6666 -15.8082 1.2
    endloop
  endfacet
  facet normal -0.122264 -0.992498 -0
    outer loop
      vertex 49.7494 -15.8184 1.2
      vertex 49.6666 -15.8082 -7.62939e-07
      vertex 49.7494 -15.8184 -7.62939e-07
    endloop
  endfacet
  facet normal 0.724281 0.689505 0
    outer loop
      vertex 48.2979 -18.7021 1.2
      vertex 48.2404 -18.6417 -7.62939e-07
      vertex 48.2404 -18.6417 1.2
    endloop
  endfacet
  facet normal 0.724281 0.689505 0
    outer loop
      vertex 48.2404 -18.6417 -7.62939e-07
      vertex 48.2979 -18.7021 1.2
      vertex 48.2979 -18.7021 -7.62939e-07
    endloop
  endfacet
  facet normal 0.17119 0.985238 -0
    outer loop
      vertex 49.2506 -19.1816 -7.62939e-07
      vertex 49.1683 -19.1673 1.2
      vertex 49.2506 -19.1816 1.2
    endloop
  endfacet
  facet normal 0.17119 0.985238 0
    outer loop
      vertex 49.1683 -19.1673 1.2
      vertex 49.2506 -19.1816 -7.62939e-07
      vertex 49.1683 -19.1673 -7.62939e-07
    endloop
  endfacet
  facet normal 0.997235 -0.0743132 0
    outer loop
      vertex 47.802 -17.4166 1.2
      vertex 47.8082 -17.3334 -7.62939e-07
      vertex 47.8082 -17.3334 1.2
    endloop
  endfacet
  facet normal 0.997235 -0.0743132 0
    outer loop
      vertex 47.8082 -17.3334 -7.62939e-07
      vertex 47.802 -17.4166 1.2
      vertex 47.802 -17.4166 -7.62939e-07
    endloop
  endfacet
  facet normal 0.985238 -0.17119 0
    outer loop
      vertex 47.8184 -17.2506 1.2
      vertex 47.8327 -17.1683 -7.62939e-07
      vertex 47.8327 -17.1683 1.2
    endloop
  endfacet
  facet normal 0.985238 -0.17119 0
    outer loop
      vertex 47.8327 -17.1683 -7.62939e-07
      vertex 47.8184 -17.2506 1.2
      vertex 47.8184 -17.2506 -7.62939e-07
    endloop
  endfacet
  facet normal 0.933191 -0.35938 0
    outer loop
      vertex 47.8994 -16.9273 1.2
      vertex 47.9294 -16.8494 -7.62939e-07
      vertex 47.9294 -16.8494 1.2
    endloop
  endfacet
  facet normal 0.933191 -0.35938 0
    outer loop
      vertex 47.9294 -16.8494 -7.62939e-07
      vertex 47.8994 -16.9273 1.2
      vertex 47.8994 -16.9273 -7.62939e-07
    endloop
  endfacet
  facet normal 0.963621 -0.267273 0
    outer loop
      vertex 47.8509 -17.0869 1.2
      vertex 47.8732 -17.0065 -7.62939e-07
      vertex 47.8732 -17.0065 1.2
    endloop
  endfacet
  facet normal 0.963621 -0.267273 0
    outer loop
      vertex 47.8732 -17.0065 -7.62939e-07
      vertex 47.8509 -17.0869 1.2
      vertex 47.8509 -17.0869 -7.62939e-07
    endloop
  endfacet
  facet normal 0.788061 -0.615598 0
    outer loop
      vertex 48.1345 -16.4873 1.2
      vertex 48.1859 -16.4215 -7.62939e-07
      vertex 48.1859 -16.4215 1.2
    endloop
  endfacet
  facet normal 0.788061 -0.615598 0
    outer loop
      vertex 48.1859 -16.4215 -7.62939e-07
      vertex 48.1345 -16.4873 1.2
      vertex 48.1345 -16.4873 -7.62939e-07
    endloop
  endfacet
  facet normal 0.724281 -0.689505 0
    outer loop
      vertex 48.2404 -16.3583 1.2
      vertex 48.2979 -16.2979 -7.62939e-07
      vertex 48.2979 -16.2979 1.2
    endloop
  endfacet
  facet normal 0.724281 -0.689505 0
    outer loop
      vertex 48.2979 -16.2979 -7.62939e-07
      vertex 48.2404 -16.3583 1.2
      vertex 48.2404 -16.3583 -7.62939e-07
    endloop
  endfacet
  facet normal 0.84509 -0.534624 0
    outer loop
      vertex 48.0419 -16.626 1.2
      vertex 48.0865 -16.5555 -7.62939e-07
      vertex 48.0865 -16.5555 1.2
    endloop
  endfacet
  facet normal 0.84509 -0.534624 0
    outer loop
      vertex 48.0865 -16.5555 -7.62939e-07
      vertex 48.0419 -16.626 1.2
      vertex 48.0419 -16.626 -7.62939e-07
    endloop
  endfacet
  facet normal 0.893467 -0.449129 0
    outer loop
      vertex 47.9632 -16.7732 1.2
      vertex 48.0007 -16.6986 -7.62939e-07
      vertex 48.0007 -16.6986 1.2
    endloop
  endfacet
  facet normal 0.893467 -0.449129 0
    outer loop
      vertex 48.0007 -16.6986 -7.62939e-07
      vertex 47.9632 -16.7732 1.2
      vertex 47.9632 -16.7732 -7.62939e-07
    endloop
  endfacet
  facet normal 0.314069 -0.9494 0
    outer loop
      vertex 48.9273 -15.8994 -7.62939e-07
      vertex 49.0065 -15.8732 1.2
      vertex 48.9273 -15.8994 1.2
    endloop
  endfacet
  facet normal 0.314069 -0.9494 0
    outer loop
      vertex 49.0065 -15.8732 1.2
      vertex 48.9273 -15.8994 -7.62939e-07
      vertex 49.0065 -15.8732 -7.62939e-07
    endloop
  endfacet
  facet normal 0.2182 -0.975904 0
    outer loop
      vertex 49.0869 -15.8509 -7.62939e-07
      vertex 49.1683 -15.8327 1.2
      vertex 49.0869 -15.8509 1.2
    endloop
  endfacet
  facet normal 0.2182 -0.975904 0
    outer loop
      vertex 49.1683 -15.8327 1.2
      vertex 49.0869 -15.8509 -7.62939e-07
      vertex 49.1683 -15.8327 -7.62939e-07
    endloop
  endfacet
  facet normal 0.122264 -0.992498 0
    outer loop
      vertex 49.2506 -15.8184 -7.62939e-07
      vertex 49.3334 -15.8082 1.2
      vertex 49.2506 -15.8184 1.2
    endloop
  endfacet
  facet normal 0.122264 -0.992498 0
    outer loop
      vertex 49.3334 -15.8082 1.2
      vertex 49.2506 -15.8184 -7.62939e-07
      vertex 49.3334 -15.8082 -7.62939e-07
    endloop
  endfacet
  facet normal 0.0239739 -0.999713 0
    outer loop
      vertex 49.4166 -15.802 -7.62939e-07
      vertex 49.5 -15.8 1.2
      vertex 49.4166 -15.802 1.2
    endloop
  endfacet
  facet normal 0.0239739 -0.999713 0
    outer loop
      vertex 49.5 -15.8 1.2
      vertex 49.4166 -15.802 -7.62939e-07
      vertex 49.5 -15.8 -7.62939e-07
    endloop
  endfacet
  facet normal 0.493557 -0.869714 0
    outer loop
      vertex 48.626 -16.0419 -7.62939e-07
      vertex 48.6986 -16.0007 1.2
      vertex 48.626 -16.0419 1.2
    endloop
  endfacet
  facet normal 0.493557 -0.869714 0
    outer loop
      vertex 48.6986 -16.0007 1.2
      vertex 48.626 -16.0419 -7.62939e-07
      vertex 48.6986 -16.0007 -7.62939e-07
    endloop
  endfacet
  facet normal 0.405471 -0.914108 0
    outer loop
      vertex 48.7732 -15.9632 -7.62939e-07
      vertex 48.8494 -15.9294 1.2
      vertex 48.7732 -15.9632 1.2
    endloop
  endfacet
  facet normal 0.405471 -0.914108 0
    outer loop
      vertex 48.8494 -15.9294 1.2
      vertex 48.7732 -15.9632 -7.62939e-07
      vertex 48.8494 -15.9294 -7.62939e-07
    endloop
  endfacet
  facet normal 0.575553 -0.817765 0
    outer loop
      vertex 48.4873 -16.1345 -7.62939e-07
      vertex 48.5555 -16.0865 1.2
      vertex 48.4873 -16.1345 1.2
    endloop
  endfacet
  facet normal 0.575553 -0.817765 0
    outer loop
      vertex 48.5555 -16.0865 1.2
      vertex 48.4873 -16.1345 -7.62939e-07
      vertex 48.5555 -16.0865 -7.62939e-07
    endloop
  endfacet
  facet normal 0.653058 -0.757308 0
    outer loop
      vertex 48.3583 -16.2404 -7.62939e-07
      vertex 48.4215 -16.1859 1.2
      vertex 48.3583 -16.2404 1.2
    endloop
  endfacet
  facet normal 0.653058 -0.757308 0
    outer loop
      vertex 48.4215 -16.1859 1.2
      vertex 48.3583 -16.2404 -7.62939e-07
      vertex 48.4215 -16.1859 -7.62939e-07
    endloop
  endfacet
  facet normal -0.992498 -0.122264 0
    outer loop
      vertex 51.1918 -17.3334 -7.62939e-07
      vertex 51.1816 -17.2506 1.2
      vertex 51.1816 -17.2506 -7.62939e-07
    endloop
  endfacet
  facet normal -0.992498 -0.122264 0
    outer loop
      vertex 51.1816 -17.2506 1.2
      vertex 51.1918 -17.3334 -7.62939e-07
      vertex 51.1918 -17.3334 1.2
    endloop
  endfacet
  facet normal -0.788061 -0.615598 0
    outer loop
      vertex 50.8655 -16.4873 -7.62939e-07
      vertex 50.8141 -16.4215 1.2
      vertex 50.8141 -16.4215 -7.62939e-07
    endloop
  endfacet
  facet normal -0.788061 -0.615598 0
    outer loop
      vertex 50.8141 -16.4215 1.2
      vertex 50.8655 -16.4873 -7.62939e-07
      vertex 50.8655 -16.4873 1.2
    endloop
  endfacet
  facet normal -0.757308 -0.653058 0
    outer loop
      vertex 50.8141 -16.4215 -7.62939e-07
      vertex 50.7596 -16.3583 1.2
      vertex 50.7596 -16.3583 -7.62939e-07
    endloop
  endfacet
  facet normal -0.757308 -0.653058 0
    outer loop
      vertex 50.7596 -16.3583 1.2
      vertex 50.8141 -16.4215 -7.62939e-07
      vertex 50.8141 -16.4215 1.2
    endloop
  endfacet
  facet normal -0.817765 -0.575553 0
    outer loop
      vertex 50.9135 -16.5555 -7.62939e-07
      vertex 50.8655 -16.4873 1.2
      vertex 50.8655 -16.4873 -7.62939e-07
    endloop
  endfacet
  facet normal -0.817765 -0.575553 0
    outer loop
      vertex 50.8655 -16.4873 1.2
      vertex 50.9135 -16.5555 -7.62939e-07
      vertex 50.9135 -16.5555 1.2
    endloop
  endfacet
  facet normal -0.893467 -0.449129 0
    outer loop
      vertex 51.0368 -16.7732 -7.62939e-07
      vertex 50.9993 -16.6986 1.2
      vertex 50.9993 -16.6986 -7.62939e-07
    endloop
  endfacet
  facet normal -0.893467 -0.449129 0
    outer loop
      vertex 50.9993 -16.6986 1.2
      vertex 51.0368 -16.7732 -7.62939e-07
      vertex 51.0368 -16.7732 1.2
    endloop
  endfacet
  facet normal -0.9494 -0.314069 0
    outer loop
      vertex 51.1268 -17.0065 -7.62939e-07
      vertex 51.1006 -16.9273 1.2
      vertex 51.1006 -16.9273 -7.62939e-07
    endloop
  endfacet
  facet normal -0.9494 -0.314069 0
    outer loop
      vertex 51.1006 -16.9273 1.2
      vertex 51.1268 -17.0065 -7.62939e-07
      vertex 51.1268 -17.0065 1.2
    endloop
  endfacet
  facet normal -0.933191 -0.35938 0
    outer loop
      vertex 51.1006 -16.9273 -7.62939e-07
      vertex 51.0706 -16.8494 1.2
      vertex 51.0706 -16.8494 -7.62939e-07
    endloop
  endfacet
  facet normal -0.933191 -0.35938 0
    outer loop
      vertex 51.0706 -16.8494 1.2
      vertex 51.1006 -16.9273 -7.62939e-07
      vertex 51.1006 -16.9273 1.2
    endloop
  endfacet
  facet normal -0.963621 -0.267273 0
    outer loop
      vertex 51.1491 -17.0869 -7.62939e-07
      vertex 51.1268 -17.0065 1.2
      vertex 51.1268 -17.0065 -7.62939e-07
    endloop
  endfacet
  facet normal -0.963621 -0.267273 0
    outer loop
      vertex 51.1268 -17.0065 1.2
      vertex 51.1491 -17.0869 -7.62939e-07
      vertex 51.1491 -17.0869 1.2
    endloop
  endfacet
  facet normal -0.985238 -0.17119 0
    outer loop
      vertex 51.1816 -17.2506 -7.62939e-07
      vertex 51.1673 -17.1683 1.2
      vertex 51.1673 -17.1683 -7.62939e-07
    endloop
  endfacet
  facet normal -0.985238 -0.17119 0
    outer loop
      vertex 51.1673 -17.1683 1.2
      vertex 51.1816 -17.2506 -7.62939e-07
      vertex 51.1816 -17.2506 1.2
    endloop
  endfacet
  facet normal -0.997235 -0.0743132 0
    outer loop
      vertex 51.198 -17.4166 -7.62939e-07
      vertex 51.1918 -17.3334 1.2
      vertex 51.1918 -17.3334 -7.62939e-07
    endloop
  endfacet
  facet normal -0.997235 -0.0743132 0
    outer loop
      vertex 51.1918 -17.3334 1.2
      vertex 51.198 -17.4166 -7.62939e-07
      vertex 51.198 -17.4166 1.2
    endloop
  endfacet
  facet normal -0.653058 -0.757308 0
    outer loop
      vertex 50.5785 -16.1859 -7.62939e-07
      vertex 50.6417 -16.2404 1.2
      vertex 50.5785 -16.1859 1.2
    endloop
  endfacet
  facet normal -0.653058 -0.757308 -0
    outer loop
      vertex 50.6417 -16.2404 1.2
      vertex 50.5785 -16.1859 -7.62939e-07
      vertex 50.6417 -16.2404 -7.62939e-07
    endloop
  endfacet
  facet normal -0.493557 -0.869714 0
    outer loop
      vertex 50.3014 -16.0007 -7.62939e-07
      vertex 50.374 -16.0419 1.2
      vertex 50.3014 -16.0007 1.2
    endloop
  endfacet
  facet normal -0.493557 -0.869714 -0
    outer loop
      vertex 50.374 -16.0419 1.2
      vertex 50.3014 -16.0007 -7.62939e-07
      vertex 50.374 -16.0419 -7.62939e-07
    endloop
  endfacet
  facet normal -0.449129 -0.893467 0
    outer loop
      vertex 50.2268 -15.9632 -7.62939e-07
      vertex 50.3014 -16.0007 1.2
      vertex 50.2268 -15.9632 1.2
    endloop
  endfacet
  facet normal -0.449129 -0.893467 -0
    outer loop
      vertex 50.3014 -16.0007 1.2
      vertex 50.2268 -15.9632 -7.62939e-07
      vertex 50.3014 -16.0007 -7.62939e-07
    endloop
  endfacet
  facet normal -0.534624 -0.84509 0
    outer loop
      vertex 50.374 -16.0419 -7.62939e-07
      vertex 50.4445 -16.0865 1.2
      vertex 50.374 -16.0419 1.2
    endloop
  endfacet
  facet normal -0.534624 -0.84509 -0
    outer loop
      vertex 50.4445 -16.0865 1.2
      vertex 50.374 -16.0419 -7.62939e-07
      vertex 50.4445 -16.0865 -7.62939e-07
    endloop
  endfacet
  facet normal -0.615598 -0.788061 0
    outer loop
      vertex 50.5127 -16.1345 -7.62939e-07
      vertex 50.5785 -16.1859 1.2
      vertex 50.5127 -16.1345 1.2
    endloop
  endfacet
  facet normal -0.615598 -0.788061 -0
    outer loop
      vertex 50.5785 -16.1859 1.2
      vertex 50.5127 -16.1345 -7.62939e-07
      vertex 50.5785 -16.1859 -7.62939e-07
    endloop
  endfacet
  facet normal -0.689505 -0.724281 0
    outer loop
      vertex 50.6417 -16.2404 -7.62939e-07
      vertex 50.7021 -16.2979 1.2
      vertex 50.6417 -16.2404 1.2
    endloop
  endfacet
  facet normal -0.689505 -0.724281 -0
    outer loop
      vertex 50.7021 -16.2979 1.2
      vertex 50.6417 -16.2404 -7.62939e-07
      vertex 50.7021 -16.2979 -7.62939e-07
    endloop
  endfacet
  facet normal -0.314069 -0.9494 0
    outer loop
      vertex 49.9935 -15.8732 -7.62939e-07
      vertex 50.0727 -15.8994 1.2
      vertex 49.9935 -15.8732 1.2
    endloop
  endfacet
  facet normal -0.314069 -0.9494 -0
    outer loop
      vertex 50.0727 -15.8994 1.2
      vertex 49.9935 -15.8732 -7.62939e-07
      vertex 50.0727 -15.8994 -7.62939e-07
    endloop
  endfacet
  facet normal -0.267273 -0.963621 0
    outer loop
      vertex 49.9131 -15.8509 -7.62939e-07
      vertex 49.9935 -15.8732 1.2
      vertex 49.9131 -15.8509 1.2
    endloop
  endfacet
  facet normal -0.267273 -0.963621 -0
    outer loop
      vertex 49.9935 -15.8732 1.2
      vertex 49.9131 -15.8509 -7.62939e-07
      vertex 49.9935 -15.8732 -7.62939e-07
    endloop
  endfacet
  facet normal -0.35938 -0.933191 0
    outer loop
      vertex 50.0727 -15.8994 -7.62939e-07
      vertex 50.1506 -15.9294 1.2
      vertex 50.0727 -15.8994 1.2
    endloop
  endfacet
  facet normal -0.35938 -0.933191 -0
    outer loop
      vertex 50.1506 -15.9294 1.2
      vertex 50.0727 -15.8994 -7.62939e-07
      vertex 50.1506 -15.9294 -7.62939e-07
    endloop
  endfacet
  facet normal -0.17119 -0.985238 0
    outer loop
      vertex 49.7494 -15.8184 -7.62939e-07
      vertex 49.8317 -15.8327 1.2
      vertex 49.7494 -15.8184 1.2
    endloop
  endfacet
  facet normal -0.17119 -0.985238 -0
    outer loop
      vertex 49.8317 -15.8327 1.2
      vertex 49.7494 -15.8184 -7.62939e-07
      vertex 49.8317 -15.8327 -7.62939e-07
    endloop
  endfacet
  facet normal -0.0743132 -0.997235 0
    outer loop
      vertex 49.5834 -15.802 -7.62939e-07
      vertex 49.6666 -15.8082 1.2
      vertex 49.5834 -15.802 1.2
    endloop
  endfacet
  facet normal -0.0743132 -0.997235 -0
    outer loop
      vertex 49.6666 -15.8082 1.2
      vertex 49.5834 -15.802 -7.62939e-07
      vertex 49.6666 -15.8082 -7.62939e-07
    endloop
  endfacet
  facet normal 0.999713 0.0239739 0
    outer loop
      vertex 47.802 -17.5834 1.2
      vertex 47.8 -17.5 -7.62939e-07
      vertex 47.8 -17.5 1.2
    endloop
  endfacet
  facet normal 0.999713 0.0239739 0
    outer loop
      vertex 47.8 -17.5 -7.62939e-07
      vertex 47.802 -17.5834 1.2
      vertex 47.802 -17.5834 -7.62939e-07
    endloop
  endfacet
  facet normal 0.869714 0.493557 0
    outer loop
      vertex 48.0419 -18.374 1.2
      vertex 48.0007 -18.3014 -7.62939e-07
      vertex 48.0007 -18.3014 1.2
    endloop
  endfacet
  facet normal 0.869714 0.493557 0
    outer loop
      vertex 48.0007 -18.3014 -7.62939e-07
      vertex 48.0419 -18.374 1.2
      vertex 48.0419 -18.374 -7.62939e-07
    endloop
  endfacet
  facet normal 0.933191 0.35938 0
    outer loop
      vertex 47.9294 -18.1506 1.2
      vertex 47.8994 -18.0727 -7.62939e-07
      vertex 47.8994 -18.0727 1.2
    endloop
  endfacet
  facet normal 0.933191 0.35938 0
    outer loop
      vertex 47.8994 -18.0727 -7.62939e-07
      vertex 47.9294 -18.1506 1.2
      vertex 47.9294 -18.1506 -7.62939e-07
    endloop
  endfacet
  facet normal 0.757308 0.653058 0
    outer loop
      vertex 48.2404 -18.6417 1.2
      vertex 48.1859 -18.5785 -7.62939e-07
      vertex 48.1859 -18.5785 1.2
    endloop
  endfacet
  facet normal 0.757308 0.653058 0
    outer loop
      vertex 48.1859 -18.5785 -7.62939e-07
      vertex 48.2404 -18.6417 1.2
      vertex 48.2404 -18.6417 -7.62939e-07
    endloop
  endfacet
  facet normal 0.449129 0.893467 -0
    outer loop
      vertex 48.7732 -19.0368 -7.62939e-07
      vertex 48.6986 -18.9993 1.2
      vertex 48.7732 -19.0368 1.2
    endloop
  endfacet
  facet normal 0.449129 0.893467 0
    outer loop
      vertex 48.6986 -18.9993 1.2
      vertex 48.7732 -19.0368 -7.62939e-07
      vertex 48.6986 -18.9993 -7.62939e-07
    endloop
  endfacet
  facet normal -0.17119 0.985238 0
    outer loop
      vertex 49.8317 -19.1673 -7.62939e-07
      vertex 49.7494 -19.1816 1.2
      vertex 49.8317 -19.1673 1.2
    endloop
  endfacet
  facet normal -0.17119 0.985238 0
    outer loop
      vertex 49.7494 -19.1816 1.2
      vertex 49.8317 -19.1673 -7.62939e-07
      vertex 49.7494 -19.1816 -7.62939e-07
    endloop
  endfacet
  facet normal 0.2182 0.975904 -0
    outer loop
      vertex 49.1683 -19.1673 -7.62939e-07
      vertex 49.0869 -19.1491 1.2
      vertex 49.1683 -19.1673 1.2
    endloop
  endfacet
  facet normal 0.2182 0.975904 0
    outer loop
      vertex 49.0869 -19.1491 1.2
      vertex 49.1683 -19.1673 -7.62939e-07
      vertex 49.0869 -19.1491 -7.62939e-07
    endloop
  endfacet
  facet normal 0.405471 0.914108 -0
    outer loop
      vertex 48.8494 -19.0706 -7.62939e-07
      vertex 48.7732 -19.0368 1.2
      vertex 48.8494 -19.0706 1.2
    endloop
  endfacet
  facet normal 0.405471 0.914108 0
    outer loop
      vertex 48.7732 -19.0368 1.2
      vertex 48.8494 -19.0706 -7.62939e-07
      vertex 48.7732 -19.0368 -7.62939e-07
    endloop
  endfacet
  facet normal 0.35938 0.933191 -0
    outer loop
      vertex 48.9273 -19.1006 -7.62939e-07
      vertex 48.8494 -19.0706 1.2
      vertex 48.9273 -19.1006 1.2
    endloop
  endfacet
  facet normal 0.35938 0.933191 0
    outer loop
      vertex 48.8494 -19.0706 1.2
      vertex 48.9273 -19.1006 -7.62939e-07
      vertex 48.8494 -19.0706 -7.62939e-07
    endloop
  endfacet
  facet normal 0.992498 -0.122264 0
    outer loop
      vertex 47.8082 -17.3334 1.2
      vertex 47.8184 -17.2506 -7.62939e-07
      vertex 47.8184 -17.2506 1.2
    endloop
  endfacet
  facet normal 0.992498 -0.122264 0
    outer loop
      vertex 47.8184 -17.2506 -7.62939e-07
      vertex 47.8082 -17.3334 1.2
      vertex 47.8082 -17.3334 -7.62939e-07
    endloop
  endfacet
  facet normal 0.975904 -0.2182 0
    outer loop
      vertex 47.8327 -17.1683 1.2
      vertex 47.8509 -17.0869 -7.62939e-07
      vertex 47.8509 -17.0869 1.2
    endloop
  endfacet
  facet normal 0.975904 -0.2182 0
    outer loop
      vertex 47.8509 -17.0869 -7.62939e-07
      vertex 47.8327 -17.1683 1.2
      vertex 47.8327 -17.1683 -7.62939e-07
    endloop
  endfacet
  facet normal 0.914108 -0.405471 0
    outer loop
      vertex 47.9294 -16.8494 1.2
      vertex 47.9632 -16.7732 -7.62939e-07
      vertex 47.9632 -16.7732 1.2
    endloop
  endfacet
  facet normal 0.914108 -0.405471 0
    outer loop
      vertex 47.9632 -16.7732 -7.62939e-07
      vertex 47.9294 -16.8494 1.2
      vertex 47.9294 -16.8494 -7.62939e-07
    endloop
  endfacet
  facet normal 0.9494 -0.314069 0
    outer loop
      vertex 47.8732 -17.0065 1.2
      vertex 47.8994 -16.9273 -7.62939e-07
      vertex 47.8994 -16.9273 1.2
    endloop
  endfacet
  facet normal 0.9494 -0.314069 0
    outer loop
      vertex 47.8994 -16.9273 -7.62939e-07
      vertex 47.8732 -17.0065 1.2
      vertex 47.8732 -17.0065 -7.62939e-07
    endloop
  endfacet
  facet normal 0.757308 -0.653058 0
    outer loop
      vertex 48.1859 -16.4215 1.2
      vertex 48.2404 -16.3583 -7.62939e-07
      vertex 48.2404 -16.3583 1.2
    endloop
  endfacet
  facet normal 0.757308 -0.653058 0
    outer loop
      vertex 48.2404 -16.3583 -7.62939e-07
      vertex 48.1859 -16.4215 1.2
      vertex 48.1859 -16.4215 -7.62939e-07
    endloop
  endfacet
  facet normal 0.689505 -0.724281 0
    outer loop
      vertex 48.2979 -16.2979 -7.62939e-07
      vertex 48.3583 -16.2404 1.2
      vertex 48.2979 -16.2979 1.2
    endloop
  endfacet
  facet normal 0.689505 -0.724281 0
    outer loop
      vertex 48.3583 -16.2404 1.2
      vertex 48.2979 -16.2979 -7.62939e-07
      vertex 48.3583 -16.2404 -7.62939e-07
    endloop
  endfacet
  facet normal 0.817765 -0.575553 0
    outer loop
      vertex 48.0865 -16.5555 1.2
      vertex 48.1345 -16.4873 -7.62939e-07
      vertex 48.1345 -16.4873 1.2
    endloop
  endfacet
  facet normal 0.817765 -0.575553 0
    outer loop
      vertex 48.1345 -16.4873 -7.62939e-07
      vertex 48.0865 -16.5555 1.2
      vertex 48.0865 -16.5555 -7.62939e-07
    endloop
  endfacet
  facet normal 0.869714 -0.493557 0
    outer loop
      vertex 48.0007 -16.6986 1.2
      vertex 48.0419 -16.626 -7.62939e-07
      vertex 48.0419 -16.626 1.2
    endloop
  endfacet
  facet normal 0.869714 -0.493557 0
    outer loop
      vertex 48.0419 -16.626 -7.62939e-07
      vertex 48.0007 -16.6986 1.2
      vertex 48.0007 -16.6986 -7.62939e-07
    endloop
  endfacet
  facet normal 0.267273 -0.963621 0
    outer loop
      vertex 49.0065 -15.8732 -7.62939e-07
      vertex 49.0869 -15.8509 1.2
      vertex 49.0065 -15.8732 1.2
    endloop
  endfacet
  facet normal 0.267273 -0.963621 0
    outer loop
      vertex 49.0869 -15.8509 1.2
      vertex 49.0065 -15.8732 -7.62939e-07
      vertex 49.0869 -15.8509 -7.62939e-07
    endloop
  endfacet
  facet normal 0.17119 -0.985238 0
    outer loop
      vertex 49.1683 -15.8327 -7.62939e-07
      vertex 49.2506 -15.8184 1.2
      vertex 49.1683 -15.8327 1.2
    endloop
  endfacet
  facet normal 0.17119 -0.985238 0
    outer loop
      vertex 49.2506 -15.8184 1.2
      vertex 49.1683 -15.8327 -7.62939e-07
      vertex 49.2506 -15.8184 -7.62939e-07
    endloop
  endfacet
  facet normal 0.0743132 -0.997235 0
    outer loop
      vertex 49.3334 -15.8082 -7.62939e-07
      vertex 49.4166 -15.802 1.2
      vertex 49.3334 -15.8082 1.2
    endloop
  endfacet
  facet normal 0.0743132 -0.997235 0
    outer loop
      vertex 49.4166 -15.802 1.2
      vertex 49.3334 -15.8082 -7.62939e-07
      vertex 49.4166 -15.802 -7.62939e-07
    endloop
  endfacet
  facet normal 0.449129 -0.893467 0
    outer loop
      vertex 48.6986 -16.0007 -7.62939e-07
      vertex 48.7732 -15.9632 1.2
      vertex 48.6986 -16.0007 1.2
    endloop
  endfacet
  facet normal 0.449129 -0.893467 0
    outer loop
      vertex 48.7732 -15.9632 1.2
      vertex 48.6986 -16.0007 -7.62939e-07
      vertex 48.7732 -15.9632 -7.62939e-07
    endloop
  endfacet
  facet normal 0.35938 -0.933191 0
    outer loop
      vertex 48.8494 -15.9294 -7.62939e-07
      vertex 48.9273 -15.8994 1.2
      vertex 48.8494 -15.9294 1.2
    endloop
  endfacet
  facet normal 0.35938 -0.933191 0
    outer loop
      vertex 48.9273 -15.8994 1.2
      vertex 48.8494 -15.9294 -7.62939e-07
      vertex 48.9273 -15.8994 -7.62939e-07
    endloop
  endfacet
  facet normal 0.534624 -0.84509 0
    outer loop
      vertex 48.5555 -16.0865 -7.62939e-07
      vertex 48.626 -16.0419 1.2
      vertex 48.5555 -16.0865 1.2
    endloop
  endfacet
  facet normal 0.534624 -0.84509 0
    outer loop
      vertex 48.626 -16.0419 1.2
      vertex 48.5555 -16.0865 -7.62939e-07
      vertex 48.626 -16.0419 -7.62939e-07
    endloop
  endfacet
  facet normal 0.615598 -0.788061 0
    outer loop
      vertex 48.4215 -16.1859 -7.62939e-07
      vertex 48.4873 -16.1345 1.2
      vertex 48.4215 -16.1859 1.2
    endloop
  endfacet
  facet normal 0.615598 -0.788061 0
    outer loop
      vertex 48.4873 -16.1345 1.2
      vertex 48.4215 -16.1859 -7.62939e-07
      vertex 48.4873 -16.1345 -7.62939e-07
    endloop
  endfacet
  facet normal 0.992498 0.122264 0
    outer loop
      vertex 47.8184 -17.7494 1.2
      vertex 47.8082 -17.6666 -7.62939e-07
      vertex 47.8082 -17.6666 1.2
    endloop
  endfacet
  facet normal 0.992498 0.122264 0
    outer loop
      vertex 47.8082 -17.6666 -7.62939e-07
      vertex 47.8184 -17.7494 1.2
      vertex 47.8184 -17.7494 -7.62939e-07
    endloop
  endfacet
  facet normal 0.9494 0.314069 0
    outer loop
      vertex 47.8994 -18.0727 1.2
      vertex 47.8732 -17.9935 -7.62939e-07
      vertex 47.8732 -17.9935 1.2
    endloop
  endfacet
  facet normal 0.9494 0.314069 0
    outer loop
      vertex 47.8732 -17.9935 -7.62939e-07
      vertex 47.8994 -18.0727 1.2
      vertex 47.8994 -18.0727 -7.62939e-07
    endloop
  endfacet
  facet normal 0.975904 0.2182 0
    outer loop
      vertex 47.8509 -17.9131 1.2
      vertex 47.8327 -17.8317 -7.62939e-07
      vertex 47.8327 -17.8317 1.2
    endloop
  endfacet
  facet normal 0.975904 0.2182 0
    outer loop
      vertex 47.8327 -17.8317 -7.62939e-07
      vertex 47.8509 -17.9131 1.2
      vertex 47.8509 -17.9131 -7.62939e-07
    endloop
  endfacet
  facet normal 0.534624 0.84509 -0
    outer loop
      vertex 48.626 -18.9581 -7.62939e-07
      vertex 48.5555 -18.9135 1.2
      vertex 48.626 -18.9581 1.2
    endloop
  endfacet
  facet normal 0.534624 0.84509 0
    outer loop
      vertex 48.5555 -18.9135 1.2
      vertex 48.626 -18.9581 -7.62939e-07
      vertex 48.5555 -18.9135 -7.62939e-07
    endloop
  endfacet
  facet normal -0.35938 0.933191 0
    outer loop
      vertex 50.1506 -19.0706 -7.62939e-07
      vertex 50.0727 -19.1006 1.2
      vertex 50.1506 -19.0706 1.2
    endloop
  endfacet
  facet normal -0.35938 0.933191 0
    outer loop
      vertex 50.0727 -19.1006 1.2
      vertex 50.1506 -19.0706 -7.62939e-07
      vertex 50.0727 -19.1006 -7.62939e-07
    endloop
  endfacet
  facet normal -0.0743132 0.997235 0
    outer loop
      vertex 49.6666 -19.1918 -7.62939e-07
      vertex 49.5834 -19.198 1.2
      vertex 49.6666 -19.1918 1.2
    endloop
  endfacet
  facet normal -0.0743132 0.997235 0
    outer loop
      vertex 49.5834 -19.198 1.2
      vertex 49.6666 -19.1918 -7.62939e-07
      vertex 49.5834 -19.198 -7.62939e-07
    endloop
  endfacet
  facet normal -0.724281 0.689505 0
    outer loop
      vertex 50.7021 -18.7021 -7.62939e-07
      vertex 50.7596 -18.6417 1.2
      vertex 50.7596 -18.6417 -7.62939e-07
    endloop
  endfacet
  facet normal -0.724281 0.689505 0
    outer loop
      vertex 50.7596 -18.6417 1.2
      vertex 50.7021 -18.7021 -7.62939e-07
      vertex 50.7021 -18.7021 1.2
    endloop
  endfacet
  facet normal -0.933191 0.35938 0
    outer loop
      vertex 51.0706 -18.1506 -7.62939e-07
      vertex 51.1006 -18.0727 1.2
      vertex 51.1006 -18.0727 -7.62939e-07
    endloop
  endfacet
  facet normal -0.933191 0.35938 0
    outer loop
      vertex 51.1006 -18.0727 1.2
      vertex 51.0706 -18.1506 -7.62939e-07
      vertex 51.0706 -18.1506 1.2
    endloop
  endfacet
  facet normal -0.985238 0.17119 0
    outer loop
      vertex 51.1673 -17.8317 -7.62939e-07
      vertex 51.1816 -17.7494 1.2
      vertex 51.1816 -17.7494 -7.62939e-07
    endloop
  endfacet
  facet normal -0.985238 0.17119 0
    outer loop
      vertex 51.1816 -17.7494 1.2
      vertex 51.1673 -17.8317 -7.62939e-07
      vertex 51.1673 -17.8317 1.2
    endloop
  endfacet
  facet normal 0.997235 0.0743132 0
    outer loop
      vertex 47.8082 -17.6666 1.2
      vertex 47.802 -17.5834 -7.62939e-07
      vertex 47.802 -17.5834 1.2
    endloop
  endfacet
  facet normal 0.997235 0.0743132 0
    outer loop
      vertex 47.802 -17.5834 -7.62939e-07
      vertex 47.8082 -17.6666 1.2
      vertex 47.8082 -17.6666 -7.62939e-07
    endloop
  endfacet
  facet normal 0.963621 0.267273 0
    outer loop
      vertex 47.8732 -17.9935 1.2
      vertex 47.8509 -17.9131 -7.62939e-07
      vertex 47.8509 -17.9131 1.2
    endloop
  endfacet
  facet normal 0.963621 0.267273 0
    outer loop
      vertex 47.8509 -17.9131 -7.62939e-07
      vertex 47.8732 -17.9935 1.2
      vertex 47.8732 -17.9935 -7.62939e-07
    endloop
  endfacet
  facet normal 0.914108 0.405471 0
    outer loop
      vertex 47.9632 -18.2268 1.2
      vertex 47.9294 -18.1506 -7.62939e-07
      vertex 47.9294 -18.1506 1.2
    endloop
  endfacet
  facet normal 0.914108 0.405471 0
    outer loop
      vertex 47.9294 -18.1506 -7.62939e-07
      vertex 47.9632 -18.2268 1.2
      vertex 47.9632 -18.2268 -7.62939e-07
    endloop
  endfacet
  facet normal 0.893467 0.449129 0
    outer loop
      vertex 48.0007 -18.3014 1.2
      vertex 47.9632 -18.2268 -7.62939e-07
      vertex 47.9632 -18.2268 1.2
    endloop
  endfacet
  facet normal 0.893467 0.449129 0
    outer loop
      vertex 47.9632 -18.2268 -7.62939e-07
      vertex 48.0007 -18.3014 1.2
      vertex 48.0007 -18.3014 -7.62939e-07
    endloop
  endfacet
  facet normal 0.985238 0.17119 0
    outer loop
      vertex 47.8327 -17.8317 1.2
      vertex 47.8184 -17.7494 -7.62939e-07
      vertex 47.8184 -17.7494 1.2
    endloop
  endfacet
  facet normal 0.985238 0.17119 0
    outer loop
      vertex 47.8184 -17.7494 -7.62939e-07
      vertex 47.8327 -17.8317 1.2
      vertex 47.8327 -17.8317 -7.62939e-07
    endloop
  endfacet
  facet normal 0.84509 0.534624 0
    outer loop
      vertex 48.0865 -18.4445 1.2
      vertex 48.0419 -18.374 -7.62939e-07
      vertex 48.0419 -18.374 1.2
    endloop
  endfacet
  facet normal 0.84509 0.534624 0
    outer loop
      vertex 48.0419 -18.374 -7.62939e-07
      vertex 48.0865 -18.4445 1.2
      vertex 48.0865 -18.4445 -7.62939e-07
    endloop
  endfacet
  facet normal 0.817765 0.575553 0
    outer loop
      vertex 48.1345 -18.5127 1.2
      vertex 48.0865 -18.4445 -7.62939e-07
      vertex 48.0865 -18.4445 1.2
    endloop
  endfacet
  facet normal 0.817765 0.575553 0
    outer loop
      vertex 48.0865 -18.4445 -7.62939e-07
      vertex 48.1345 -18.5127 1.2
      vertex 48.1345 -18.5127 -7.62939e-07
    endloop
  endfacet
  facet normal 0.788061 0.615598 0
    outer loop
      vertex 48.1859 -18.5785 1.2
      vertex 48.1345 -18.5127 -7.62939e-07
      vertex 48.1345 -18.5127 1.2
    endloop
  endfacet
  facet normal 0.788061 0.615598 0
    outer loop
      vertex 48.1345 -18.5127 -7.62939e-07
      vertex 48.1859 -18.5785 1.2
      vertex 48.1859 -18.5785 -7.62939e-07
    endloop
  endfacet
  facet normal 0.689505 0.724281 -0
    outer loop
      vertex 48.3583 -18.7596 -7.62939e-07
      vertex 48.2979 -18.7021 1.2
      vertex 48.3583 -18.7596 1.2
    endloop
  endfacet
  facet normal 0.689505 0.724281 0
    outer loop
      vertex 48.2979 -18.7021 1.2
      vertex 48.3583 -18.7596 -7.62939e-07
      vertex 48.2979 -18.7021 -7.62939e-07
    endloop
  endfacet
  facet normal 0.615598 0.788061 -0
    outer loop
      vertex 48.4873 -18.8655 -7.62939e-07
      vertex 48.4215 -18.8141 1.2
      vertex 48.4873 -18.8655 1.2
    endloop
  endfacet
  facet normal 0.615598 0.788061 0
    outer loop
      vertex 48.4215 -18.8141 1.2
      vertex 48.4873 -18.8655 -7.62939e-07
      vertex 48.4215 -18.8141 -7.62939e-07
    endloop
  endfacet
  facet normal -0.0239739 0.999713 0
    outer loop
      vertex 49.5834 -19.198 -7.62939e-07
      vertex 49.5 -19.2 1.2
      vertex 49.5834 -19.198 1.2
    endloop
  endfacet
  facet normal -0.0239739 0.999713 0
    outer loop
      vertex 49.5 -19.2 1.2
      vertex 49.5834 -19.198 -7.62939e-07
      vertex 49.5 -19.2 -7.62939e-07
    endloop
  endfacet
  facet normal -0.575553 0.817765 0
    outer loop
      vertex 50.5127 -18.8655 -7.62939e-07
      vertex 50.4445 -18.9135 1.2
      vertex 50.5127 -18.8655 1.2
    endloop
  endfacet
  facet normal -0.575553 0.817765 0
    outer loop
      vertex 50.4445 -18.9135 1.2
      vertex 50.5127 -18.8655 -7.62939e-07
      vertex 50.4445 -18.9135 -7.62939e-07
    endloop
  endfacet
  facet normal -0.817765 0.575553 0
    outer loop
      vertex 50.8655 -18.5127 -7.62939e-07
      vertex 50.9135 -18.4445 1.2
      vertex 50.9135 -18.4445 -7.62939e-07
    endloop
  endfacet
  facet normal -0.817765 0.575553 0
    outer loop
      vertex 50.9135 -18.4445 1.2
      vertex 50.8655 -18.5127 -7.62939e-07
      vertex 50.8655 -18.5127 1.2
    endloop
  endfacet
  facet normal -0.689505 0.724281 0
    outer loop
      vertex 50.7021 -18.7021 -7.62939e-07
      vertex 50.6417 -18.7596 1.2
      vertex 50.7021 -18.7021 1.2
    endloop
  endfacet
  facet normal -0.689505 0.724281 0
    outer loop
      vertex 50.6417 -18.7596 1.2
      vertex 50.7021 -18.7021 -7.62939e-07
      vertex 50.6417 -18.7596 -7.62939e-07
    endloop
  endfacet
  facet normal -0.963621 0.267273 0
    outer loop
      vertex 51.1268 -17.9935 -7.62939e-07
      vertex 51.1491 -17.9131 1.2
      vertex 51.1491 -17.9131 -7.62939e-07
    endloop
  endfacet
  facet normal -0.963621 0.267273 0
    outer loop
      vertex 51.1491 -17.9131 1.2
      vertex 51.1268 -17.9935 -7.62939e-07
      vertex 51.1268 -17.9935 1.2
    endloop
  endfacet
  facet normal -0.975904 0.2182 0
    outer loop
      vertex 51.1491 -17.9131 -7.62939e-07
      vertex 51.1673 -17.8317 1.2
      vertex 51.1673 -17.8317 -7.62939e-07
    endloop
  endfacet
  facet normal -0.975904 0.2182 0
    outer loop
      vertex 51.1673 -17.8317 1.2
      vertex 51.1491 -17.9131 -7.62939e-07
      vertex 51.1491 -17.9131 1.2
    endloop
  endfacet
  facet normal -0.9494 0.314069 0
    outer loop
      vertex 51.1006 -18.0727 -7.62939e-07
      vertex 51.1268 -17.9935 1.2
      vertex 51.1268 -17.9935 -7.62939e-07
    endloop
  endfacet
  facet normal -0.9494 0.314069 0
    outer loop
      vertex 51.1268 -17.9935 1.2
      vertex 51.1006 -18.0727 -7.62939e-07
      vertex 51.1006 -18.0727 1.2
    endloop
  endfacet
  facet normal -0.992498 0.122264 0
    outer loop
      vertex 51.1816 -17.7494 -7.62939e-07
      vertex 51.1918 -17.6666 1.2
      vertex 51.1918 -17.6666 -7.62939e-07
    endloop
  endfacet
  facet normal -0.992498 0.122264 0
    outer loop
      vertex 51.1918 -17.6666 1.2
      vertex 51.1816 -17.7494 -7.62939e-07
      vertex 51.1816 -17.7494 1.2
    endloop
  endfacet
  facet normal -0.997235 0.0743132 0
    outer loop
      vertex 51.1918 -17.6666 -7.62939e-07
      vertex 51.198 -17.5834 1.2
      vertex 51.198 -17.5834 -7.62939e-07
    endloop
  endfacet
  facet normal -0.997235 0.0743132 0
    outer loop
      vertex 51.198 -17.5834 1.2
      vertex 51.1918 -17.6666 -7.62939e-07
      vertex 51.1918 -17.6666 1.2
    endloop
  endfacet
  facet normal -0.999713 0.0239739 0
    outer loop
      vertex 51.198 -17.5834 -7.62939e-07
      vertex 51.2 -17.5 1.2
      vertex 51.2 -17.5 -7.62939e-07
    endloop
  endfacet
  facet normal -0.999713 0.0239739 0
    outer loop
      vertex 51.2 -17.5 1.2
      vertex 51.198 -17.5834 -7.62939e-07
      vertex 51.198 -17.5834 1.2
    endloop
  endfacet
  facet normal 0.314069 0.9494 -0
    outer loop
      vertex 49.0065 -19.1268 -7.62939e-07
      vertex 48.9273 -19.1006 1.2
      vertex 49.0065 -19.1268 1.2
    endloop
  endfacet
  facet normal 0.314069 0.9494 0
    outer loop
      vertex 48.9273 -19.1006 1.2
      vertex 49.0065 -19.1268 -7.62939e-07
      vertex 48.9273 -19.1006 -7.62939e-07
    endloop
  endfacet
  facet normal 0.267273 0.963621 -0
    outer loop
      vertex 49.0869 -19.1491 -7.62939e-07
      vertex 49.0065 -19.1268 1.2
      vertex 49.0869 -19.1491 1.2
    endloop
  endfacet
  facet normal 0.267273 0.963621 0
    outer loop
      vertex 49.0065 -19.1268 1.2
      vertex 49.0869 -19.1491 -7.62939e-07
      vertex 49.0065 -19.1268 -7.62939e-07
    endloop
  endfacet
  facet normal 0.653058 0.757308 -0
    outer loop
      vertex 48.4215 -18.8141 -7.62939e-07
      vertex 48.3583 -18.7596 1.2
      vertex 48.4215 -18.8141 1.2
    endloop
  endfacet
  facet normal 0.653058 0.757308 0
    outer loop
      vertex 48.3583 -18.7596 1.2
      vertex 48.4215 -18.8141 -7.62939e-07
      vertex 48.3583 -18.7596 -7.62939e-07
    endloop
  endfacet
  facet normal 0.575553 0.817765 -0
    outer loop
      vertex 48.5555 -18.9135 -7.62939e-07
      vertex 48.4873 -18.8655 1.2
      vertex 48.5555 -18.9135 1.2
    endloop
  endfacet
  facet normal 0.575553 0.817765 0
    outer loop
      vertex 48.4873 -18.8655 1.2
      vertex 48.5555 -18.9135 -7.62939e-07
      vertex 48.4873 -18.8655 -7.62939e-07
    endloop
  endfacet
  facet normal 0.493557 0.869714 -0
    outer loop
      vertex 48.6986 -18.9993 -7.62939e-07
      vertex 48.626 -18.9581 1.2
      vertex 48.6986 -18.9993 1.2
    endloop
  endfacet
  facet normal 0.493557 0.869714 0
    outer loop
      vertex 48.626 -18.9581 1.2
      vertex 48.6986 -18.9993 -7.62939e-07
      vertex 48.626 -18.9581 -7.62939e-07
    endloop
  endfacet
  facet normal -0.122264 0.992498 0
    outer loop
      vertex 49.7494 -19.1816 -7.62939e-07
      vertex 49.6666 -19.1918 1.2
      vertex 49.7494 -19.1816 1.2
    endloop
  endfacet
  facet normal -0.122264 0.992498 0
    outer loop
      vertex 49.6666 -19.1918 1.2
      vertex 49.7494 -19.1816 -7.62939e-07
      vertex 49.6666 -19.1918 -7.62939e-07
    endloop
  endfacet
  facet normal -0.2182 0.975904 0
    outer loop
      vertex 49.9131 -19.1491 -7.62939e-07
      vertex 49.8317 -19.1673 1.2
      vertex 49.9131 -19.1491 1.2
    endloop
  endfacet
  facet normal -0.2182 0.975904 0
    outer loop
      vertex 49.8317 -19.1673 1.2
      vertex 49.9131 -19.1491 -7.62939e-07
      vertex 49.8317 -19.1673 -7.62939e-07
    endloop
  endfacet
  facet normal -0.267273 0.963621 0
    outer loop
      vertex 49.9935 -19.1268 -7.62939e-07
      vertex 49.9131 -19.1491 1.2
      vertex 49.9935 -19.1268 1.2
    endloop
  endfacet
  facet normal -0.267273 0.963621 0
    outer loop
      vertex 49.9131 -19.1491 1.2
      vertex 49.9935 -19.1268 -7.62939e-07
      vertex 49.9131 -19.1491 -7.62939e-07
    endloop
  endfacet
  facet normal -0.314069 0.9494 0
    outer loop
      vertex 50.0727 -19.1006 -7.62939e-07
      vertex 49.9935 -19.1268 1.2
      vertex 50.0727 -19.1006 1.2
    endloop
  endfacet
  facet normal -0.314069 0.9494 0
    outer loop
      vertex 49.9935 -19.1268 1.2
      vertex 50.0727 -19.1006 -7.62939e-07
      vertex 49.9935 -19.1268 -7.62939e-07
    endloop
  endfacet
  facet normal -0.757308 0.653058 0
    outer loop
      vertex 50.7596 -18.6417 -7.62939e-07
      vertex 50.8141 -18.5785 1.2
      vertex 50.8141 -18.5785 -7.62939e-07
    endloop
  endfacet
  facet normal -0.757308 0.653058 0
    outer loop
      vertex 50.8141 -18.5785 1.2
      vertex 50.7596 -18.6417 -7.62939e-07
      vertex 50.7596 -18.6417 1.2
    endloop
  endfacet
  facet normal -0.788061 0.615598 0
    outer loop
      vertex 50.8141 -18.5785 -7.62939e-07
      vertex 50.8655 -18.5127 1.2
      vertex 50.8655 -18.5127 -7.62939e-07
    endloop
  endfacet
  facet normal -0.788061 0.615598 0
    outer loop
      vertex 50.8655 -18.5127 1.2
      vertex 50.8141 -18.5785 -7.62939e-07
      vertex 50.8141 -18.5785 1.2
    endloop
  endfacet
  facet normal 0.122264 0.992498 -0
    outer loop
      vertex 49.3334 -19.1918 -7.62939e-07
      vertex 49.2506 -19.1816 1.2
      vertex 49.3334 -19.1918 1.2
    endloop
  endfacet
  facet normal 0.122264 0.992498 0
    outer loop
      vertex 49.2506 -19.1816 1.2
      vertex 49.3334 -19.1918 -7.62939e-07
      vertex 49.2506 -19.1816 -7.62939e-07
    endloop
  endfacet
  facet normal 0.0743132 0.997235 -0
    outer loop
      vertex 49.4166 -19.198 -7.62939e-07
      vertex 49.3334 -19.1918 1.2
      vertex 49.4166 -19.198 1.2
    endloop
  endfacet
  facet normal 0.0743132 0.997235 0
    outer loop
      vertex 49.3334 -19.1918 1.2
      vertex 49.4166 -19.198 -7.62939e-07
      vertex 49.3334 -19.1918 -7.62939e-07
    endloop
  endfacet
  facet normal -0.405471 0.914108 0
    outer loop
      vertex 50.2268 -19.0368 -7.62939e-07
      vertex 50.1506 -19.0706 1.2
      vertex 50.2268 -19.0368 1.2
    endloop
  endfacet
  facet normal -0.405471 0.914108 0
    outer loop
      vertex 50.1506 -19.0706 1.2
      vertex 50.2268 -19.0368 -7.62939e-07
      vertex 50.1506 -19.0706 -7.62939e-07
    endloop
  endfacet
  facet normal -0.449129 0.893467 0
    outer loop
      vertex 50.3014 -18.9993 -7.62939e-07
      vertex 50.2268 -19.0368 1.2
      vertex 50.3014 -18.9993 1.2
    endloop
  endfacet
  facet normal -0.449129 0.893467 0
    outer loop
      vertex 50.2268 -19.0368 1.2
      vertex 50.3014 -18.9993 -7.62939e-07
      vertex 50.2268 -19.0368 -7.62939e-07
    endloop
  endfacet
  facet normal -0.493557 0.869714 0
    outer loop
      vertex 50.374 -18.9581 -7.62939e-07
      vertex 50.3014 -18.9993 1.2
      vertex 50.374 -18.9581 1.2
    endloop
  endfacet
  facet normal -0.493557 0.869714 0
    outer loop
      vertex 50.3014 -18.9993 1.2
      vertex 50.374 -18.9581 -7.62939e-07
      vertex 50.3014 -18.9993 -7.62939e-07
    endloop
  endfacet
  facet normal -0.534624 0.84509 0
    outer loop
      vertex 50.4445 -18.9135 -7.62939e-07
      vertex 50.374 -18.9581 1.2
      vertex 50.4445 -18.9135 1.2
    endloop
  endfacet
  facet normal -0.534624 0.84509 0
    outer loop
      vertex 50.374 -18.9581 1.2
      vertex 50.4445 -18.9135 -7.62939e-07
      vertex 50.374 -18.9581 -7.62939e-07
    endloop
  endfacet
  facet normal -0.615598 0.788061 0
    outer loop
      vertex 50.5785 -18.8141 -7.62939e-07
      vertex 50.5127 -18.8655 1.2
      vertex 50.5785 -18.8141 1.2
    endloop
  endfacet
  facet normal -0.615598 0.788061 0
    outer loop
      vertex 50.5127 -18.8655 1.2
      vertex 50.5785 -18.8141 -7.62939e-07
      vertex 50.5127 -18.8655 -7.62939e-07
    endloop
  endfacet
  facet normal -0.653058 0.757308 0
    outer loop
      vertex 50.6417 -18.7596 -7.62939e-07
      vertex 50.5785 -18.8141 1.2
      vertex 50.6417 -18.7596 1.2
    endloop
  endfacet
  facet normal -0.653058 0.757308 0
    outer loop
      vertex 50.5785 -18.8141 1.2
      vertex 50.6417 -18.7596 -7.62939e-07
      vertex 50.5785 -18.8141 -7.62939e-07
    endloop
  endfacet
  facet normal -0.869714 0.493557 0
    outer loop
      vertex 50.9581 -18.374 -7.62939e-07
      vertex 50.9993 -18.3014 1.2
      vertex 50.9993 -18.3014 -7.62939e-07
    endloop
  endfacet
  facet normal -0.869714 0.493557 0
    outer loop
      vertex 50.9993 -18.3014 1.2
      vertex 50.9581 -18.374 -7.62939e-07
      vertex 50.9581 -18.374 1.2
    endloop
  endfacet
  facet normal -0.893467 0.449129 0
    outer loop
      vertex 50.9993 -18.3014 -7.62939e-07
      vertex 51.0368 -18.2268 1.2
      vertex 51.0368 -18.2268 -7.62939e-07
    endloop
  endfacet
  facet normal -0.893467 0.449129 0
    outer loop
      vertex 51.0368 -18.2268 1.2
      vertex 50.9993 -18.3014 -7.62939e-07
      vertex 50.9993 -18.3014 1.2
    endloop
  endfacet
  facet normal -0.914108 0.405471 0
    outer loop
      vertex 51.0368 -18.2268 -7.62939e-07
      vertex 51.0706 -18.1506 1.2
      vertex 51.0706 -18.1506 -7.62939e-07
    endloop
  endfacet
  facet normal -0.914108 0.405471 0
    outer loop
      vertex 51.0706 -18.1506 1.2
      vertex 51.0368 -18.2268 -7.62939e-07
      vertex 51.0368 -18.2268 1.2
    endloop
  endfacet
  facet normal -0.84509 0.534624 0
    outer loop
      vertex 50.9135 -18.4445 -7.62939e-07
      vertex 50.9581 -18.374 1.2
      vertex 50.9581 -18.374 -7.62939e-07
    endloop
  endfacet
  facet normal -0.84509 0.534624 0
    outer loop
      vertex 50.9581 -18.374 1.2
      vertex 50.9135 -18.4445 -7.62939e-07
      vertex 50.9135 -18.4445 1.2
    endloop
  endfacet
  facet normal 0.0245729 -0.999698 0
    outer loop
      vertex 49.3332 -14.1041 1.2
      vertex 49.5 -14.1 2.5
      vertex 49.3332 -14.1041 2.5
    endloop
  endfacet
  facet normal 0.0245729 -0.999698 0
    outer loop
      vertex 49.5 -14.1 2.5
      vertex 49.3332 -14.1041 1.2
      vertex 49.5 -14.1 1.2
    endloop
  endfacet
  facet normal 0.405026 -0.914305 0
    outer loop
      vertex 48.0463 -14.4264 1.2
      vertex 48.1989 -14.3588 2.5
      vertex 48.0463 -14.4264 2.5
    endloop
  endfacet
  facet normal 0.405026 -0.914305 0
    outer loop
      vertex 48.1989 -14.3588 2.5
      vertex 48.0463 -14.4264 1.2
      vertex 48.1989 -14.3588 1.2
    endloop
  endfacet
  facet normal -0.870228 -0.49265 0
    outer loop
      vertex 52.4985 -15.8973 1.2
      vertex 52.4163 -15.7521 2.5
      vertex 52.4163 -15.7521 1.2
    endloop
  endfacet
  facet normal -0.870228 -0.49265 0
    outer loop
      vertex 52.4163 -15.7521 2.5
      vertex 52.4985 -15.8973 1.2
      vertex 52.4985 -15.8973 2.5
    endloop
  endfacet
  facet normal -0.997282 -0.0736731 0
    outer loop
      vertex 52.8959 -17.3332 1.2
      vertex 52.8836 -17.1667 2.5
      vertex 52.8836 -17.1667 1.2
    endloop
  endfacet
  facet normal -0.997282 -0.0736731 0
    outer loop
      vertex 52.8836 -17.1667 2.5
      vertex 52.8959 -17.3332 1.2
      vertex 52.8959 -17.3332 2.5
    endloop
  endfacet
  facet normal -0.914305 0.405026 0
    outer loop
      vertex 52.5736 -18.9537 1.2
      vertex 52.6412 -18.8011 2.5
      vertex 52.6412 -18.8011 1.2
    endloop
  endfacet
  facet normal -0.914305 0.405026 0
    outer loop
      vertex 52.6412 -18.8011 2.5
      vertex 52.5736 -18.9537 1.2
      vertex 52.5736 -18.9537 2.5
    endloop
  endfacet
  facet normal 0.314069 0.9494 -0
    outer loop
      vertex 48.513 -20.7536 1.2
      vertex 48.3546 -20.7012 2.5
      vertex 48.513 -20.7536 2.5
    endloop
  endfacet
  facet normal 0.314069 0.9494 0
    outer loop
      vertex 48.3546 -20.7012 2.5
      vertex 48.513 -20.7536 1.2
      vertex 48.3546 -20.7012 1.2
    endloop
  endfacet
  facet normal 0.985304 -0.17081 0
    outer loop
      vertex 46.1368 -17.0011 2.5
      vertex 46.1653 -16.8367 1.2
      vertex 46.1653 -16.8367 2.5
    endloop
  endfacet
  facet normal 0.985304 -0.17081 0
    outer loop
      vertex 46.1653 -16.8367 1.2
      vertex 46.1368 -17.0011 2.5
      vertex 46.1368 -17.0011 1.2
    endloop
  endfacet
  facet normal 0.914305 -0.405026 0
    outer loop
      vertex 46.3588 -16.1989 2.5
      vertex 46.4264 -16.0463 1.2
      vertex 46.4264 -16.0463 2.5
    endloop
  endfacet
  facet normal 0.914305 -0.405026 0
    outer loop
      vertex 46.4264 -16.0463 1.2
      vertex 46.3588 -16.1989 2.5
      vertex 46.3588 -16.1989 1.2
    endloop
  endfacet
  facet normal 0.689206 -0.724565 0
    outer loop
      vertex 47.0958 -15.0958 1.2
      vertex 47.2167 -14.9808 2.5
      vertex 47.0958 -15.0958 2.5
    endloop
  endfacet
  facet normal 0.689206 -0.724565 0
    outer loop
      vertex 47.2167 -14.9808 2.5
      vertex 47.0958 -15.0958 1.2
      vertex 47.2167 -14.9808 1.2
    endloop
  endfacet
  facet normal 0.844819 -0.535052 0
    outer loop
      vertex 46.5837 -15.7521 2.5
      vertex 46.673 -15.6111 1.2
      vertex 46.673 -15.6111 2.5
    endloop
  endfacet
  facet normal 0.844819 -0.535052 0
    outer loop
      vertex 46.673 -15.6111 1.2
      vertex 46.5837 -15.7521 2.5
      vertex 46.5837 -15.7521 1.2
    endloop
  endfacet
  facet normal 0.870228 -0.49265 0
    outer loop
      vertex 46.5015 -15.8973 2.5
      vertex 46.5837 -15.7521 1.2
      vertex 46.5837 -15.7521 2.5
    endloop
  endfacet
  facet normal 0.870228 -0.49265 0
    outer loop
      vertex 46.5837 -15.7521 1.2
      vertex 46.5015 -15.8973 2.5
      vertex 46.5015 -15.8973 1.2
    endloop
  endfacet
  facet normal -0.975648 -0.219341 0
    outer loop
      vertex 52.8347 -16.8367 1.2
      vertex 52.7981 -16.6739 2.5
      vertex 52.7981 -16.6739 1.2
    endloop
  endfacet
  facet normal -0.975648 -0.219341 0
    outer loop
      vertex 52.7981 -16.6739 2.5
      vertex 52.8347 -16.8367 1.2
      vertex 52.8347 -16.8367 2.5
    endloop
  endfacet
  facet normal -0.992498 -0.122264 0
    outer loop
      vertex 52.8836 -17.1667 1.2
      vertex 52.8632 -17.0011 2.5
      vertex 52.8632 -17.0011 1.2
    endloop
  endfacet
  facet normal -0.992498 -0.122264 0
    outer loop
      vertex 52.8632 -17.0011 2.5
      vertex 52.8836 -17.1667 1.2
      vertex 52.8836 -17.1667 2.5
    endloop
  endfacet
  facet normal -0.575671 -0.817681 0
    outer loop
      vertex 51.3889 -14.673 1.2
      vertex 51.5254 -14.7691 2.5
      vertex 51.3889 -14.673 2.5
    endloop
  endfacet
  facet normal -0.575671 -0.817681 -0
    outer loop
      vertex 51.5254 -14.7691 2.5
      vertex 51.3889 -14.673 1.2
      vertex 51.5254 -14.7691 1.2
    endloop
  endfacet
  facet normal -0.653058 -0.757308 0
    outer loop
      vertex 51.6569 -14.8718 1.2
      vertex 51.7833 -14.9808 2.5
      vertex 51.6569 -14.8718 2.5
    endloop
  endfacet
  facet normal -0.653058 -0.757308 -0
    outer loop
      vertex 51.7833 -14.9808 2.5
      vertex 51.6569 -14.8718 1.2
      vertex 51.7833 -14.9808 1.2
    endloop
  endfacet
  facet normal -0.122264 -0.992498 0
    outer loop
      vertex 49.8333 -14.1164 1.2
      vertex 49.9989 -14.1368 2.5
      vertex 49.8333 -14.1164 2.5
    endloop
  endfacet
  facet normal -0.122264 -0.992498 -0
    outer loop
      vertex 49.9989 -14.1368 2.5
      vertex 49.8333 -14.1164 1.2
      vertex 49.9989 -14.1368 1.2
    endloop
  endfacet
  facet normal -0.314069 -0.9494 0
    outer loop
      vertex 50.487 -14.2464 1.2
      vertex 50.6454 -14.2988 2.5
      vertex 50.487 -14.2464 2.5
    endloop
  endfacet
  facet normal -0.314069 -0.9494 -0
    outer loop
      vertex 50.6454 -14.2988 2.5
      vertex 50.487 -14.2464 1.2
      vertex 50.6454 -14.2988 1.2
    endloop
  endfacet
  facet normal 0.999698 0.0245729 0
    outer loop
      vertex 46.1041 -17.6668 2.5
      vertex 46.1 -17.5 1.2
      vertex 46.1 -17.5 2.5
    endloop
  endfacet
  facet normal 0.999698 0.0245729 0
    outer loop
      vertex 46.1 -17.5 1.2
      vertex 46.1041 -17.6668 2.5
      vertex 46.1041 -17.6668 1.2
    endloop
  endfacet
  facet normal -0.985304 0.17081 0
    outer loop
      vertex 52.8347 -18.1633 1.2
      vertex 52.8632 -17.9989 2.5
      vertex 52.8632 -17.9989 1.2
    endloop
  endfacet
  facet normal -0.985304 0.17081 0
    outer loop
      vertex 52.8632 -17.9989 2.5
      vertex 52.8347 -18.1633 1.2
      vertex 52.8347 -18.1633 2.5
    endloop
  endfacet
  facet normal 0.359581 0.933114 -0
    outer loop
      vertex 48.3546 -20.7012 1.2
      vertex 48.1989 -20.6412 2.5
      vertex 48.3546 -20.7012 2.5
    endloop
  endfacet
  facet normal 0.359581 0.933114 0
    outer loop
      vertex 48.1989 -20.6412 2.5
      vertex 48.3546 -20.7012 1.2
      vertex 48.1989 -20.6412 1.2
    endloop
  endfacet
  facet normal 0.997282 -0.0736731 0
    outer loop
      vertex 46.1041 -17.3332 2.5
      vertex 46.1164 -17.1667 1.2
      vertex 46.1164 -17.1667 2.5
    endloop
  endfacet
  facet normal 0.997282 -0.0736731 0
    outer loop
      vertex 46.1164 -17.1667 1.2
      vertex 46.1041 -17.3332 2.5
      vertex 46.1041 -17.3332 1.2
    endloop
  endfacet
  facet normal 0.992498 -0.122264 0
    outer loop
      vertex 46.1164 -17.1667 2.5
      vertex 46.1368 -17.0011 1.2
      vertex 46.1368 -17.0011 2.5
    endloop
  endfacet
  facet normal 0.992498 -0.122264 0
    outer loop
      vertex 46.1368 -17.0011 1.2
      vertex 46.1164 -17.1667 2.5
      vertex 46.1164 -17.1667 1.2
    endloop
  endfacet
  facet normal 0.963818 -0.266562 0
    outer loop
      vertex 46.2019 -16.6739 2.5
      vertex 46.2464 -16.513 1.2
      vertex 46.2464 -16.513 2.5
    endloop
  endfacet
  facet normal 0.963818 -0.266562 0
    outer loop
      vertex 46.2464 -16.513 1.2
      vertex 46.2019 -16.6739 2.5
      vertex 46.2019 -16.6739 1.2
    endloop
  endfacet
  facet normal 0.933114 -0.359581 0
    outer loop
      vertex 46.2988 -16.3546 2.5
      vertex 46.3588 -16.1989 1.2
      vertex 46.3588 -16.1989 2.5
    endloop
  endfacet
  facet normal 0.933114 -0.359581 0
    outer loop
      vertex 46.3588 -16.1989 1.2
      vertex 46.2988 -16.3546 2.5
      vertex 46.2988 -16.3546 1.2
    endloop
  endfacet
  facet normal 0.9494 -0.314069 0
    outer loop
      vertex 46.2464 -16.513 2.5
      vertex 46.2988 -16.3546 1.2
      vertex 46.2988 -16.3546 2.5
    endloop
  endfacet
  facet normal 0.9494 -0.314069 0
    outer loop
      vertex 46.2988 -16.3546 1.2
      vertex 46.2464 -16.513 2.5
      vertex 46.2464 -16.513 1.2
    endloop
  endfacet
  facet normal 0.757308 -0.653058 0
    outer loop
      vertex 46.8718 -15.3431 2.5
      vertex 46.9808 -15.2167 1.2
      vertex 46.9808 -15.2167 2.5
    endloop
  endfacet
  facet normal 0.757308 -0.653058 0
    outer loop
      vertex 46.9808 -15.2167 1.2
      vertex 46.8718 -15.3431 2.5
      vertex 46.8718 -15.3431 1.2
    endloop
  endfacet
  facet normal 0.788124 -0.615516 0
    outer loop
      vertex 46.7691 -15.4746 2.5
      vertex 46.8718 -15.3431 1.2
      vertex 46.8718 -15.3431 2.5
    endloop
  endfacet
  facet normal 0.788124 -0.615516 0
    outer loop
      vertex 46.8718 -15.3431 1.2
      vertex 46.7691 -15.4746 2.5
      vertex 46.7691 -15.4746 1.2
    endloop
  endfacet
  facet normal 0.724565 -0.689206 0
    outer loop
      vertex 46.9808 -15.2167 2.5
      vertex 47.0958 -15.0958 1.2
      vertex 47.0958 -15.0958 2.5
    endloop
  endfacet
  facet normal 0.724565 -0.689206 0
    outer loop
      vertex 47.0958 -15.0958 1.2
      vertex 46.9808 -15.2167 2.5
      vertex 46.9808 -15.2167 1.2
    endloop
  endfacet
  facet normal 0.817681 -0.575671 0
    outer loop
      vertex 46.673 -15.6111 2.5
      vertex 46.7691 -15.4746 1.2
      vertex 46.7691 -15.4746 2.5
    endloop
  endfacet
  facet normal 0.817681 -0.575671 0
    outer loop
      vertex 46.7691 -15.4746 1.2
      vertex 46.673 -15.6111 2.5
      vertex 46.673 -15.6111 1.2
    endloop
  endfacet
  facet normal 0.892984 -0.450088 0
    outer loop
      vertex 46.4264 -16.0463 2.5
      vertex 46.5015 -15.8973 1.2
      vertex 46.5015 -15.8973 2.5
    endloop
  endfacet
  facet normal 0.892984 -0.450088 0
    outer loop
      vertex 46.5015 -15.8973 1.2
      vertex 46.4264 -16.0463 2.5
      vertex 46.4264 -16.0463 1.2
    endloop
  endfacet
  facet normal -0.0245729 -0.999698 0
    outer loop
      vertex 49.5 -14.1 1.2
      vertex 49.6668 -14.1041 2.5
      vertex 49.5 -14.1 2.5
    endloop
  endfacet
  facet normal -0.0245729 -0.999698 -0
    outer loop
      vertex 49.6668 -14.1041 2.5
      vertex 49.5 -14.1 1.2
      vertex 49.6668 -14.1041 1.2
    endloop
  endfacet
  facet normal 0.314069 -0.9494 0
    outer loop
      vertex 48.3546 -14.2988 1.2
      vertex 48.513 -14.2464 2.5
      vertex 48.3546 -14.2988 2.5
    endloop
  endfacet
  facet normal 0.314069 -0.9494 0
    outer loop
      vertex 48.513 -14.2464 2.5
      vertex 48.3546 -14.2988 1.2
      vertex 48.513 -14.2464 1.2
    endloop
  endfacet
  facet normal 0.266562 -0.963818 0
    outer loop
      vertex 48.513 -14.2464 1.2
      vertex 48.6739 -14.2019 2.5
      vertex 48.513 -14.2464 2.5
    endloop
  endfacet
  facet normal 0.266562 -0.963818 0
    outer loop
      vertex 48.6739 -14.2019 2.5
      vertex 48.513 -14.2464 1.2
      vertex 48.6739 -14.2019 1.2
    endloop
  endfacet
  facet normal 0.219341 -0.975648 0
    outer loop
      vertex 48.6739 -14.2019 1.2
      vertex 48.8367 -14.1653 2.5
      vertex 48.6739 -14.2019 2.5
    endloop
  endfacet
  facet normal 0.219341 -0.975648 0
    outer loop
      vertex 48.8367 -14.1653 2.5
      vertex 48.6739 -14.2019 1.2
      vertex 48.8367 -14.1653 1.2
    endloop
  endfacet
  facet normal 0.122264 -0.992498 0
    outer loop
      vertex 49.0011 -14.1368 1.2
      vertex 49.1667 -14.1164 2.5
      vertex 49.0011 -14.1368 2.5
    endloop
  endfacet
  facet normal 0.122264 -0.992498 0
    outer loop
      vertex 49.1667 -14.1164 2.5
      vertex 49.0011 -14.1368 1.2
      vertex 49.1667 -14.1164 1.2
    endloop
  endfacet
  facet normal 0.359581 -0.933114 0
    outer loop
      vertex 48.1989 -14.3588 1.2
      vertex 48.3546 -14.2988 2.5
      vertex 48.1989 -14.3588 2.5
    endloop
  endfacet
  facet normal 0.359581 -0.933114 0
    outer loop
      vertex 48.3546 -14.2988 2.5
      vertex 48.1989 -14.3588 1.2
      vertex 48.3546 -14.2988 1.2
    endloop
  endfacet
  facet normal 0.49265 -0.870228 0
    outer loop
      vertex 47.7521 -14.5837 1.2
      vertex 47.8973 -14.5015 2.5
      vertex 47.7521 -14.5837 2.5
    endloop
  endfacet
  facet normal 0.49265 -0.870228 0
    outer loop
      vertex 47.8973 -14.5015 2.5
      vertex 47.7521 -14.5837 1.2
      vertex 47.8973 -14.5015 1.2
    endloop
  endfacet
  facet normal 0.575671 -0.817681 0
    outer loop
      vertex 47.4746 -14.7691 1.2
      vertex 47.6111 -14.673 2.5
      vertex 47.4746 -14.7691 2.5
    endloop
  endfacet
  facet normal 0.575671 -0.817681 0
    outer loop
      vertex 47.6111 -14.673 2.5
      vertex 47.4746 -14.7691 1.2
      vertex 47.6111 -14.673 1.2
    endloop
  endfacet
  facet normal 0.653058 -0.757308 0
    outer loop
      vertex 47.2167 -14.9808 1.2
      vertex 47.3431 -14.8718 2.5
      vertex 47.2167 -14.9808 2.5
    endloop
  endfacet
  facet normal 0.653058 -0.757308 0
    outer loop
      vertex 47.3431 -14.8718 2.5
      vertex 47.2167 -14.9808 1.2
      vertex 47.3431 -14.8718 1.2
    endloop
  endfacet
  facet normal 0.535052 -0.844819 0
    outer loop
      vertex 47.6111 -14.673 1.2
      vertex 47.7521 -14.5837 2.5
      vertex 47.6111 -14.673 2.5
    endloop
  endfacet
  facet normal 0.535052 -0.844819 0
    outer loop
      vertex 47.7521 -14.5837 2.5
      vertex 47.6111 -14.673 1.2
      vertex 47.7521 -14.5837 1.2
    endloop
  endfacet
  facet normal -0.999698 -0.0245729 0
    outer loop
      vertex 52.9 -17.5 1.2
      vertex 52.8959 -17.3332 2.5
      vertex 52.8959 -17.3332 1.2
    endloop
  endfacet
  facet normal -0.999698 -0.0245729 0
    outer loop
      vertex 52.8959 -17.3332 2.5
      vertex 52.9 -17.5 1.2
      vertex 52.9 -17.5 2.5
    endloop
  endfacet
  facet normal -0.757308 -0.653058 0
    outer loop
      vertex 52.1282 -15.3431 1.2
      vertex 52.0192 -15.2167 2.5
      vertex 52.0192 -15.2167 1.2
    endloop
  endfacet
  facet normal -0.757308 -0.653058 0
    outer loop
      vertex 52.0192 -15.2167 2.5
      vertex 52.1282 -15.3431 1.2
      vertex 52.1282 -15.3431 2.5
    endloop
  endfacet
  facet normal -0.914305 -0.405026 0
    outer loop
      vertex 52.6412 -16.1989 1.2
      vertex 52.5736 -16.0463 2.5
      vertex 52.5736 -16.0463 1.2
    endloop
  endfacet
  facet normal -0.914305 -0.405026 0
    outer loop
      vertex 52.5736 -16.0463 2.5
      vertex 52.6412 -16.1989 1.2
      vertex 52.6412 -16.1989 2.5
    endloop
  endfacet
  facet normal -0.933114 -0.359581 0
    outer loop
      vertex 52.7012 -16.3546 1.2
      vertex 52.6412 -16.1989 2.5
      vertex 52.6412 -16.1989 1.2
    endloop
  endfacet
  facet normal -0.933114 -0.359581 0
    outer loop
      vertex 52.6412 -16.1989 2.5
      vertex 52.7012 -16.3546 1.2
      vertex 52.7012 -16.3546 2.5
    endloop
  endfacet
  facet normal -0.9494 -0.314069 0
    outer loop
      vertex 52.7536 -16.513 1.2
      vertex 52.7012 -16.3546 2.5
      vertex 52.7012 -16.3546 1.2
    endloop
  endfacet
  facet normal -0.9494 -0.314069 0
    outer loop
      vertex 52.7012 -16.3546 2.5
      vertex 52.7536 -16.513 1.2
      vertex 52.7536 -16.513 2.5
    endloop
  endfacet
  facet normal -0.963818 -0.266562 0
    outer loop
      vertex 52.7981 -16.6739 1.2
      vertex 52.7536 -16.513 2.5
      vertex 52.7536 -16.513 1.2
    endloop
  endfacet
  facet normal -0.963818 -0.266562 0
    outer loop
      vertex 52.7536 -16.513 2.5
      vertex 52.7981 -16.6739 1.2
      vertex 52.7981 -16.6739 2.5
    endloop
  endfacet
  facet normal -0.985304 -0.17081 0
    outer loop
      vertex 52.8632 -17.0011 1.2
      vertex 52.8347 -16.8367 2.5
      vertex 52.8347 -16.8367 1.2
    endloop
  endfacet
  facet normal -0.985304 -0.17081 0
    outer loop
      vertex 52.8347 -16.8367 2.5
      vertex 52.8632 -17.0011 1.2
      vertex 52.8632 -17.0011 2.5
    endloop
  endfacet
  facet normal -0.724565 -0.689206 0
    outer loop
      vertex 52.0192 -15.2167 1.2
      vertex 51.9042 -15.0958 2.5
      vertex 51.9042 -15.0958 1.2
    endloop
  endfacet
  facet normal -0.724565 -0.689206 0
    outer loop
      vertex 51.9042 -15.0958 2.5
      vertex 52.0192 -15.2167 1.2
      vertex 52.0192 -15.2167 2.5
    endloop
  endfacet
  facet normal -0.49265 -0.870228 0
    outer loop
      vertex 51.1027 -14.5015 1.2
      vertex 51.2479 -14.5837 2.5
      vertex 51.1027 -14.5015 2.5
    endloop
  endfacet
  facet normal -0.49265 -0.870228 -0
    outer loop
      vertex 51.2479 -14.5837 2.5
      vertex 51.1027 -14.5015 1.2
      vertex 51.2479 -14.5837 1.2
    endloop
  endfacet
  facet normal -0.535052 -0.844819 0
    outer loop
      vertex 51.2479 -14.5837 1.2
      vertex 51.3889 -14.673 2.5
      vertex 51.2479 -14.5837 2.5
    endloop
  endfacet
  facet normal -0.535052 -0.844819 -0
    outer loop
      vertex 51.3889 -14.673 2.5
      vertex 51.2479 -14.5837 1.2
      vertex 51.3889 -14.673 1.2
    endloop
  endfacet
  facet normal -0.615516 -0.788124 0
    outer loop
      vertex 51.5254 -14.7691 1.2
      vertex 51.6569 -14.8718 2.5
      vertex 51.5254 -14.7691 2.5
    endloop
  endfacet
  facet normal -0.615516 -0.788124 -0
    outer loop
      vertex 51.6569 -14.8718 2.5
      vertex 51.5254 -14.7691 1.2
      vertex 51.6569 -14.8718 1.2
    endloop
  endfacet
  facet normal -0.405026 -0.914305 0
    outer loop
      vertex 50.8011 -14.3588 1.2
      vertex 50.9537 -14.4264 2.5
      vertex 50.8011 -14.3588 2.5
    endloop
  endfacet
  facet normal -0.405026 -0.914305 -0
    outer loop
      vertex 50.9537 -14.4264 2.5
      vertex 50.8011 -14.3588 1.2
      vertex 50.9537 -14.4264 1.2
    endloop
  endfacet
  facet normal -0.266562 -0.963818 0
    outer loop
      vertex 50.3261 -14.2019 1.2
      vertex 50.487 -14.2464 2.5
      vertex 50.3261 -14.2019 2.5
    endloop
  endfacet
  facet normal -0.266562 -0.963818 -0
    outer loop
      vertex 50.487 -14.2464 2.5
      vertex 50.3261 -14.2019 1.2
      vertex 50.487 -14.2464 1.2
    endloop
  endfacet
  facet normal -0.17081 -0.985304 0
    outer loop
      vertex 49.9989 -14.1368 1.2
      vertex 50.1633 -14.1653 2.5
      vertex 49.9989 -14.1368 2.5
    endloop
  endfacet
  facet normal -0.17081 -0.985304 -0
    outer loop
      vertex 50.1633 -14.1653 2.5
      vertex 49.9989 -14.1368 1.2
      vertex 50.1633 -14.1653 1.2
    endloop
  endfacet
  facet normal -0.0736731 -0.997282 0
    outer loop
      vertex 49.6668 -14.1041 1.2
      vertex 49.8333 -14.1164 2.5
      vertex 49.6668 -14.1041 2.5
    endloop
  endfacet
  facet normal -0.0736731 -0.997282 -0
    outer loop
      vertex 49.8333 -14.1164 2.5
      vertex 49.6668 -14.1041 1.2
      vertex 49.8333 -14.1164 1.2
    endloop
  endfacet
  facet normal -0.219341 -0.975648 0
    outer loop
      vertex 50.1633 -14.1653 1.2
      vertex 50.3261 -14.2019 2.5
      vertex 50.1633 -14.1653 2.5
    endloop
  endfacet
  facet normal -0.219341 -0.975648 -0
    outer loop
      vertex 50.3261 -14.2019 2.5
      vertex 50.1633 -14.1653 1.2
      vertex 50.3261 -14.2019 1.2
    endloop
  endfacet
  facet normal 0.999698 -0.0245729 0
    outer loop
      vertex 46.1 -17.5 2.5
      vertex 46.1041 -17.3332 1.2
      vertex 46.1041 -17.3332 2.5
    endloop
  endfacet
  facet normal 0.999698 -0.0245729 0
    outer loop
      vertex 46.1041 -17.3332 1.2
      vertex 46.1 -17.5 2.5
      vertex 46.1 -17.5 1.2
    endloop
  endfacet
  facet normal 0.997282 0.0736731 0
    outer loop
      vertex 46.1164 -17.8333 2.5
      vertex 46.1041 -17.6668 1.2
      vertex 46.1041 -17.6668 2.5
    endloop
  endfacet
  facet normal 0.997282 0.0736731 0
    outer loop
      vertex 46.1041 -17.6668 1.2
      vertex 46.1164 -17.8333 2.5
      vertex 46.1164 -17.8333 1.2
    endloop
  endfacet
  facet normal 0.975648 0.219341 0
    outer loop
      vertex 46.2019 -18.3261 2.5
      vertex 46.1653 -18.1633 1.2
      vertex 46.1653 -18.1633 2.5
    endloop
  endfacet
  facet normal 0.975648 0.219341 0
    outer loop
      vertex 46.1653 -18.1633 1.2
      vertex 46.2019 -18.3261 2.5
      vertex 46.2019 -18.3261 1.2
    endloop
  endfacet
  facet normal 0.817681 0.575671 0
    outer loop
      vertex 46.7691 -19.5254 2.5
      vertex 46.673 -19.3889 1.2
      vertex 46.673 -19.3889 2.5
    endloop
  endfacet
  facet normal 0.817681 0.575671 0
    outer loop
      vertex 46.673 -19.3889 1.2
      vertex 46.7691 -19.5254 2.5
      vertex 46.7691 -19.5254 1.2
    endloop
  endfacet
  facet normal 0.0245729 0.999698 -0
    outer loop
      vertex 49.5 -20.9 1.2
      vertex 49.3332 -20.8959 2.5
      vertex 49.5 -20.9 2.5
    endloop
  endfacet
  facet normal 0.0245729 0.999698 0
    outer loop
      vertex 49.3332 -20.8959 2.5
      vertex 49.5 -20.9 1.2
      vertex 49.3332 -20.8959 1.2
    endloop
  endfacet
  facet normal -0.359581 0.933114 0
    outer loop
      vertex 50.8011 -20.6412 1.2
      vertex 50.6454 -20.7012 2.5
      vertex 50.8011 -20.6412 2.5
    endloop
  endfacet
  facet normal -0.359581 0.933114 0
    outer loop
      vertex 50.6454 -20.7012 2.5
      vertex 50.8011 -20.6412 1.2
      vertex 50.6454 -20.7012 1.2
    endloop
  endfacet
  facet normal -0.992498 0.122264 0
    outer loop
      vertex 52.8632 -17.9989 1.2
      vertex 52.8836 -17.8333 2.5
      vertex 52.8836 -17.8333 1.2
    endloop
  endfacet
  facet normal -0.992498 0.122264 0
    outer loop
      vertex 52.8836 -17.8333 2.5
      vertex 52.8632 -17.9989 1.2
      vertex 52.8632 -17.9989 2.5
    endloop
  endfacet
  facet normal 0.0736731 0.997282 -0
    outer loop
      vertex 49.3332 -20.8959 1.2
      vertex 49.1667 -20.8836 2.5
      vertex 49.3332 -20.8959 2.5
    endloop
  endfacet
  facet normal 0.0736731 0.997282 0
    outer loop
      vertex 49.1667 -20.8836 2.5
      vertex 49.3332 -20.8959 1.2
      vertex 49.1667 -20.8836 1.2
    endloop
  endfacet
  facet normal 0.405026 0.914305 -0
    outer loop
      vertex 48.1989 -20.6412 1.2
      vertex 48.0463 -20.5736 2.5
      vertex 48.1989 -20.6412 2.5
    endloop
  endfacet
  facet normal 0.405026 0.914305 0
    outer loop
      vertex 48.0463 -20.5736 2.5
      vertex 48.1989 -20.6412 1.2
      vertex 48.0463 -20.5736 1.2
    endloop
  endfacet
  facet normal 0.975648 -0.219341 0
    outer loop
      vertex 46.1653 -16.8367 2.5
      vertex 46.2019 -16.6739 1.2
      vertex 46.2019 -16.6739 2.5
    endloop
  endfacet
  facet normal 0.975648 -0.219341 0
    outer loop
      vertex 46.2019 -16.6739 1.2
      vertex 46.1653 -16.8367 2.5
      vertex 46.1653 -16.8367 1.2
    endloop
  endfacet
  facet normal 0.17081 -0.985304 0
    outer loop
      vertex 48.8367 -14.1653 1.2
      vertex 49.0011 -14.1368 2.5
      vertex 48.8367 -14.1653 2.5
    endloop
  endfacet
  facet normal 0.17081 -0.985304 0
    outer loop
      vertex 49.0011 -14.1368 2.5
      vertex 48.8367 -14.1653 1.2
      vertex 49.0011 -14.1368 1.2
    endloop
  endfacet
  facet normal 0.0736731 -0.997282 0
    outer loop
      vertex 49.1667 -14.1164 1.2
      vertex 49.3332 -14.1041 2.5
      vertex 49.1667 -14.1164 2.5
    endloop
  endfacet
  facet normal 0.0736731 -0.997282 0
    outer loop
      vertex 49.3332 -14.1041 2.5
      vertex 49.1667 -14.1164 1.2
      vertex 49.3332 -14.1041 1.2
    endloop
  endfacet
  facet normal 0.450088 -0.892984 0
    outer loop
      vertex 47.8973 -14.5015 1.2
      vertex 48.0463 -14.4264 2.5
      vertex 47.8973 -14.5015 2.5
    endloop
  endfacet
  facet normal 0.450088 -0.892984 0
    outer loop
      vertex 48.0463 -14.4264 2.5
      vertex 47.8973 -14.5015 1.2
      vertex 48.0463 -14.4264 1.2
    endloop
  endfacet
  facet normal 0.615516 -0.788124 0
    outer loop
      vertex 47.3431 -14.8718 1.2
      vertex 47.4746 -14.7691 2.5
      vertex 47.3431 -14.8718 2.5
    endloop
  endfacet
  facet normal 0.615516 -0.788124 0
    outer loop
      vertex 47.4746 -14.7691 2.5
      vertex 47.3431 -14.8718 1.2
      vertex 47.4746 -14.7691 1.2
    endloop
  endfacet
  facet normal -0.844819 -0.535052 0
    outer loop
      vertex 52.4163 -15.7521 1.2
      vertex 52.327 -15.6111 2.5
      vertex 52.327 -15.6111 1.2
    endloop
  endfacet
  facet normal -0.844819 -0.535052 0
    outer loop
      vertex 52.327 -15.6111 2.5
      vertex 52.4163 -15.7521 1.2
      vertex 52.4163 -15.7521 2.5
    endloop
  endfacet
  facet normal -0.817681 -0.575671 0
    outer loop
      vertex 52.327 -15.6111 1.2
      vertex 52.2309 -15.4746 2.5
      vertex 52.2309 -15.4746 1.2
    endloop
  endfacet
  facet normal -0.817681 -0.575671 0
    outer loop
      vertex 52.2309 -15.4746 2.5
      vertex 52.327 -15.6111 1.2
      vertex 52.327 -15.6111 2.5
    endloop
  endfacet
  facet normal -0.788124 -0.615516 0
    outer loop
      vertex 52.2309 -15.4746 1.2
      vertex 52.1282 -15.3431 2.5
      vertex 52.1282 -15.3431 1.2
    endloop
  endfacet
  facet normal -0.788124 -0.615516 0
    outer loop
      vertex 52.1282 -15.3431 2.5
      vertex 52.2309 -15.4746 1.2
      vertex 52.2309 -15.4746 2.5
    endloop
  endfacet
  facet normal -0.892984 -0.450088 0
    outer loop
      vertex 52.5736 -16.0463 1.2
      vertex 52.4985 -15.8973 2.5
      vertex 52.4985 -15.8973 1.2
    endloop
  endfacet
  facet normal -0.892984 -0.450088 0
    outer loop
      vertex 52.4985 -15.8973 2.5
      vertex 52.5736 -16.0463 1.2
      vertex 52.5736 -16.0463 2.5
    endloop
  endfacet
  facet normal -0.689206 -0.724565 0
    outer loop
      vertex 51.7833 -14.9808 1.2
      vertex 51.9042 -15.0958 2.5
      vertex 51.7833 -14.9808 2.5
    endloop
  endfacet
  facet normal -0.689206 -0.724565 -0
    outer loop
      vertex 51.9042 -15.0958 2.5
      vertex 51.7833 -14.9808 1.2
      vertex 51.9042 -15.0958 1.2
    endloop
  endfacet
  facet normal -0.450088 -0.892984 0
    outer loop
      vertex 50.9537 -14.4264 1.2
      vertex 51.1027 -14.5015 2.5
      vertex 50.9537 -14.4264 2.5
    endloop
  endfacet
  facet normal -0.450088 -0.892984 -0
    outer loop
      vertex 51.1027 -14.5015 2.5
      vertex 50.9537 -14.4264 1.2
      vertex 51.1027 -14.5015 1.2
    endloop
  endfacet
  facet normal -0.359581 -0.933114 0
    outer loop
      vertex 50.6454 -14.2988 1.2
      vertex 50.8011 -14.3588 2.5
      vertex 50.6454 -14.2988 2.5
    endloop
  endfacet
  facet normal -0.359581 -0.933114 -0
    outer loop
      vertex 50.8011 -14.3588 2.5
      vertex 50.6454 -14.2988 1.2
      vertex 50.8011 -14.3588 1.2
    endloop
  endfacet
  facet normal 0.992498 0.122264 0
    outer loop
      vertex 46.1368 -17.9989 2.5
      vertex 46.1164 -17.8333 1.2
      vertex 46.1164 -17.8333 2.5
    endloop
  endfacet
  facet normal 0.992498 0.122264 0
    outer loop
      vertex 46.1164 -17.8333 1.2
      vertex 46.1368 -17.9989 2.5
      vertex 46.1368 -17.9989 1.2
    endloop
  endfacet
  facet normal 0.9494 0.314069 0
    outer loop
      vertex 46.2988 -18.6454 2.5
      vertex 46.2464 -18.487 1.2
      vertex 46.2464 -18.487 2.5
    endloop
  endfacet
  facet normal 0.9494 0.314069 0
    outer loop
      vertex 46.2464 -18.487 1.2
      vertex 46.2988 -18.6454 2.5
      vertex 46.2988 -18.6454 1.2
    endloop
  endfacet
  facet normal 0.757308 0.653058 0
    outer loop
      vertex 46.9808 -19.7833 2.5
      vertex 46.8718 -19.6569 1.2
      vertex 46.8718 -19.6569 2.5
    endloop
  endfacet
  facet normal 0.757308 0.653058 0
    outer loop
      vertex 46.8718 -19.6569 1.2
      vertex 46.9808 -19.7833 2.5
      vertex 46.9808 -19.7833 1.2
    endloop
  endfacet
  facet normal 0.450088 0.892984 -0
    outer loop
      vertex 48.0463 -20.5736 1.2
      vertex 47.8973 -20.4985 2.5
      vertex 48.0463 -20.5736 2.5
    endloop
  endfacet
  facet normal 0.450088 0.892984 0
    outer loop
      vertex 47.8973 -20.4985 2.5
      vertex 48.0463 -20.5736 1.2
      vertex 47.8973 -20.4985 1.2
    endloop
  endfacet
  facet normal -0.266562 0.963818 0
    outer loop
      vertex 50.487 -20.7536 1.2
      vertex 50.3261 -20.7981 2.5
      vertex 50.487 -20.7536 2.5
    endloop
  endfacet
  facet normal -0.266562 0.963818 0
    outer loop
      vertex 50.3261 -20.7981 2.5
      vertex 50.487 -20.7536 1.2
      vertex 50.3261 -20.7981 1.2
    endloop
  endfacet
  facet normal -0.575671 0.817681 0
    outer loop
      vertex 51.5254 -20.2309 1.2
      vertex 51.3889 -20.327 2.5
      vertex 51.5254 -20.2309 2.5
    endloop
  endfacet
  facet normal -0.575671 0.817681 0
    outer loop
      vertex 51.3889 -20.327 2.5
      vertex 51.5254 -20.2309 1.2
      vertex 51.3889 -20.327 1.2
    endloop
  endfacet
  facet normal 0.266562 0.963818 -0
    outer loop
      vertex 48.6739 -20.7981 1.2
      vertex 48.513 -20.7536 2.5
      vertex 48.6739 -20.7981 2.5
    endloop
  endfacet
  facet normal 0.266562 0.963818 0
    outer loop
      vertex 48.513 -20.7536 2.5
      vertex 48.6739 -20.7981 1.2
      vertex 48.513 -20.7536 1.2
    endloop
  endfacet
  facet normal 0.219341 0.975648 -0
    outer loop
      vertex 48.8367 -20.8347 1.2
      vertex 48.6739 -20.7981 2.5
      vertex 48.8367 -20.8347 2.5
    endloop
  endfacet
  facet normal 0.219341 0.975648 0
    outer loop
      vertex 48.6739 -20.7981 2.5
      vertex 48.8367 -20.8347 1.2
      vertex 48.6739 -20.7981 1.2
    endloop
  endfacet
  facet normal 0.963818 0.266562 0
    outer loop
      vertex 46.2464 -18.487 2.5
      vertex 46.2019 -18.3261 1.2
      vertex 46.2019 -18.3261 2.5
    endloop
  endfacet
  facet normal 0.963818 0.266562 0
    outer loop
      vertex 46.2019 -18.3261 1.2
      vertex 46.2464 -18.487 2.5
      vertex 46.2464 -18.487 1.2
    endloop
  endfacet
  facet normal 0.985304 0.17081 0
    outer loop
      vertex 46.1653 -18.1633 2.5
      vertex 46.1368 -17.9989 1.2
      vertex 46.1368 -17.9989 2.5
    endloop
  endfacet
  facet normal 0.985304 0.17081 0
    outer loop
      vertex 46.1368 -17.9989 1.2
      vertex 46.1653 -18.1633 2.5
      vertex 46.1653 -18.1633 1.2
    endloop
  endfacet
  facet normal 0.844819 0.535052 0
    outer loop
      vertex 46.673 -19.3889 2.5
      vertex 46.5837 -19.2479 1.2
      vertex 46.5837 -19.2479 2.5
    endloop
  endfacet
  facet normal 0.844819 0.535052 0
    outer loop
      vertex 46.5837 -19.2479 1.2
      vertex 46.673 -19.3889 2.5
      vertex 46.673 -19.3889 1.2
    endloop
  endfacet
  facet normal 0.788124 0.615516 0
    outer loop
      vertex 46.8718 -19.6569 2.5
      vertex 46.7691 -19.5254 1.2
      vertex 46.7691 -19.5254 2.5
    endloop
  endfacet
  facet normal 0.788124 0.615516 0
    outer loop
      vertex 46.7691 -19.5254 1.2
      vertex 46.8718 -19.6569 2.5
      vertex 46.8718 -19.6569 1.2
    endloop
  endfacet
  facet normal 0.575671 0.817681 -0
    outer loop
      vertex 47.6111 -20.327 1.2
      vertex 47.4746 -20.2309 2.5
      vertex 47.6111 -20.327 2.5
    endloop
  endfacet
  facet normal 0.575671 0.817681 0
    outer loop
      vertex 47.4746 -20.2309 2.5
      vertex 47.6111 -20.327 1.2
      vertex 47.4746 -20.2309 1.2
    endloop
  endfacet
  facet normal 0.724565 0.689206 0
    outer loop
      vertex 47.0958 -19.9042 2.5
      vertex 46.9808 -19.7833 1.2
      vertex 46.9808 -19.7833 2.5
    endloop
  endfacet
  facet normal 0.724565 0.689206 0
    outer loop
      vertex 46.9808 -19.7833 1.2
      vertex 47.0958 -19.9042 2.5
      vertex 47.0958 -19.9042 1.2
    endloop
  endfacet
  facet normal 0.689206 0.724565 -0
    outer loop
      vertex 47.2167 -20.0192 1.2
      vertex 47.0958 -19.9042 2.5
      vertex 47.2167 -20.0192 2.5
    endloop
  endfacet
  facet normal 0.689206 0.724565 0
    outer loop
      vertex 47.0958 -19.9042 2.5
      vertex 47.2167 -20.0192 1.2
      vertex 47.0958 -19.9042 1.2
    endloop
  endfacet
  facet normal -0.0245729 0.999698 0
    outer loop
      vertex 49.6668 -20.8959 1.2
      vertex 49.5 -20.9 2.5
      vertex 49.6668 -20.8959 2.5
    endloop
  endfacet
  facet normal -0.0245729 0.999698 0
    outer loop
      vertex 49.5 -20.9 2.5
      vertex 49.6668 -20.8959 1.2
      vertex 49.5 -20.9 1.2
    endloop
  endfacet
  facet normal -0.0736731 0.997282 0
    outer loop
      vertex 49.8333 -20.8836 1.2
      vertex 49.6668 -20.8959 2.5
      vertex 49.8333 -20.8836 2.5
    endloop
  endfacet
  facet normal -0.0736731 0.997282 0
    outer loop
      vertex 49.6668 -20.8959 2.5
      vertex 49.8333 -20.8836 1.2
      vertex 49.6668 -20.8959 1.2
    endloop
  endfacet
  facet normal 0 0 1
    outer loop
      vertex 51.2 -17.5 1.2
      vertex 52.9 -17.5 1.2
      vertex 52.8959 -17.3332 1.2
    endloop
  endfacet
  facet normal 0 0 1
    outer loop
      vertex 51.198 -17.4166 1.2
      vertex 52.8959 -17.3332 1.2
      vertex 52.8836 -17.1667 1.2
    endloop
  endfacet
  facet normal 0 0 1
    outer loop
      vertex 52.9 -17.5 1.2
      vertex 51.2 -17.5 1.2
      vertex 52.8959 -17.6668 1.2
    endloop
  endfacet
  facet normal 0 0 1
    outer loop
      vertex 51.1918 -17.3334 1.2
      vertex 52.8836 -17.1667 1.2
      vertex 52.8632 -17.0011 1.2
    endloop
  endfacet
  facet normal -0 0 1
    outer loop
      vertex 51.198 -17.5834 1.2
      vertex 52.8959 -17.6668 1.2
      vertex 51.2 -17.5 1.2
    endloop
  endfacet
  facet normal 0 0 1
    outer loop
      vertex 51.1816 -17.2506 1.2
      vertex 52.8632 -17.0011 1.2
      vertex 52.8347 -16.8367 1.2
    endloop
  endfacet
  facet normal 0 0 1
    outer loop
      vertex 52.8959 -17.6668 1.2
      vertex 51.198 -17.5834 1.2
      vertex 52.8836 -17.8333 1.2
    endloop
  endfacet
  facet normal 0 0 1
    outer loop
      vertex 51.1673 -17.1683 1.2
      vertex 52.8347 -16.8367 1.2
      vertex 52.7981 -16.6739 1.2
    endloop
  endfacet
  facet normal -0 0 1
    outer loop
      vertex 51.1918 -17.6666 1.2
      vertex 52.8836 -17.8333 1.2
      vertex 51.198 -17.5834 1.2
    endloop
  endfacet
  facet normal 0 0 1
    outer loop
      vertex 51.1491 -17.0869 1.2
      vertex 52.7981 -16.6739 1.2
      vertex 52.7536 -16.513 1.2
    endloop
  endfacet
  facet normal 0 0 1
    outer loop
      vertex 52.8836 -17.8333 1.2
      vertex 51.1918 -17.6666 1.2
      vertex 52.8632 -17.9989 1.2
    endloop
  endfacet
  facet normal 0 0 1
    outer loop
      vertex 51.1268 -17.0065 1.2
      vertex 52.7536 -16.513 1.2
      vertex 52.7012 -16.3546 1.2
    endloop
  endfacet
  facet normal -0 0 1
    outer loop
      vertex 51.1816 -17.7494 1.2
      vertex 52.8632 -17.9989 1.2
      vertex 51.1918 -17.6666 1.2
    endloop
  endfacet
  facet normal 0 0 1
    outer loop
      vertex 51.1006 -16.9273 1.2
      vertex 52.7012 -16.3546 1.2
      vertex 52.6412 -16.1989 1.2
    endloop
  endfacet
  facet normal 0 0 1
    outer loop
      vertex 52.8632 -17.9989 1.2
      vertex 51.1816 -17.7494 1.2
      vertex 52.8347 -18.1633 1.2
    endloop
  endfacet
  facet normal 0 0 1
    outer loop
      vertex 51.0706 -16.8494 1.2
      vertex 52.6412 -16.1989 1.2
      vertex 52.5736 -16.0463 1.2
    endloop
  endfacet
  facet normal -0 0 1
    outer loop
      vertex 51.1673 -17.8317 1.2
      vertex 52.8347 -18.1633 1.2
      vertex 51.1816 -17.7494 1.2
    endloop
  endfacet
  facet normal 0 0 1
    outer loop
      vertex 51.0368 -16.7732 1.2
      vertex 52.5736 -16.0463 1.2
      vertex 52.4985 -15.8973 1.2
    endloop
  endfacet
  facet normal 0 0 1
    outer loop
      vertex 52.8347 -18.1633 1.2
      vertex 51.1673 -17.8317 1.2
      vertex 52.7981 -18.3261 1.2
    endloop
  endfacet
  facet normal 0 0 1
    outer loop
      vertex 50.9993 -16.6986 1.2
      vertex 52.4985 -15.8973 1.2
      vertex 52.4163 -15.7521 1.2
    endloop
  endfacet
  facet normal -0 0 1
    outer loop
      vertex 51.1491 -17.9131 1.2
      vertex 52.7981 -18.3261 1.2
      vertex 51.1673 -17.8317 1.2
    endloop
  endfacet
  facet normal 0 0 1
    outer loop
      vertex 50.9581 -16.626 1.2
      vertex 52.4163 -15.7521 1.2
      vertex 52.327 -15.6111 1.2
    endloop
  endfacet
  facet normal 0 0 1
    outer loop
      vertex 52.7981 -18.3261 1.2
      vertex 51.1491 -17.9131 1.2
      vertex 52.7536 -18.487 1.2
    endloop
  endfacet
  facet normal 0 0 1
    outer loop
      vertex 50.9135 -16.5555 1.2
      vertex 52.327 -15.6111 1.2
      vertex 52.2309 -15.4746 1.2
    endloop
  endfacet
  facet normal -0 0 1
    outer loop
      vertex 51.1268 -17.9935 1.2
      vertex 52.7536 -18.487 1.2
      vertex 51.1491 -17.9131 1.2
    endloop
  endfacet
  facet normal 0 0 1
    outer loop
      vertex 50.8655 -16.4873 1.2
      vertex 52.2309 -15.4746 1.2
      vertex 52.1282 -15.3431 1.2
    endloop
  endfacet
  facet normal 0 0 1
    outer loop
      vertex 52.7536 -18.487 1.2
      vertex 51.1268 -17.9935 1.2
      vertex 52.7012 -18.6454 1.2
    endloop
  endfacet
  facet normal 0 0 1
    outer loop
      vertex 50.8141 -16.4215 1.2
      vertex 52.1282 -15.3431 1.2
      vertex 52.0192 -15.2167 1.2
    endloop
  endfacet
  facet normal -0 0 1
    outer loop
      vertex 51.1006 -18.0727 1.2
      vertex 52.7012 -18.6454 1.2
      vertex 51.1268 -17.9935 1.2
    endloop
  endfacet
  facet normal 0 0 1
    outer loop
      vertex 50.7596 -16.3583 1.2
      vertex 52.0192 -15.2167 1.2
      vertex 51.9042 -15.0958 1.2
    endloop
  endfacet
  facet normal 0 0 1
    outer loop
      vertex 52.7012 -18.6454 1.2
      vertex 51.1006 -18.0727 1.2
      vertex 52.6412 -18.8011 1.2
    endloop
  endfacet
  facet normal 0 0 1
    outer loop
      vertex 50.7021 -16.2979 1.2
      vertex 51.9042 -15.0958 1.2
      vertex 51.7833 -14.9808 1.2
    endloop
  endfacet
  facet normal -0 0 1
    outer loop
      vertex 51.0706 -18.1506 1.2
      vertex 52.6412 -18.8011 1.2
      vertex 51.1006 -18.0727 1.2
    endloop
  endfacet
  facet normal 0 0 1
    outer loop
      vertex 50.6417 -16.2404 1.2
      vertex 51.7833 -14.9808 1.2
      vertex 51.6569 -14.8718 1.2
    endloop
  endfacet
  facet normal 0 0 1
    outer loop
      vertex 52.6412 -18.8011 1.2
      vertex 51.0706 -18.1506 1.2
      vertex 52.5736 -18.9537 1.2
    endloop
  endfacet
  facet normal 0 0 1
    outer loop
      vertex 50.5785 -16.1859 1.2
      vertex 51.6569 -14.8718 1.2
      vertex 51.5254 -14.7691 1.2
    endloop
  endfacet
  facet normal -0 0 1
    outer loop
      vertex 51.0368 -18.2268 1.2
      vertex 52.5736 -18.9537 1.2
      vertex 51.0706 -18.1506 1.2
    endloop
  endfacet
  facet normal 0 0 1
    outer loop
      vertex 50.5127 -16.1345 1.2
      vertex 51.5254 -14.7691 1.2
      vertex 51.3889 -14.673 1.2
    endloop
  endfacet
  facet normal 0 0 1
    outer loop
      vertex 52.5736 -18.9537 1.2
      vertex 51.0368 -18.2268 1.2
      vertex 52.4985 -19.1027 1.2
    endloop
  endfacet
  facet normal 0 0 1
    outer loop
      vertex 50.4445 -16.0865 1.2
      vertex 51.3889 -14.673 1.2
      vertex 51.2479 -14.5837 1.2
    endloop
  endfacet
  facet normal -0 0 1
    outer loop
      vertex 50.9993 -18.3014 1.2
      vertex 52.4985 -19.1027 1.2
      vertex 51.0368 -18.2268 1.2
    endloop
  endfacet
  facet normal 0 0 1
    outer loop
      vertex 52.4985 -19.1027 1.2
      vertex 50.9993 -18.3014 1.2
      vertex 52.4163 -19.2479 1.2
    endloop
  endfacet
  facet normal 0 0 1
    outer loop
      vertex 52.8959 -17.3332 1.2
      vertex 51.198 -17.4166 1.2
      vertex 51.2 -17.5 1.2
    endloop
  endfacet
  facet normal 0 0 1
    outer loop
      vertex 52.8836 -17.1667 1.2
      vertex 51.1918 -17.3334 1.2
      vertex 51.198 -17.4166 1.2
    endloop
  endfacet
  facet normal 0 0 1
    outer loop
      vertex 52.8632 -17.0011 1.2
      vertex 51.1816 -17.2506 1.2
      vertex 51.1918 -17.3334 1.2
    endloop
  endfacet
  facet normal 0 0 1
    outer loop
      vertex 52.8347 -16.8367 1.2
      vertex 51.1673 -17.1683 1.2
      vertex 51.1816 -17.2506 1.2
    endloop
  endfacet
  facet normal 0 0 1
    outer loop
      vertex 52.7981 -16.6739 1.2
      vertex 51.1491 -17.0869 1.2
      vertex 51.1673 -17.1683 1.2
    endloop
  endfacet
  facet normal 0 0 1
    outer loop
      vertex 52.7536 -16.513 1.2
      vertex 51.1268 -17.0065 1.2
      vertex 51.1491 -17.0869 1.2
    endloop
  endfacet
  facet normal 0 0 1
    outer loop
      vertex 50.374 -16.0419 1.2
      vertex 51.2479 -14.5837 1.2
      vertex 51.1027 -14.5015 1.2
    endloop
  endfacet
  facet normal 0 0 1
    outer loop
      vertex 52.7012 -16.3546 1.2
      vertex 51.1006 -16.9273 1.2
      vertex 51.1268 -17.0065 1.2
    endloop
  endfacet
  facet normal 0 0 1
    outer loop
      vertex 52.6412 -16.1989 1.2
      vertex 51.0706 -16.8494 1.2
      vertex 51.1006 -16.9273 1.2
    endloop
  endfacet
  facet normal 0 0 1
    outer loop
      vertex 52.5736 -16.0463 1.2
      vertex 51.0368 -16.7732 1.2
      vertex 51.0706 -16.8494 1.2
    endloop
  endfacet
  facet normal 0 0 1
    outer loop
      vertex 52.4985 -15.8973 1.2
      vertex 50.9993 -16.6986 1.2
      vertex 51.0368 -16.7732 1.2
    endloop
  endfacet
  facet normal 0 0 1
    outer loop
      vertex 52.4163 -15.7521 1.2
      vertex 50.9581 -16.626 1.2
      vertex 50.9993 -16.6986 1.2
    endloop
  endfacet
  facet normal 0 0 1
    outer loop
      vertex 50.3014 -16.0007 1.2
      vertex 51.1027 -14.5015 1.2
      vertex 50.9537 -14.4264 1.2
    endloop
  endfacet
  facet normal 0 0 1
    outer loop
      vertex 52.327 -15.6111 1.2
      vertex 50.9135 -16.5555 1.2
      vertex 50.9581 -16.626 1.2
    endloop
  endfacet
  facet normal 0 0 1
    outer loop
      vertex 52.2309 -15.4746 1.2
      vertex 50.8655 -16.4873 1.2
      vertex 50.9135 -16.5555 1.2
    endloop
  endfacet
  facet normal 0 0 1
    outer loop
      vertex 52.1282 -15.3431 1.2
      vertex 50.8141 -16.4215 1.2
      vertex 50.8655 -16.4873 1.2
    endloop
  endfacet
  facet normal 0 0 1
    outer loop
      vertex 50.2268 -15.9632 1.2
      vertex 50.9537 -14.4264 1.2
      vertex 50.8011 -14.3588 1.2
    endloop
  endfacet
  facet normal 0 0 1
    outer loop
      vertex 52.0192 -15.2167 1.2
      vertex 50.7596 -16.3583 1.2
      vertex 50.8141 -16.4215 1.2
    endloop
  endfacet
  facet normal 0 0 1
    outer loop
      vertex 51.9042 -15.0958 1.2
      vertex 50.7021 -16.2979 1.2
      vertex 50.7596 -16.3583 1.2
    endloop
  endfacet
  facet normal 0 0 1
    outer loop
      vertex 50.1506 -15.9294 1.2
      vertex 50.8011 -14.3588 1.2
      vertex 50.6454 -14.2988 1.2
    endloop
  endfacet
  facet normal 0 0 1
    outer loop
      vertex 51.7833 -14.9808 1.2
      vertex 50.6417 -16.2404 1.2
      vertex 50.7021 -16.2979 1.2
    endloop
  endfacet
  facet normal 0 0 1
    outer loop
      vertex 51.6569 -14.8718 1.2
      vertex 50.5785 -16.1859 1.2
      vertex 50.6417 -16.2404 1.2
    endloop
  endfacet
  facet normal 0 0 1
    outer loop
      vertex 51.5254 -14.7691 1.2
      vertex 50.5127 -16.1345 1.2
      vertex 50.5785 -16.1859 1.2
    endloop
  endfacet
  facet normal 0 0 1
    outer loop
      vertex 50.0727 -15.8994 1.2
      vertex 50.6454 -14.2988 1.2
      vertex 50.487 -14.2464 1.2
    endloop
  endfacet
  facet normal 0 0 1
    outer loop
      vertex 51.3889 -14.673 1.2
      vertex 50.4445 -16.0865 1.2
      vertex 50.5127 -16.1345 1.2
    endloop
  endfacet
  facet normal 0 0 1
    outer loop
      vertex 51.2479 -14.5837 1.2
      vertex 50.374 -16.0419 1.2
      vertex 50.4445 -16.0865 1.2
    endloop
  endfacet
  facet normal 0 0 1
    outer loop
      vertex 49.9935 -15.8732 1.2
      vertex 50.487 -14.2464 1.2
      vertex 50.3261 -14.2019 1.2
    endloop
  endfacet
  facet normal 0 0 1
    outer loop
      vertex 51.1027 -14.5015 1.2
      vertex 50.3014 -16.0007 1.2
      vertex 50.374 -16.0419 1.2
    endloop
  endfacet
  facet normal 0 0 1
    outer loop
      vertex 50.9537 -14.4264 1.2
      vertex 50.2268 -15.9632 1.2
      vertex 50.3014 -16.0007 1.2
    endloop
  endfacet
  facet normal 0 0 1
    outer loop
      vertex 49.9131 -15.8509 1.2
      vertex 50.3261 -14.2019 1.2
      vertex 50.1633 -14.1653 1.2
    endloop
  endfacet
  facet normal 0 0 1
    outer loop
      vertex 50.8011 -14.3588 1.2
      vertex 50.1506 -15.9294 1.2
      vertex 50.2268 -15.9632 1.2
    endloop
  endfacet
  facet normal 0 0 1
    outer loop
      vertex 50.6454 -14.2988 1.2
      vertex 50.0727 -15.8994 1.2
      vertex 50.1506 -15.9294 1.2
    endloop
  endfacet
  facet normal 0 0 1
    outer loop
      vertex 49.8317 -15.8327 1.2
      vertex 50.1633 -14.1653 1.2
      vertex 49.9989 -14.1368 1.2
    endloop
  endfacet
  facet normal 0 0 1
    outer loop
      vertex 50.487 -14.2464 1.2
      vertex 49.9935 -15.8732 1.2
      vertex 50.0727 -15.8994 1.2
    endloop
  endfacet
  facet normal 0 0 1
    outer loop
      vertex 50.3261 -14.2019 1.2
      vertex 49.9131 -15.8509 1.2
      vertex 49.9935 -15.8732 1.2
    endloop
  endfacet
  facet normal 0 0 1
    outer loop
      vertex 49.7494 -15.8184 1.2
      vertex 49.9989 -14.1368 1.2
      vertex 49.8333 -14.1164 1.2
    endloop
  endfacet
  facet normal 0 0 1
    outer loop
      vertex 50.1633 -14.1653 1.2
      vertex 49.8317 -15.8327 1.2
      vertex 49.9131 -15.8509 1.2
    endloop
  endfacet
  facet normal 0 0 1
    outer loop
      vertex 49.9989 -14.1368 1.2
      vertex 49.7494 -15.8184 1.2
      vertex 49.8317 -15.8327 1.2
    endloop
  endfacet
  facet normal 0 0 1
    outer loop
      vertex 49.6666 -15.8082 1.2
      vertex 49.8333 -14.1164 1.2
      vertex 49.6668 -14.1041 1.2
    endloop
  endfacet
  facet normal 0 0 1
    outer loop
      vertex 49.8333 -14.1164 1.2
      vertex 49.6666 -15.8082 1.2
      vertex 49.7494 -15.8184 1.2
    endloop
  endfacet
  facet normal 0 0 1
    outer loop
      vertex 49.6668 -14.1041 1.2
      vertex 49.5834 -15.802 1.2
      vertex 49.6666 -15.8082 1.2
    endloop
  endfacet
  facet normal 0 0 1
    outer loop
      vertex 49.5 -14.1 1.2
      vertex 49.5834 -15.802 1.2
      vertex 49.6668 -14.1041 1.2
    endloop
  endfacet
  facet normal 0 0 1
    outer loop
      vertex 49.5 -14.1 1.2
      vertex 49.5 -15.8 1.2
      vertex 49.5834 -15.802 1.2
    endloop
  endfacet
  facet normal 0 0 1
    outer loop
      vertex 49.5 -14.1 1.2
      vertex 49.4166 -15.802 1.2
      vertex 49.5 -15.8 1.2
    endloop
  endfacet
  facet normal -0 0 1
    outer loop
      vertex 49.3332 -14.1041 1.2
      vertex 49.4166 -15.802 1.2
      vertex 49.5 -14.1 1.2
    endloop
  endfacet
  facet normal 0 0 1
    outer loop
      vertex 49.4166 -15.802 1.2
      vertex 49.3332 -14.1041 1.2
      vertex 49.3334 -15.8082 1.2
    endloop
  endfacet
  facet normal -0 0 1
    outer loop
      vertex 49.1667 -14.1164 1.2
      vertex 49.3334 -15.8082 1.2
      vertex 49.3332 -14.1041 1.2
    endloop
  endfacet
  facet normal 0 0 1
    outer loop
      vertex 49.3334 -15.8082 1.2
      vertex 49.1667 -14.1164 1.2
      vertex 49.2506 -15.8184 1.2
    endloop
  endfacet
  facet normal -0 0 1
    outer loop
      vertex 49.0011 -14.1368 1.2
      vertex 49.2506 -15.8184 1.2
      vertex 49.1667 -14.1164 1.2
    endloop
  endfacet
  facet normal 0 0 1
    outer loop
      vertex 49.2506 -15.8184 1.2
      vertex 49.0011 -14.1368 1.2
      vertex 49.1683 -15.8327 1.2
    endloop
  endfacet
  facet normal -0 0 1
    outer loop
      vertex 48.8367 -14.1653 1.2
      vertex 49.1683 -15.8327 1.2
      vertex 49.0011 -14.1368 1.2
    endloop
  endfacet
  facet normal 0 0 1
    outer loop
      vertex 49.1683 -15.8327 1.2
      vertex 48.8367 -14.1653 1.2
      vertex 49.0869 -15.8509 1.2
    endloop
  endfacet
  facet normal -0 0 1
    outer loop
      vertex 48.6739 -14.2019 1.2
      vertex 49.0869 -15.8509 1.2
      vertex 48.8367 -14.1653 1.2
    endloop
  endfacet
  facet normal 0 0 1
    outer loop
      vertex 49.0869 -15.8509 1.2
      vertex 48.6739 -14.2019 1.2
      vertex 49.0065 -15.8732 1.2
    endloop
  endfacet
  facet normal -0 0 1
    outer loop
      vertex 48.513 -14.2464 1.2
      vertex 49.0065 -15.8732 1.2
      vertex 48.6739 -14.2019 1.2
    endloop
  endfacet
  facet normal 0 0 1
    outer loop
      vertex 49.0065 -15.8732 1.2
      vertex 48.513 -14.2464 1.2
      vertex 48.9273 -15.8994 1.2
    endloop
  endfacet
  facet normal -0 0 1
    outer loop
      vertex 48.3546 -14.2988 1.2
      vertex 48.9273 -15.8994 1.2
      vertex 48.513 -14.2464 1.2
    endloop
  endfacet
  facet normal 0 0 1
    outer loop
      vertex 48.9273 -15.8994 1.2
      vertex 48.3546 -14.2988 1.2
      vertex 48.8494 -15.9294 1.2
    endloop
  endfacet
  facet normal -0 0 1
    outer loop
      vertex 48.1989 -14.3588 1.2
      vertex 48.8494 -15.9294 1.2
      vertex 48.3546 -14.2988 1.2
    endloop
  endfacet
  facet normal 0 0 1
    outer loop
      vertex 48.8494 -15.9294 1.2
      vertex 48.1989 -14.3588 1.2
      vertex 48.7732 -15.9632 1.2
    endloop
  endfacet
  facet normal -0 0 1
    outer loop
      vertex 48.0463 -14.4264 1.2
      vertex 48.7732 -15.9632 1.2
      vertex 48.1989 -14.3588 1.2
    endloop
  endfacet
  facet normal 0 0 1
    outer loop
      vertex 48.7732 -15.9632 1.2
      vertex 48.0463 -14.4264 1.2
      vertex 48.6986 -16.0007 1.2
    endloop
  endfacet
  facet normal -0 0 1
    outer loop
      vertex 47.8973 -14.5015 1.2
      vertex 48.6986 -16.0007 1.2
      vertex 48.0463 -14.4264 1.2
    endloop
  endfacet
  facet normal 0 0 1
    outer loop
      vertex 48.6986 -16.0007 1.2
      vertex 47.8973 -14.5015 1.2
      vertex 48.626 -16.0419 1.2
    endloop
  endfacet
  facet normal -0 0 1
    outer loop
      vertex 47.7521 -14.5837 1.2
      vertex 48.626 -16.0419 1.2
      vertex 47.8973 -14.5015 1.2
    endloop
  endfacet
  facet normal 0 0 1
    outer loop
      vertex 48.626 -16.0419 1.2
      vertex 47.7521 -14.5837 1.2
      vertex 48.5555 -16.0865 1.2
    endloop
  endfacet
  facet normal -0 0 1
    outer loop
      vertex 47.6111 -14.673 1.2
      vertex 48.5555 -16.0865 1.2
      vertex 47.7521 -14.5837 1.2
    endloop
  endfacet
  facet normal 0 0 1
    outer loop
      vertex 48.5555 -16.0865 1.2
      vertex 47.6111 -14.673 1.2
      vertex 48.4873 -16.1345 1.2
    endloop
  endfacet
  facet normal -0 0 1
    outer loop
      vertex 47.4746 -14.7691 1.2
      vertex 48.4873 -16.1345 1.2
      vertex 47.6111 -14.673 1.2
    endloop
  endfacet
  facet normal 0 0 1
    outer loop
      vertex 48.4873 -16.1345 1.2
      vertex 47.4746 -14.7691 1.2
      vertex 48.4215 -16.1859 1.2
    endloop
  endfacet
  facet normal -0 0 1
    outer loop
      vertex 47.3431 -14.8718 1.2
      vertex 48.4215 -16.1859 1.2
      vertex 47.4746 -14.7691 1.2
    endloop
  endfacet
  facet normal 0 0 1
    outer loop
      vertex 48.4215 -16.1859 1.2
      vertex 47.3431 -14.8718 1.2
      vertex 48.3583 -16.2404 1.2
    endloop
  endfacet
  facet normal -0 0 1
    outer loop
      vertex 47.2167 -14.9808 1.2
      vertex 48.3583 -16.2404 1.2
      vertex 47.3431 -14.8718 1.2
    endloop
  endfacet
  facet normal 0 0 1
    outer loop
      vertex 48.3583 -16.2404 1.2
      vertex 47.2167 -14.9808 1.2
      vertex 48.2979 -16.2979 1.2
    endloop
  endfacet
  facet normal -0 0 1
    outer loop
      vertex 47.0958 -15.0958 1.2
      vertex 48.2979 -16.2979 1.2
      vertex 47.2167 -14.9808 1.2
    endloop
  endfacet
  facet normal 0 0 1
    outer loop
      vertex 48.2979 -16.2979 1.2
      vertex 47.0958 -15.0958 1.2
      vertex 48.2404 -16.3583 1.2
    endloop
  endfacet
  facet normal -0 0 1
    outer loop
      vertex 46.9808 -15.2167 1.2
      vertex 48.2404 -16.3583 1.2
      vertex 47.0958 -15.0958 1.2
    endloop
  endfacet
  facet normal 0 0 1
    outer loop
      vertex 48.2404 -16.3583 1.2
      vertex 46.9808 -15.2167 1.2
      vertex 48.1859 -16.4215 1.2
    endloop
  endfacet
  facet normal -0 0 1
    outer loop
      vertex 46.8718 -15.3431 1.2
      vertex 48.1859 -16.4215 1.2
      vertex 46.9808 -15.2167 1.2
    endloop
  endfacet
  facet normal 0 0 1
    outer loop
      vertex 48.1859 -16.4215 1.2
      vertex 46.8718 -15.3431 1.2
      vertex 48.1345 -16.4873 1.2
    endloop
  endfacet
  facet normal -0 0 1
    outer loop
      vertex 46.7691 -15.4746 1.2
      vertex 48.1345 -16.4873 1.2
      vertex 46.8718 -15.3431 1.2
    endloop
  endfacet
  facet normal 0 0 1
    outer loop
      vertex 48.1345 -16.4873 1.2
      vertex 46.7691 -15.4746 1.2
      vertex 48.0865 -16.5555 1.2
    endloop
  endfacet
  facet normal -0 0 1
    outer loop
      vertex 46.673 -15.6111 1.2
      vertex 48.0865 -16.5555 1.2
      vertex 46.7691 -15.4746 1.2
    endloop
  endfacet
  facet normal 0 0 1
    outer loop
      vertex 48.0865 -16.5555 1.2
      vertex 46.673 -15.6111 1.2
      vertex 48.0419 -16.626 1.2
    endloop
  endfacet
  facet normal 0 0 1
    outer loop
      vertex 48.0419 -16.626 1.2
      vertex 46.5837 -15.7521 1.2
      vertex 48.0007 -16.6986 1.2
    endloop
  endfacet
  facet normal -0 0 1
    outer loop
      vertex 46.5837 -15.7521 1.2
      vertex 48.0419 -16.626 1.2
      vertex 46.673 -15.6111 1.2
    endloop
  endfacet
  facet normal -0 0 1
    outer loop
      vertex 50.9581 -18.374 1.2
      vertex 52.4163 -19.2479 1.2
      vertex 50.9993 -18.3014 1.2
    endloop
  endfacet
  facet normal 0 0 1
    outer loop
      vertex 52.4163 -19.2479 1.2
      vertex 50.9581 -18.374 1.2
      vertex 52.327 -19.3889 1.2
    endloop
  endfacet
  facet normal -0 0 1
    outer loop
      vertex 50.9135 -18.4445 1.2
      vertex 52.327 -19.3889 1.2
      vertex 50.9581 -18.374 1.2
    endloop
  endfacet
  facet normal 0 0 1
    outer loop
      vertex 52.327 -19.3889 1.2
      vertex 50.9135 -18.4445 1.2
      vertex 52.2309 -19.5254 1.2
    endloop
  endfacet
  facet normal -0 0 1
    outer loop
      vertex 50.8655 -18.5127 1.2
      vertex 52.2309 -19.5254 1.2
      vertex 50.9135 -18.4445 1.2
    endloop
  endfacet
  facet normal 0 0 1
    outer loop
      vertex 52.2309 -19.5254 1.2
      vertex 50.8655 -18.5127 1.2
      vertex 52.1282 -19.6569 1.2
    endloop
  endfacet
  facet normal -0 0 1
    outer loop
      vertex 50.8141 -18.5785 1.2
      vertex 52.1282 -19.6569 1.2
      vertex 50.8655 -18.5127 1.2
    endloop
  endfacet
  facet normal 0 0 1
    outer loop
      vertex 52.1282 -19.6569 1.2
      vertex 50.8141 -18.5785 1.2
      vertex 52.0192 -19.7833 1.2
    endloop
  endfacet
  facet normal -0 0 1
    outer loop
      vertex 50.7596 -18.6417 1.2
      vertex 52.0192 -19.7833 1.2
      vertex 50.8141 -18.5785 1.2
    endloop
  endfacet
  facet normal 0 0 1
    outer loop
      vertex 52.0192 -19.7833 1.2
      vertex 50.7596 -18.6417 1.2
      vertex 51.9042 -19.9042 1.2
    endloop
  endfacet
  facet normal -0 0 1
    outer loop
      vertex 50.7021 -18.7021 1.2
      vertex 51.9042 -19.9042 1.2
      vertex 50.7596 -18.6417 1.2
    endloop
  endfacet
  facet normal 0 0 1
    outer loop
      vertex 51.9042 -19.9042 1.2
      vertex 50.7021 -18.7021 1.2
      vertex 51.7833 -20.0192 1.2
    endloop
  endfacet
  facet normal -0 0 1
    outer loop
      vertex 50.6417 -18.7596 1.2
      vertex 51.7833 -20.0192 1.2
      vertex 50.7021 -18.7021 1.2
    endloop
  endfacet
  facet normal 0 0 1
    outer loop
      vertex 51.7833 -20.0192 1.2
      vertex 50.6417 -18.7596 1.2
      vertex 51.6569 -20.1282 1.2
    endloop
  endfacet
  facet normal -0 0 1
    outer loop
      vertex 50.5785 -18.8141 1.2
      vertex 51.6569 -20.1282 1.2
      vertex 50.6417 -18.7596 1.2
    endloop
  endfacet
  facet normal 0 0 1
    outer loop
      vertex 51.6569 -20.1282 1.2
      vertex 50.5785 -18.8141 1.2
      vertex 51.5254 -20.2309 1.2
    endloop
  endfacet
  facet normal -0 0 1
    outer loop
      vertex 50.5127 -18.8655 1.2
      vertex 51.5254 -20.2309 1.2
      vertex 50.5785 -18.8141 1.2
    endloop
  endfacet
  facet normal 0 0 1
    outer loop
      vertex 51.5254 -20.2309 1.2
      vertex 50.5127 -18.8655 1.2
      vertex 51.3889 -20.327 1.2
    endloop
  endfacet
  facet normal -0 0 1
    outer loop
      vertex 50.4445 -18.9135 1.2
      vertex 51.3889 -20.327 1.2
      vertex 50.5127 -18.8655 1.2
    endloop
  endfacet
  facet normal 0 0 1
    outer loop
      vertex 51.3889 -20.327 1.2
      vertex 50.4445 -18.9135 1.2
      vertex 51.2479 -20.4163 1.2
    endloop
  endfacet
  facet normal -0 0 1
    outer loop
      vertex 50.374 -18.9581 1.2
      vertex 51.2479 -20.4163 1.2
      vertex 50.4445 -18.9135 1.2
    endloop
  endfacet
  facet normal 0 0 1
    outer loop
      vertex 51.2479 -20.4163 1.2
      vertex 50.374 -18.9581 1.2
      vertex 51.1027 -20.4985 1.2
    endloop
  endfacet
  facet normal -0 0 1
    outer loop
      vertex 50.3014 -18.9993 1.2
      vertex 51.1027 -20.4985 1.2
      vertex 50.374 -18.9581 1.2
    endloop
  endfacet
  facet normal 0 0 1
    outer loop
      vertex 51.1027 -20.4985 1.2
      vertex 50.3014 -18.9993 1.2
      vertex 50.9537 -20.5736 1.2
    endloop
  endfacet
  facet normal -0 0 1
    outer loop
      vertex 50.2268 -19.0368 1.2
      vertex 50.9537 -20.5736 1.2
      vertex 50.3014 -18.9993 1.2
    endloop
  endfacet
  facet normal 0 0 1
    outer loop
      vertex 50.9537 -20.5736 1.2
      vertex 50.2268 -19.0368 1.2
      vertex 50.8011 -20.6412 1.2
    endloop
  endfacet
  facet normal -0 0 1
    outer loop
      vertex 50.1506 -19.0706 1.2
      vertex 50.8011 -20.6412 1.2
      vertex 50.2268 -19.0368 1.2
    endloop
  endfacet
  facet normal 0 0 1
    outer loop
      vertex 50.8011 -20.6412 1.2
      vertex 50.1506 -19.0706 1.2
      vertex 50.6454 -20.7012 1.2
    endloop
  endfacet
  facet normal -0 0 1
    outer loop
      vertex 50.0727 -19.1006 1.2
      vertex 50.6454 -20.7012 1.2
      vertex 50.1506 -19.0706 1.2
    endloop
  endfacet
  facet normal 0 0 1
    outer loop
      vertex 50.6454 -20.7012 1.2
      vertex 50.0727 -19.1006 1.2
      vertex 50.487 -20.7536 1.2
    endloop
  endfacet
  facet normal -0 0 1
    outer loop
      vertex 49.9935 -19.1268 1.2
      vertex 50.487 -20.7536 1.2
      vertex 50.0727 -19.1006 1.2
    endloop
  endfacet
  facet normal 0 0 1
    outer loop
      vertex 50.487 -20.7536 1.2
      vertex 49.9935 -19.1268 1.2
      vertex 50.3261 -20.7981 1.2
    endloop
  endfacet
  facet normal -0 0 1
    outer loop
      vertex 49.9131 -19.1491 1.2
      vertex 50.3261 -20.7981 1.2
      vertex 49.9935 -19.1268 1.2
    endloop
  endfacet
  facet normal 0 0 1
    outer loop
      vertex 50.3261 -20.7981 1.2
      vertex 49.9131 -19.1491 1.2
      vertex 50.1633 -20.8347 1.2
    endloop
  endfacet
  facet normal -0 0 1
    outer loop
      vertex 49.8317 -19.1673 1.2
      vertex 50.1633 -20.8347 1.2
      vertex 49.9131 -19.1491 1.2
    endloop
  endfacet
  facet normal 0 0 1
    outer loop
      vertex 50.1633 -20.8347 1.2
      vertex 49.8317 -19.1673 1.2
      vertex 49.9989 -20.8632 1.2
    endloop
  endfacet
  facet normal -0 0 1
    outer loop
      vertex 49.7494 -19.1816 1.2
      vertex 49.9989 -20.8632 1.2
      vertex 49.8317 -19.1673 1.2
    endloop
  endfacet
  facet normal 0 0 1
    outer loop
      vertex 49.9989 -20.8632 1.2
      vertex 49.7494 -19.1816 1.2
      vertex 49.8333 -20.8836 1.2
    endloop
  endfacet
  facet normal -0 0 1
    outer loop
      vertex 49.6666 -19.1918 1.2
      vertex 49.8333 -20.8836 1.2
      vertex 49.7494 -19.1816 1.2
    endloop
  endfacet
  facet normal 0 0 1
    outer loop
      vertex 49.8333 -20.8836 1.2
      vertex 49.6666 -19.1918 1.2
      vertex 49.6668 -20.8959 1.2
    endloop
  endfacet
  facet normal -0 0 1
    outer loop
      vertex 49.5834 -19.198 1.2
      vertex 49.6668 -20.8959 1.2
      vertex 49.6666 -19.1918 1.2
    endloop
  endfacet
  facet normal -0 0 1
    outer loop
      vertex 49.5 -19.2 1.2
      vertex 49.6668 -20.8959 1.2
      vertex 49.5834 -19.198 1.2
    endloop
  endfacet
  facet normal 0 0 1
    outer loop
      vertex 49.5 -19.2 1.2
      vertex 49.5 -20.9 1.2
      vertex 49.6668 -20.8959 1.2
    endloop
  endfacet
  facet normal 0 0 1
    outer loop
      vertex 49.4166 -19.198 1.2
      vertex 49.5 -20.9 1.2
      vertex 49.5 -19.2 1.2
    endloop
  endfacet
  facet normal 0 0 1
    outer loop
      vertex 49.3332 -20.8959 1.2
      vertex 49.4166 -19.198 1.2
      vertex 49.3334 -19.1918 1.2
    endloop
  endfacet
  facet normal 0 0 1
    outer loop
      vertex 49.4166 -19.198 1.2
      vertex 49.3332 -20.8959 1.2
      vertex 49.5 -20.9 1.2
    endloop
  endfacet
  facet normal 0 0 1
    outer loop
      vertex 49.1667 -20.8836 1.2
      vertex 49.3334 -19.1918 1.2
      vertex 49.2506 -19.1816 1.2
    endloop
  endfacet
  facet normal 0 0 1
    outer loop
      vertex 49.0011 -20.8632 1.2
      vertex 49.2506 -19.1816 1.2
      vertex 49.1683 -19.1673 1.2
    endloop
  endfacet
  facet normal 0 0 1
    outer loop
      vertex 49.3334 -19.1918 1.2
      vertex 49.1667 -20.8836 1.2
      vertex 49.3332 -20.8959 1.2
    endloop
  endfacet
  facet normal 0 0 1
    outer loop
      vertex 48.8367 -20.8347 1.2
      vertex 49.1683 -19.1673 1.2
      vertex 49.0869 -19.1491 1.2
    endloop
  endfacet
  facet normal 0 0 1
    outer loop
      vertex 48.6739 -20.7981 1.2
      vertex 49.0869 -19.1491 1.2
      vertex 49.0065 -19.1268 1.2
    endloop
  endfacet
  facet normal 0 0 1
    outer loop
      vertex 49.2506 -19.1816 1.2
      vertex 49.0011 -20.8632 1.2
      vertex 49.1667 -20.8836 1.2
    endloop
  endfacet
  facet normal 0 0 1
    outer loop
      vertex 48.513 -20.7536 1.2
      vertex 49.0065 -19.1268 1.2
      vertex 48.9273 -19.1006 1.2
    endloop
  endfacet
  facet normal 0 0 1
    outer loop
      vertex 48.3546 -20.7012 1.2
      vertex 48.9273 -19.1006 1.2
      vertex 48.8494 -19.0706 1.2
    endloop
  endfacet
  facet normal 0 0 1
    outer loop
      vertex 49.1683 -19.1673 1.2
      vertex 48.8367 -20.8347 1.2
      vertex 49.0011 -20.8632 1.2
    endloop
  endfacet
  facet normal 0 0 1
    outer loop
      vertex 48.1989 -20.6412 1.2
      vertex 48.8494 -19.0706 1.2
      vertex 48.7732 -19.0368 1.2
    endloop
  endfacet
  facet normal 0 0 1
    outer loop
      vertex 48.0463 -20.5736 1.2
      vertex 48.7732 -19.0368 1.2
      vertex 48.6986 -18.9993 1.2
    endloop
  endfacet
  facet normal 0 0 1
    outer loop
      vertex 49.0869 -19.1491 1.2
      vertex 48.6739 -20.7981 1.2
      vertex 48.8367 -20.8347 1.2
    endloop
  endfacet
  facet normal 0 0 1
    outer loop
      vertex 47.8973 -20.4985 1.2
      vertex 48.6986 -18.9993 1.2
      vertex 48.626 -18.9581 1.2
    endloop
  endfacet
  facet normal 0 0 1
    outer loop
      vertex 47.7521 -20.4163 1.2
      vertex 48.626 -18.9581 1.2
      vertex 48.5555 -18.9135 1.2
    endloop
  endfacet
  facet normal 0 0 1
    outer loop
      vertex 49.0065 -19.1268 1.2
      vertex 48.513 -20.7536 1.2
      vertex 48.6739 -20.7981 1.2
    endloop
  endfacet
  facet normal 0 0 1
    outer loop
      vertex 47.6111 -20.327 1.2
      vertex 48.5555 -18.9135 1.2
      vertex 48.4873 -18.8655 1.2
    endloop
  endfacet
  facet normal 0 0 1
    outer loop
      vertex 47.4746 -20.2309 1.2
      vertex 48.4873 -18.8655 1.2
      vertex 48.4215 -18.8141 1.2
    endloop
  endfacet
  facet normal 0 0 1
    outer loop
      vertex 47.3431 -20.1282 1.2
      vertex 48.4215 -18.8141 1.2
      vertex 48.3583 -18.7596 1.2
    endloop
  endfacet
  facet normal 0 0 1
    outer loop
      vertex 48.9273 -19.1006 1.2
      vertex 48.3546 -20.7012 1.2
      vertex 48.513 -20.7536 1.2
    endloop
  endfacet
  facet normal 0 0 1
    outer loop
      vertex 47.2167 -20.0192 1.2
      vertex 48.3583 -18.7596 1.2
      vertex 48.2979 -18.7021 1.2
    endloop
  endfacet
  facet normal 0 0 1
    outer loop
      vertex 47.0958 -19.9042 1.2
      vertex 48.2979 -18.7021 1.2
      vertex 48.2404 -18.6417 1.2
    endloop
  endfacet
  facet normal 0 0 1
    outer loop
      vertex 48.8494 -19.0706 1.2
      vertex 48.1989 -20.6412 1.2
      vertex 48.3546 -20.7012 1.2
    endloop
  endfacet
  facet normal 0 0 1
    outer loop
      vertex 46.9808 -19.7833 1.2
      vertex 48.2404 -18.6417 1.2
      vertex 48.1859 -18.5785 1.2
    endloop
  endfacet
  facet normal 0 0 1
    outer loop
      vertex 46.8718 -19.6569 1.2
      vertex 48.1859 -18.5785 1.2
      vertex 48.1345 -18.5127 1.2
    endloop
  endfacet
  facet normal 0 0 1
    outer loop
      vertex 46.7691 -19.5254 1.2
      vertex 48.1345 -18.5127 1.2
      vertex 48.0865 -18.4445 1.2
    endloop
  endfacet
  facet normal 0 0 1
    outer loop
      vertex 48.7732 -19.0368 1.2
      vertex 48.0463 -20.5736 1.2
      vertex 48.1989 -20.6412 1.2
    endloop
  endfacet
  facet normal 0 0 1
    outer loop
      vertex 46.673 -19.3889 1.2
      vertex 48.0865 -18.4445 1.2
      vertex 48.0419 -18.374 1.2
    endloop
  endfacet
  facet normal 0 0 1
    outer loop
      vertex 46.5837 -19.2479 1.2
      vertex 48.0419 -18.374 1.2
      vertex 48.0007 -18.3014 1.2
    endloop
  endfacet
  facet normal 0 0 1
    outer loop
      vertex 46.5015 -19.1027 1.2
      vertex 48.0007 -18.3014 1.2
      vertex 47.9632 -18.2268 1.2
    endloop
  endfacet
  facet normal 0 0 1
    outer loop
      vertex 46.4264 -18.9537 1.2
      vertex 47.9632 -18.2268 1.2
      vertex 47.9294 -18.1506 1.2
    endloop
  endfacet
  facet normal 0 0 1
    outer loop
      vertex 46.3588 -18.8011 1.2
      vertex 47.9294 -18.1506 1.2
      vertex 47.8994 -18.0727 1.2
    endloop
  endfacet
  facet normal 0 0 1
    outer loop
      vertex 48.6986 -18.9993 1.2
      vertex 47.8973 -20.4985 1.2
      vertex 48.0463 -20.5736 1.2
    endloop
  endfacet
  facet normal 0 0 1
    outer loop
      vertex 46.2988 -18.6454 1.2
      vertex 47.8994 -18.0727 1.2
      vertex 47.8732 -17.9935 1.2
    endloop
  endfacet
  facet normal 0 0 1
    outer loop
      vertex 46.2464 -18.487 1.2
      vertex 47.8732 -17.9935 1.2
      vertex 47.8509 -17.9131 1.2
    endloop
  endfacet
  facet normal 0 0 1
    outer loop
      vertex 46.2019 -18.3261 1.2
      vertex 47.8509 -17.9131 1.2
      vertex 47.8327 -17.8317 1.2
    endloop
  endfacet
  facet normal 0 0 1
    outer loop
      vertex 46.1653 -18.1633 1.2
      vertex 47.8327 -17.8317 1.2
      vertex 47.8184 -17.7494 1.2
    endloop
  endfacet
  facet normal 0 0 1
    outer loop
      vertex 46.1368 -17.9989 1.2
      vertex 47.8184 -17.7494 1.2
      vertex 47.8082 -17.6666 1.2
    endloop
  endfacet
  facet normal 0 0 1
    outer loop
      vertex 46.1164 -17.8333 1.2
      vertex 47.8082 -17.6666 1.2
      vertex 47.802 -17.5834 1.2
    endloop
  endfacet
  facet normal 0 0 1
    outer loop
      vertex 48.626 -18.9581 1.2
      vertex 47.7521 -20.4163 1.2
      vertex 47.8973 -20.4985 1.2
    endloop
  endfacet
  facet normal 0 0 1
    outer loop
      vertex 46.1041 -17.6668 1.2
      vertex 47.802 -17.5834 1.2
      vertex 47.8 -17.5 1.2
    endloop
  endfacet
  facet normal -0 0 1
    outer loop
      vertex 46.5015 -15.8973 1.2
      vertex 48.0007 -16.6986 1.2
      vertex 46.5837 -15.7521 1.2
    endloop
  endfacet
  facet normal 0 0 1
    outer loop
      vertex 48.0007 -16.6986 1.2
      vertex 46.5015 -15.8973 1.2
      vertex 47.9632 -16.7732 1.2
    endloop
  endfacet
  facet normal 0 0 1
    outer loop
      vertex 48.5555 -18.9135 1.2
      vertex 47.6111 -20.327 1.2
      vertex 47.7521 -20.4163 1.2
    endloop
  endfacet
  facet normal -0 0 1
    outer loop
      vertex 46.4264 -16.0463 1.2
      vertex 47.9632 -16.7732 1.2
      vertex 46.5015 -15.8973 1.2
    endloop
  endfacet
  facet normal 0 0 1
    outer loop
      vertex 48.4873 -18.8655 1.2
      vertex 47.4746 -20.2309 1.2
      vertex 47.6111 -20.327 1.2
    endloop
  endfacet
  facet normal 0 0 1
    outer loop
      vertex 47.9632 -16.7732 1.2
      vertex 46.4264 -16.0463 1.2
      vertex 47.9294 -16.8494 1.2
    endloop
  endfacet
  facet normal 0 0 1
    outer loop
      vertex 48.4215 -18.8141 1.2
      vertex 47.3431 -20.1282 1.2
      vertex 47.4746 -20.2309 1.2
    endloop
  endfacet
  facet normal -0 0 1
    outer loop
      vertex 46.3588 -16.1989 1.2
      vertex 47.9294 -16.8494 1.2
      vertex 46.4264 -16.0463 1.2
    endloop
  endfacet
  facet normal 0 0 1
    outer loop
      vertex 48.3583 -18.7596 1.2
      vertex 47.2167 -20.0192 1.2
      vertex 47.3431 -20.1282 1.2
    endloop
  endfacet
  facet normal 0 0 1
    outer loop
      vertex 47.9294 -16.8494 1.2
      vertex 46.3588 -16.1989 1.2
      vertex 47.8994 -16.9273 1.2
    endloop
  endfacet
  facet normal 0 0 1
    outer loop
      vertex 48.2979 -18.7021 1.2
      vertex 47.0958 -19.9042 1.2
      vertex 47.2167 -20.0192 1.2
    endloop
  endfacet
  facet normal -0 0 1
    outer loop
      vertex 46.2988 -16.3546 1.2
      vertex 47.8994 -16.9273 1.2
      vertex 46.3588 -16.1989 1.2
    endloop
  endfacet
  facet normal 0 0 1
    outer loop
      vertex 48.2404 -18.6417 1.2
      vertex 46.9808 -19.7833 1.2
      vertex 47.0958 -19.9042 1.2
    endloop
  endfacet
  facet normal 0 0 1
    outer loop
      vertex 47.8994 -16.9273 1.2
      vertex 46.2988 -16.3546 1.2
      vertex 47.8732 -17.0065 1.2
    endloop
  endfacet
  facet normal 0 0 1
    outer loop
      vertex 48.1859 -18.5785 1.2
      vertex 46.8718 -19.6569 1.2
      vertex 46.9808 -19.7833 1.2
    endloop
  endfacet
  facet normal -0 0 1
    outer loop
      vertex 46.2464 -16.513 1.2
      vertex 47.8732 -17.0065 1.2
      vertex 46.2988 -16.3546 1.2
    endloop
  endfacet
  facet normal 0 0 1
    outer loop
      vertex 48.1345 -18.5127 1.2
      vertex 46.7691 -19.5254 1.2
      vertex 46.8718 -19.6569 1.2
    endloop
  endfacet
  facet normal 0 0 1
    outer loop
      vertex 47.8732 -17.0065 1.2
      vertex 46.2464 -16.513 1.2
      vertex 47.8509 -17.0869 1.2
    endloop
  endfacet
  facet normal 0 0 1
    outer loop
      vertex 48.0865 -18.4445 1.2
      vertex 46.673 -19.3889 1.2
      vertex 46.7691 -19.5254 1.2
    endloop
  endfacet
  facet normal -0 0 1
    outer loop
      vertex 46.2019 -16.6739 1.2
      vertex 47.8509 -17.0869 1.2
      vertex 46.2464 -16.513 1.2
    endloop
  endfacet
  facet normal 0 0 1
    outer loop
      vertex 48.0419 -18.374 1.2
      vertex 46.5837 -19.2479 1.2
      vertex 46.673 -19.3889 1.2
    endloop
  endfacet
  facet normal 0 0 1
    outer loop
      vertex 47.8509 -17.0869 1.2
      vertex 46.2019 -16.6739 1.2
      vertex 47.8327 -17.1683 1.2
    endloop
  endfacet
  facet normal 0 0 1
    outer loop
      vertex 48.0007 -18.3014 1.2
      vertex 46.5015 -19.1027 1.2
      vertex 46.5837 -19.2479 1.2
    endloop
  endfacet
  facet normal -0 0 1
    outer loop
      vertex 46.1653 -16.8367 1.2
      vertex 47.8327 -17.1683 1.2
      vertex 46.2019 -16.6739 1.2
    endloop
  endfacet
  facet normal 0 0 1
    outer loop
      vertex 47.9632 -18.2268 1.2
      vertex 46.4264 -18.9537 1.2
      vertex 46.5015 -19.1027 1.2
    endloop
  endfacet
  facet normal 0 0 1
    outer loop
      vertex 47.8327 -17.1683 1.2
      vertex 46.1653 -16.8367 1.2
      vertex 47.8184 -17.2506 1.2
    endloop
  endfacet
  facet normal 0 0 1
    outer loop
      vertex 47.9294 -18.1506 1.2
      vertex 46.3588 -18.8011 1.2
      vertex 46.4264 -18.9537 1.2
    endloop
  endfacet
  facet normal -0 0 1
    outer loop
      vertex 46.1368 -17.0011 1.2
      vertex 47.8184 -17.2506 1.2
      vertex 46.1653 -16.8367 1.2
    endloop
  endfacet
  facet normal 0 0 1
    outer loop
      vertex 47.8994 -18.0727 1.2
      vertex 46.2988 -18.6454 1.2
      vertex 46.3588 -18.8011 1.2
    endloop
  endfacet
  facet normal 0 0 1
    outer loop
      vertex 47.8184 -17.2506 1.2
      vertex 46.1368 -17.0011 1.2
      vertex 47.8082 -17.3334 1.2
    endloop
  endfacet
  facet normal 0 0 1
    outer loop
      vertex 47.8732 -17.9935 1.2
      vertex 46.2464 -18.487 1.2
      vertex 46.2988 -18.6454 1.2
    endloop
  endfacet
  facet normal -0 0 1
    outer loop
      vertex 46.1164 -17.1667 1.2
      vertex 47.8082 -17.3334 1.2
      vertex 46.1368 -17.0011 1.2
    endloop
  endfacet
  facet normal 0 0 1
    outer loop
      vertex 47.8509 -17.9131 1.2
      vertex 46.2019 -18.3261 1.2
      vertex 46.2464 -18.487 1.2
    endloop
  endfacet
  facet normal 0 0 1
    outer loop
      vertex 47.8082 -17.3334 1.2
      vertex 46.1164 -17.1667 1.2
      vertex 47.802 -17.4166 1.2
    endloop
  endfacet
  facet normal 0 0 1
    outer loop
      vertex 47.8327 -17.8317 1.2
      vertex 46.1653 -18.1633 1.2
      vertex 46.2019 -18.3261 1.2
    endloop
  endfacet
  facet normal -0 0 1
    outer loop
      vertex 46.1041 -17.3332 1.2
      vertex 47.802 -17.4166 1.2
      vertex 46.1164 -17.1667 1.2
    endloop
  endfacet
  facet normal 0 0 1
    outer loop
      vertex 47.8184 -17.7494 1.2
      vertex 46.1368 -17.9989 1.2
      vertex 46.1653 -18.1633 1.2
    endloop
  endfacet
  facet normal 0 0 1
    outer loop
      vertex 47.802 -17.4166 1.2
      vertex 46.1041 -17.3332 1.2
      vertex 47.8 -17.5 1.2
    endloop
  endfacet
  facet normal 0 0 1
    outer loop
      vertex 47.8082 -17.6666 1.2
      vertex 46.1164 -17.8333 1.2
      vertex 46.1368 -17.9989 1.2
    endloop
  endfacet
  facet normal 0 0 1
    outer loop
      vertex 46.1 -17.5 1.2
      vertex 47.8 -17.5 1.2
      vertex 46.1041 -17.3332 1.2
    endloop
  endfacet
  facet normal 0 0 1
    outer loop
      vertex 47.802 -17.5834 1.2
      vertex 46.1041 -17.6668 1.2
      vertex 46.1164 -17.8333 1.2
    endloop
  endfacet
  facet normal 0 0 1
    outer loop
      vertex 47.8 -17.5 1.2
      vertex 46.1 -17.5 1.2
      vertex 46.1041 -17.6668 1.2
    endloop
  endfacet
  facet normal -0.219341 0.975648 0
    outer loop
      vertex 50.3261 -20.7981 1.2
      vertex 50.1633 -20.8347 2.5
      vertex 50.3261 -20.7981 2.5
    endloop
  endfacet
  facet normal -0.219341 0.975648 0
    outer loop
      vertex 50.1633 -20.8347 2.5
      vertex 50.3261 -20.7981 1.2
      vertex 50.1633 -20.8347 1.2
    endloop
  endfacet
  facet normal -0.653058 0.757308 0
    outer loop
      vertex 51.7833 -20.0192 1.2
      vertex 51.6569 -20.1282 2.5
      vertex 51.7833 -20.0192 2.5
    endloop
  endfacet
  facet normal -0.653058 0.757308 0
    outer loop
      vertex 51.6569 -20.1282 2.5
      vertex 51.7833 -20.0192 1.2
      vertex 51.6569 -20.1282 1.2
    endloop
  endfacet
  facet normal -0.689206 0.724565 0
    outer loop
      vertex 51.9042 -19.9042 1.2
      vertex 51.7833 -20.0192 2.5
      vertex 51.9042 -19.9042 2.5
    endloop
  endfacet
  facet normal -0.689206 0.724565 0
    outer loop
      vertex 51.7833 -20.0192 2.5
      vertex 51.9042 -19.9042 1.2
      vertex 51.7833 -20.0192 1.2
    endloop
  endfacet
  facet normal -0.724565 0.689206 0
    outer loop
      vertex 51.9042 -19.9042 1.2
      vertex 52.0192 -19.7833 2.5
      vertex 52.0192 -19.7833 1.2
    endloop
  endfacet
  facet normal -0.724565 0.689206 0
    outer loop
      vertex 52.0192 -19.7833 2.5
      vertex 51.9042 -19.9042 1.2
      vertex 51.9042 -19.9042 2.5
    endloop
  endfacet
  facet normal -0.844819 0.535052 0
    outer loop
      vertex 52.327 -19.3889 1.2
      vertex 52.4163 -19.2479 2.5
      vertex 52.4163 -19.2479 1.2
    endloop
  endfacet
  facet normal -0.844819 0.535052 0
    outer loop
      vertex 52.4163 -19.2479 2.5
      vertex 52.327 -19.3889 1.2
      vertex 52.327 -19.3889 2.5
    endloop
  endfacet
  facet normal -0.757308 0.653058 0
    outer loop
      vertex 52.0192 -19.7833 1.2
      vertex 52.1282 -19.6569 2.5
      vertex 52.1282 -19.6569 1.2
    endloop
  endfacet
  facet normal -0.757308 0.653058 0
    outer loop
      vertex 52.1282 -19.6569 2.5
      vertex 52.0192 -19.7833 1.2
      vertex 52.0192 -19.7833 2.5
    endloop
  endfacet
  facet normal -0.933114 0.359581 0
    outer loop
      vertex 52.6412 -18.8011 1.2
      vertex 52.7012 -18.6454 2.5
      vertex 52.7012 -18.6454 1.2
    endloop
  endfacet
  facet normal -0.933114 0.359581 0
    outer loop
      vertex 52.7012 -18.6454 2.5
      vertex 52.6412 -18.8011 1.2
      vertex 52.6412 -18.8011 2.5
    endloop
  endfacet
  facet normal -0.963818 0.266562 0
    outer loop
      vertex 52.7536 -18.487 1.2
      vertex 52.7981 -18.3261 2.5
      vertex 52.7981 -18.3261 1.2
    endloop
  endfacet
  facet normal -0.963818 0.266562 0
    outer loop
      vertex 52.7981 -18.3261 2.5
      vertex 52.7536 -18.487 1.2
      vertex 52.7536 -18.487 2.5
    endloop
  endfacet
  facet normal -0.9494 0.314069 0
    outer loop
      vertex 52.7012 -18.6454 1.2
      vertex 52.7536 -18.487 2.5
      vertex 52.7536 -18.487 1.2
    endloop
  endfacet
  facet normal -0.9494 0.314069 0
    outer loop
      vertex 52.7536 -18.487 2.5
      vertex 52.7012 -18.6454 1.2
      vertex 52.7012 -18.6454 2.5
    endloop
  endfacet
  facet normal 0.17081 0.985304 -0
    outer loop
      vertex 49.0011 -20.8632 1.2
      vertex 48.8367 -20.8347 2.5
      vertex 49.0011 -20.8632 2.5
    endloop
  endfacet
  facet normal 0.17081 0.985304 0
    outer loop
      vertex 48.8367 -20.8347 2.5
      vertex 49.0011 -20.8632 1.2
      vertex 48.8367 -20.8347 1.2
    endloop
  endfacet
  facet normal 0.122264 0.992498 -0
    outer loop
      vertex 49.1667 -20.8836 1.2
      vertex 49.0011 -20.8632 2.5
      vertex 49.1667 -20.8836 2.5
    endloop
  endfacet
  facet normal 0.122264 0.992498 0
    outer loop
      vertex 49.0011 -20.8632 2.5
      vertex 49.1667 -20.8836 1.2
      vertex 49.0011 -20.8632 1.2
    endloop
  endfacet
  facet normal 0.933114 0.359581 0
    outer loop
      vertex 46.3588 -18.8011 2.5
      vertex 46.2988 -18.6454 1.2
      vertex 46.2988 -18.6454 2.5
    endloop
  endfacet
  facet normal 0.933114 0.359581 0
    outer loop
      vertex 46.2988 -18.6454 1.2
      vertex 46.3588 -18.8011 2.5
      vertex 46.3588 -18.8011 1.2
    endloop
  endfacet
  facet normal 0.914305 0.405026 0
    outer loop
      vertex 46.4264 -18.9537 2.5
      vertex 46.3588 -18.8011 1.2
      vertex 46.3588 -18.8011 2.5
    endloop
  endfacet
  facet normal 0.914305 0.405026 0
    outer loop
      vertex 46.3588 -18.8011 1.2
      vertex 46.4264 -18.9537 2.5
      vertex 46.4264 -18.9537 1.2
    endloop
  endfacet
  facet normal 0.892984 0.450088 0
    outer loop
      vertex 46.5015 -19.1027 2.5
      vertex 46.4264 -18.9537 1.2
      vertex 46.4264 -18.9537 2.5
    endloop
  endfacet
  facet normal 0.892984 0.450088 0
    outer loop
      vertex 46.4264 -18.9537 1.2
      vertex 46.5015 -19.1027 2.5
      vertex 46.5015 -19.1027 1.2
    endloop
  endfacet
  facet normal 0.870228 0.49265 0
    outer loop
      vertex 46.5837 -19.2479 2.5
      vertex 46.5015 -19.1027 1.2
      vertex 46.5015 -19.1027 2.5
    endloop
  endfacet
  facet normal 0.870228 0.49265 0
    outer loop
      vertex 46.5015 -19.1027 1.2
      vertex 46.5837 -19.2479 2.5
      vertex 46.5837 -19.2479 1.2
    endloop
  endfacet
  facet normal 0.49265 0.870228 -0
    outer loop
      vertex 47.8973 -20.4985 1.2
      vertex 47.7521 -20.4163 2.5
      vertex 47.8973 -20.4985 2.5
    endloop
  endfacet
  facet normal 0.49265 0.870228 0
    outer loop
      vertex 47.7521 -20.4163 2.5
      vertex 47.8973 -20.4985 1.2
      vertex 47.7521 -20.4163 1.2
    endloop
  endfacet
  facet normal 0.535052 0.844819 -0
    outer loop
      vertex 47.7521 -20.4163 1.2
      vertex 47.6111 -20.327 2.5
      vertex 47.7521 -20.4163 2.5
    endloop
  endfacet
  facet normal 0.535052 0.844819 0
    outer loop
      vertex 47.6111 -20.327 2.5
      vertex 47.7521 -20.4163 1.2
      vertex 47.6111 -20.327 1.2
    endloop
  endfacet
  facet normal -0.122264 0.992498 0
    outer loop
      vertex 49.9989 -20.8632 1.2
      vertex 49.8333 -20.8836 2.5
      vertex 49.9989 -20.8632 2.5
    endloop
  endfacet
  facet normal -0.122264 0.992498 0
    outer loop
      vertex 49.8333 -20.8836 2.5
      vertex 49.9989 -20.8632 1.2
      vertex 49.8333 -20.8836 1.2
    endloop
  endfacet
  facet normal -0.17081 0.985304 0
    outer loop
      vertex 50.1633 -20.8347 1.2
      vertex 49.9989 -20.8632 2.5
      vertex 50.1633 -20.8347 2.5
    endloop
  endfacet
  facet normal -0.17081 0.985304 0
    outer loop
      vertex 49.9989 -20.8632 2.5
      vertex 50.1633 -20.8347 1.2
      vertex 49.9989 -20.8632 1.2
    endloop
  endfacet
  facet normal -0.314069 0.9494 0
    outer loop
      vertex 50.6454 -20.7012 1.2
      vertex 50.487 -20.7536 2.5
      vertex 50.6454 -20.7012 2.5
    endloop
  endfacet
  facet normal -0.314069 0.9494 0
    outer loop
      vertex 50.487 -20.7536 2.5
      vertex 50.6454 -20.7012 1.2
      vertex 50.487 -20.7536 1.2
    endloop
  endfacet
  facet normal -0.450088 0.892984 0
    outer loop
      vertex 51.1027 -20.4985 1.2
      vertex 50.9537 -20.5736 2.5
      vertex 51.1027 -20.4985 2.5
    endloop
  endfacet
  facet normal -0.450088 0.892984 0
    outer loop
      vertex 50.9537 -20.5736 2.5
      vertex 51.1027 -20.4985 1.2
      vertex 50.9537 -20.5736 1.2
    endloop
  endfacet
  facet normal -0.817681 0.575671 0
    outer loop
      vertex 52.2309 -19.5254 1.2
      vertex 52.327 -19.3889 2.5
      vertex 52.327 -19.3889 1.2
    endloop
  endfacet
  facet normal -0.817681 0.575671 0
    outer loop
      vertex 52.327 -19.3889 2.5
      vertex 52.2309 -19.5254 1.2
      vertex 52.2309 -19.5254 2.5
    endloop
  endfacet
  facet normal -0.788124 0.615516 0
    outer loop
      vertex 52.1282 -19.6569 1.2
      vertex 52.2309 -19.5254 2.5
      vertex 52.2309 -19.5254 1.2
    endloop
  endfacet
  facet normal -0.788124 0.615516 0
    outer loop
      vertex 52.2309 -19.5254 2.5
      vertex 52.1282 -19.6569 1.2
      vertex 52.1282 -19.6569 2.5
    endloop
  endfacet
  facet normal -0.975648 0.219341 0
    outer loop
      vertex 52.7981 -18.3261 1.2
      vertex 52.8347 -18.1633 2.5
      vertex 52.8347 -18.1633 1.2
    endloop
  endfacet
  facet normal -0.975648 0.219341 0
    outer loop
      vertex 52.8347 -18.1633 2.5
      vertex 52.7981 -18.3261 1.2
      vertex 52.7981 -18.3261 2.5
    endloop
  endfacet
  facet normal -0.997282 0.0736731 0
    outer loop
      vertex 52.8836 -17.8333 1.2
      vertex 52.8959 -17.6668 2.5
      vertex 52.8959 -17.6668 1.2
    endloop
  endfacet
  facet normal -0.997282 0.0736731 0
    outer loop
      vertex 52.8959 -17.6668 2.5
      vertex 52.8836 -17.8333 1.2
      vertex 52.8836 -17.8333 2.5
    endloop
  endfacet
  facet normal -0.999698 0.0245729 0
    outer loop
      vertex 52.8959 -17.6668 1.2
      vertex 52.9 -17.5 2.5
      vertex 52.9 -17.5 1.2
    endloop
  endfacet
  facet normal -0.999698 0.0245729 0
    outer loop
      vertex 52.9 -17.5 2.5
      vertex 52.8959 -17.6668 1.2
      vertex 52.8959 -17.6668 2.5
    endloop
  endfacet
  facet normal 0.653058 0.757308 -0
    outer loop
      vertex 47.3431 -20.1282 1.2
      vertex 47.2167 -20.0192 2.5
      vertex 47.3431 -20.1282 2.5
    endloop
  endfacet
  facet normal 0.653058 0.757308 0
    outer loop
      vertex 47.2167 -20.0192 2.5
      vertex 47.3431 -20.1282 1.2
      vertex 47.2167 -20.0192 1.2
    endloop
  endfacet
  facet normal 0.615516 0.788124 -0
    outer loop
      vertex 47.4746 -20.2309 1.2
      vertex 47.3431 -20.1282 2.5
      vertex 47.4746 -20.2309 2.5
    endloop
  endfacet
  facet normal 0.615516 0.788124 0
    outer loop
      vertex 47.3431 -20.1282 2.5
      vertex 47.4746 -20.2309 1.2
      vertex 47.3431 -20.1282 1.2
    endloop
  endfacet
  facet normal -0.405026 0.914305 0
    outer loop
      vertex 50.9537 -20.5736 1.2
      vertex 50.8011 -20.6412 2.5
      vertex 50.9537 -20.5736 2.5
    endloop
  endfacet
  facet normal -0.405026 0.914305 0
    outer loop
      vertex 50.8011 -20.6412 2.5
      vertex 50.9537 -20.5736 1.2
      vertex 50.8011 -20.6412 1.2
    endloop
  endfacet
  facet normal -0.615516 0.788124 0
    outer loop
      vertex 51.6569 -20.1282 1.2
      vertex 51.5254 -20.2309 2.5
      vertex 51.6569 -20.1282 2.5
    endloop
  endfacet
  facet normal -0.615516 0.788124 0
    outer loop
      vertex 51.5254 -20.2309 2.5
      vertex 51.6569 -20.1282 1.2
      vertex 51.5254 -20.2309 1.2
    endloop
  endfacet
  facet normal -0.870228 0.49265 0
    outer loop
      vertex 52.4163 -19.2479 1.2
      vertex 52.4985 -19.1027 2.5
      vertex 52.4985 -19.1027 1.2
    endloop
  endfacet
  facet normal -0.870228 0.49265 0
    outer loop
      vertex 52.4985 -19.1027 2.5
      vertex 52.4163 -19.2479 1.2
      vertex 52.4163 -19.2479 2.5
    endloop
  endfacet
  facet normal -0.892984 0.450088 0
    outer loop
      vertex 52.4985 -19.1027 1.2
      vertex 52.5736 -18.9537 2.5
      vertex 52.5736 -18.9537 1.2
    endloop
  endfacet
  facet normal -0.892984 0.450088 0
    outer loop
      vertex 52.5736 -18.9537 2.5
      vertex 52.4985 -19.1027 1.2
      vertex 52.4985 -19.1027 2.5
    endloop
  endfacet
  facet normal -0.49265 0.870228 0
    outer loop
      vertex 51.2479 -20.4163 1.2
      vertex 51.1027 -20.4985 2.5
      vertex 51.2479 -20.4163 2.5
    endloop
  endfacet
  facet normal -0.49265 0.870228 0
    outer loop
      vertex 51.1027 -20.4985 2.5
      vertex 51.2479 -20.4163 1.2
      vertex 51.1027 -20.4985 1.2
    endloop
  endfacet
  facet normal -0.535052 0.844819 0
    outer loop
      vertex 51.3889 -20.327 1.2
      vertex 51.2479 -20.4163 2.5
      vertex 51.3889 -20.327 2.5
    endloop
  endfacet
  facet normal -0.535052 0.844819 0
    outer loop
      vertex 51.2479 -20.4163 2.5
      vertex 51.3889 -20.327 1.2
      vertex 51.2479 -20.4163 1.2
    endloop
  endfacet
  facet normal 0.999713 -0.0239739 0
    outer loop
      vertex 47.8 17.5 1.2
      vertex 47.802 17.5834 -7.62939e-07
      vertex 47.802 17.5834 1.2
    endloop
  endfacet
  facet normal 0.999713 -0.0239739 0
    outer loop
      vertex 47.802 17.5834 -7.62939e-07
      vertex 47.8 17.5 1.2
      vertex 47.8 17.5 -7.62939e-07
    endloop
  endfacet
  facet normal -0.999713 -0.0239739 0
    outer loop
      vertex 51.2 17.5 -7.62939e-07
      vertex 51.198 17.5834 1.2
      vertex 51.198 17.5834 -7.62939e-07
    endloop
  endfacet
  facet normal -0.999713 -0.0239739 0
    outer loop
      vertex 51.198 17.5834 1.2
      vertex 51.2 17.5 -7.62939e-07
      vertex 51.2 17.5 1.2
    endloop
  endfacet
  facet normal -0.0239739 -0.999713 0
    outer loop
      vertex 49.5 19.2 -7.62939e-07
      vertex 49.5834 19.198 1.2
      vertex 49.5 19.2 1.2
    endloop
  endfacet
  facet normal -0.0239739 -0.999713 -0
    outer loop
      vertex 49.5834 19.198 1.2
      vertex 49.5 19.2 -7.62939e-07
      vertex 49.5834 19.198 -7.62939e-07
    endloop
  endfacet
  facet normal 0.0239739 0.999713 -0
    outer loop
      vertex 49.5 15.8 -7.62939e-07
      vertex 49.4166 15.802 1.2
      vertex 49.5 15.8 1.2
    endloop
  endfacet
  facet normal 0.0239739 0.999713 0
    outer loop
      vertex 49.4166 15.802 1.2
      vertex 49.5 15.8 -7.62939e-07
      vertex 49.4166 15.802 -7.62939e-07
    endloop
  endfacet
  facet normal -0.724281 -0.689505 0
    outer loop
      vertex 50.7596 18.6417 -7.62939e-07
      vertex 50.7021 18.7021 1.2
      vertex 50.7021 18.7021 -7.62939e-07
    endloop
  endfacet
  facet normal -0.724281 -0.689505 0
    outer loop
      vertex 50.7021 18.7021 1.2
      vertex 50.7596 18.6417 -7.62939e-07
      vertex 50.7596 18.6417 1.2
    endloop
  endfacet
  facet normal -0.405471 -0.914108 0
    outer loop
      vertex 50.1506 19.0706 -7.62939e-07
      vertex 50.2268 19.0368 1.2
      vertex 50.1506 19.0706 1.2
    endloop
  endfacet
  facet normal -0.405471 -0.914108 -0
    outer loop
      vertex 50.2268 19.0368 1.2
      vertex 50.1506 19.0706 -7.62939e-07
      vertex 50.2268 19.0368 -7.62939e-07
    endloop
  endfacet
  facet normal -0.914108 -0.405471 0
    outer loop
      vertex 51.0706 18.1506 -7.62939e-07
      vertex 51.0368 18.2268 1.2
      vertex 51.0368 18.2268 -7.62939e-07
    endloop
  endfacet
  facet normal -0.914108 -0.405471 0
    outer loop
      vertex 51.0368 18.2268 1.2
      vertex 51.0706 18.1506 -7.62939e-07
      vertex 51.0706 18.1506 1.2
    endloop
  endfacet
  facet normal -0.2182 -0.975904 0
    outer loop
      vertex 49.8317 19.1673 -7.62939e-07
      vertex 49.9131 19.1491 1.2
      vertex 49.8317 19.1673 1.2
    endloop
  endfacet
  facet normal -0.2182 -0.975904 -0
    outer loop
      vertex 49.9131 19.1491 1.2
      vertex 49.8317 19.1673 -7.62939e-07
      vertex 49.9131 19.1491 -7.62939e-07
    endloop
  endfacet
  facet normal -0.975904 -0.2182 0
    outer loop
      vertex 51.1673 17.8317 -7.62939e-07
      vertex 51.1491 17.9131 1.2
      vertex 51.1491 17.9131 -7.62939e-07
    endloop
  endfacet
  facet normal -0.975904 -0.2182 0
    outer loop
      vertex 51.1491 17.9131 1.2
      vertex 51.1673 17.8317 -7.62939e-07
      vertex 51.1673 17.8317 1.2
    endloop
  endfacet
  facet normal -0.84509 -0.534624 0
    outer loop
      vertex 50.9581 18.374 -7.62939e-07
      vertex 50.9135 18.4445 1.2
      vertex 50.9135 18.4445 -7.62939e-07
    endloop
  endfacet
  facet normal -0.84509 -0.534624 0
    outer loop
      vertex 50.9135 18.4445 1.2
      vertex 50.9581 18.374 -7.62939e-07
      vertex 50.9581 18.374 1.2
    endloop
  endfacet
  facet normal -0.869714 -0.493557 0
    outer loop
      vertex 50.9993 18.3014 -7.62939e-07
      vertex 50.9581 18.374 1.2
      vertex 50.9581 18.374 -7.62939e-07
    endloop
  endfacet
  facet normal -0.869714 -0.493557 0
    outer loop
      vertex 50.9581 18.374 1.2
      vertex 50.9993 18.3014 -7.62939e-07
      vertex 50.9993 18.3014 1.2
    endloop
  endfacet
  facet normal -0.575553 -0.817765 0
    outer loop
      vertex 50.4445 18.9135 -7.62939e-07
      vertex 50.5127 18.8655 1.2
      vertex 50.4445 18.9135 1.2
    endloop
  endfacet
  facet normal -0.575553 -0.817765 -0
    outer loop
      vertex 50.5127 18.8655 1.2
      vertex 50.4445 18.9135 -7.62939e-07
      vertex 50.5127 18.8655 -7.62939e-07
    endloop
  endfacet
  facet normal -0.122264 -0.992498 0
    outer loop
      vertex 49.6666 19.1918 -7.62939e-07
      vertex 49.7494 19.1816 1.2
      vertex 49.6666 19.1918 1.2
    endloop
  endfacet
  facet normal -0.122264 -0.992498 -0
    outer loop
      vertex 49.7494 19.1816 1.2
      vertex 49.6666 19.1918 -7.62939e-07
      vertex 49.7494 19.1816 -7.62939e-07
    endloop
  endfacet
  facet normal 0.724281 0.689505 0
    outer loop
      vertex 48.2979 16.2979 1.2
      vertex 48.2404 16.3583 -7.62939e-07
      vertex 48.2404 16.3583 1.2
    endloop
  endfacet
  facet normal 0.724281 0.689505 0
    outer loop
      vertex 48.2404 16.3583 -7.62939e-07
      vertex 48.2979 16.2979 1.2
      vertex 48.2979 16.2979 -7.62939e-07
    endloop
  endfacet
  facet normal 0.17119 0.985238 -0
    outer loop
      vertex 49.2506 15.8184 -7.62939e-07
      vertex 49.1683 15.8327 1.2
      vertex 49.2506 15.8184 1.2
    endloop
  endfacet
  facet normal 0.17119 0.985238 0
    outer loop
      vertex 49.1683 15.8327 1.2
      vertex 49.2506 15.8184 -7.62939e-07
      vertex 49.1683 15.8327 -7.62939e-07
    endloop
  endfacet
  facet normal 0.997235 -0.0743132 0
    outer loop
      vertex 47.802 17.5834 1.2
      vertex 47.8082 17.6666 -7.62939e-07
      vertex 47.8082 17.6666 1.2
    endloop
  endfacet
  facet normal 0.997235 -0.0743132 0
    outer loop
      vertex 47.8082 17.6666 -7.62939e-07
      vertex 47.802 17.5834 1.2
      vertex 47.802 17.5834 -7.62939e-07
    endloop
  endfacet
  facet normal 0.985238 -0.17119 0
    outer loop
      vertex 47.8184 17.7494 1.2
      vertex 47.8327 17.8317 -7.62939e-07
      vertex 47.8327 17.8317 1.2
    endloop
  endfacet
  facet normal 0.985238 -0.17119 0
    outer loop
      vertex 47.8327 17.8317 -7.62939e-07
      vertex 47.8184 17.7494 1.2
      vertex 47.8184 17.7494 -7.62939e-07
    endloop
  endfacet
  facet normal 0.933191 -0.35938 0
    outer loop
      vertex 47.8994 18.0727 1.2
      vertex 47.9294 18.1506 -7.62939e-07
      vertex 47.9294 18.1506 1.2
    endloop
  endfacet
  facet normal 0.933191 -0.35938 0
    outer loop
      vertex 47.9294 18.1506 -7.62939e-07
      vertex 47.8994 18.0727 1.2
      vertex 47.8994 18.0727 -7.62939e-07
    endloop
  endfacet
  facet normal 0.963621 -0.267273 0
    outer loop
      vertex 47.8509 17.9131 1.2
      vertex 47.8732 17.9935 -7.62939e-07
      vertex 47.8732 17.9935 1.2
    endloop
  endfacet
  facet normal 0.963621 -0.267273 0
    outer loop
      vertex 47.8732 17.9935 -7.62939e-07
      vertex 47.8509 17.9131 1.2
      vertex 47.8509 17.9131 -7.62939e-07
    endloop
  endfacet
  facet normal 0.788061 -0.615598 0
    outer loop
      vertex 48.1345 18.5127 1.2
      vertex 48.1859 18.5785 -7.62939e-07
      vertex 48.1859 18.5785 1.2
    endloop
  endfacet
  facet normal 0.788061 -0.615598 0
    outer loop
      vertex 48.1859 18.5785 -7.62939e-07
      vertex 48.1345 18.5127 1.2
      vertex 48.1345 18.5127 -7.62939e-07
    endloop
  endfacet
  facet normal 0.724281 -0.689505 0
    outer loop
      vertex 48.2404 18.6417 1.2
      vertex 48.2979 18.7021 -7.62939e-07
      vertex 48.2979 18.7021 1.2
    endloop
  endfacet
  facet normal 0.724281 -0.689505 0
    outer loop
      vertex 48.2979 18.7021 -7.62939e-07
      vertex 48.2404 18.6417 1.2
      vertex 48.2404 18.6417 -7.62939e-07
    endloop
  endfacet
  facet normal 0.84509 -0.534624 0
    outer loop
      vertex 48.0419 18.374 1.2
      vertex 48.0865 18.4445 -7.62939e-07
      vertex 48.0865 18.4445 1.2
    endloop
  endfacet
  facet normal 0.84509 -0.534624 0
    outer loop
      vertex 48.0865 18.4445 -7.62939e-07
      vertex 48.0419 18.374 1.2
      vertex 48.0419 18.374 -7.62939e-07
    endloop
  endfacet
  facet normal 0.893467 -0.449129 0
    outer loop
      vertex 47.9632 18.2268 1.2
      vertex 48.0007 18.3014 -7.62939e-07
      vertex 48.0007 18.3014 1.2
    endloop
  endfacet
  facet normal 0.893467 -0.449129 0
    outer loop
      vertex 48.0007 18.3014 -7.62939e-07
      vertex 47.9632 18.2268 1.2
      vertex 47.9632 18.2268 -7.62939e-07
    endloop
  endfacet
  facet normal 0.314069 -0.9494 0
    outer loop
      vertex 48.9273 19.1006 -7.62939e-07
      vertex 49.0065 19.1268 1.2
      vertex 48.9273 19.1006 1.2
    endloop
  endfacet
  facet normal 0.314069 -0.9494 0
    outer loop
      vertex 49.0065 19.1268 1.2
      vertex 48.9273 19.1006 -7.62939e-07
      vertex 49.0065 19.1268 -7.62939e-07
    endloop
  endfacet
  facet normal 0.2182 -0.975904 0
    outer loop
      vertex 49.0869 19.1491 -7.62939e-07
      vertex 49.1683 19.1673 1.2
      vertex 49.0869 19.1491 1.2
    endloop
  endfacet
  facet normal 0.2182 -0.975904 0
    outer loop
      vertex 49.1683 19.1673 1.2
      vertex 49.0869 19.1491 -7.62939e-07
      vertex 49.1683 19.1673 -7.62939e-07
    endloop
  endfacet
  facet normal 0.122264 -0.992498 0
    outer loop
      vertex 49.2506 19.1816 -7.62939e-07
      vertex 49.3334 19.1918 1.2
      vertex 49.2506 19.1816 1.2
    endloop
  endfacet
  facet normal 0.122264 -0.992498 0
    outer loop
      vertex 49.3334 19.1918 1.2
      vertex 49.2506 19.1816 -7.62939e-07
      vertex 49.3334 19.1918 -7.62939e-07
    endloop
  endfacet
  facet normal 0.0239739 -0.999713 0
    outer loop
      vertex 49.4166 19.198 -7.62939e-07
      vertex 49.5 19.2 1.2
      vertex 49.4166 19.198 1.2
    endloop
  endfacet
  facet normal 0.0239739 -0.999713 0
    outer loop
      vertex 49.5 19.2 1.2
      vertex 49.4166 19.198 -7.62939e-07
      vertex 49.5 19.2 -7.62939e-07
    endloop
  endfacet
  facet normal 0.493557 -0.869714 0
    outer loop
      vertex 48.626 18.9581 -7.62939e-07
      vertex 48.6986 18.9993 1.2
      vertex 48.626 18.9581 1.2
    endloop
  endfacet
  facet normal 0.493557 -0.869714 0
    outer loop
      vertex 48.6986 18.9993 1.2
      vertex 48.626 18.9581 -7.62939e-07
      vertex 48.6986 18.9993 -7.62939e-07
    endloop
  endfacet
  facet normal 0.405471 -0.914108 0
    outer loop
      vertex 48.7732 19.0368 -7.62939e-07
      vertex 48.8494 19.0706 1.2
      vertex 48.7732 19.0368 1.2
    endloop
  endfacet
  facet normal 0.405471 -0.914108 0
    outer loop
      vertex 48.8494 19.0706 1.2
      vertex 48.7732 19.0368 -7.62939e-07
      vertex 48.8494 19.0706 -7.62939e-07
    endloop
  endfacet
  facet normal 0.575553 -0.817765 0
    outer loop
      vertex 48.4873 18.8655 -7.62939e-07
      vertex 48.5555 18.9135 1.2
      vertex 48.4873 18.8655 1.2
    endloop
  endfacet
  facet normal 0.575553 -0.817765 0
    outer loop
      vertex 48.5555 18.9135 1.2
      vertex 48.4873 18.8655 -7.62939e-07
      vertex 48.5555 18.9135 -7.62939e-07
    endloop
  endfacet
  facet normal 0.653058 -0.757308 0
    outer loop
      vertex 48.3583 18.7596 -7.62939e-07
      vertex 48.4215 18.8141 1.2
      vertex 48.3583 18.7596 1.2
    endloop
  endfacet
  facet normal 0.653058 -0.757308 0
    outer loop
      vertex 48.4215 18.8141 1.2
      vertex 48.3583 18.7596 -7.62939e-07
      vertex 48.4215 18.8141 -7.62939e-07
    endloop
  endfacet
  facet normal -0.992498 -0.122264 0
    outer loop
      vertex 51.1918 17.6666 -7.62939e-07
      vertex 51.1816 17.7494 1.2
      vertex 51.1816 17.7494 -7.62939e-07
    endloop
  endfacet
  facet normal -0.992498 -0.122264 0
    outer loop
      vertex 51.1816 17.7494 1.2
      vertex 51.1918 17.6666 -7.62939e-07
      vertex 51.1918 17.6666 1.2
    endloop
  endfacet
  facet normal -0.788061 -0.615598 0
    outer loop
      vertex 50.8655 18.5127 -7.62939e-07
      vertex 50.8141 18.5785 1.2
      vertex 50.8141 18.5785 -7.62939e-07
    endloop
  endfacet
  facet normal -0.788061 -0.615598 0
    outer loop
      vertex 50.8141 18.5785 1.2
      vertex 50.8655 18.5127 -7.62939e-07
      vertex 50.8655 18.5127 1.2
    endloop
  endfacet
  facet normal -0.757308 -0.653058 0
    outer loop
      vertex 50.8141 18.5785 -7.62939e-07
      vertex 50.7596 18.6417 1.2
      vertex 50.7596 18.6417 -7.62939e-07
    endloop
  endfacet
  facet normal -0.757308 -0.653058 0
    outer loop
      vertex 50.7596 18.6417 1.2
      vertex 50.8141 18.5785 -7.62939e-07
      vertex 50.8141 18.5785 1.2
    endloop
  endfacet
  facet normal -0.817765 -0.575553 0
    outer loop
      vertex 50.9135 18.4445 -7.62939e-07
      vertex 50.8655 18.5127 1.2
      vertex 50.8655 18.5127 -7.62939e-07
    endloop
  endfacet
  facet normal -0.817765 -0.575553 0
    outer loop
      vertex 50.8655 18.5127 1.2
      vertex 50.9135 18.4445 -7.62939e-07
      vertex 50.9135 18.4445 1.2
    endloop
  endfacet
  facet normal -0.893467 -0.449129 0
    outer loop
      vertex 51.0368 18.2268 -7.62939e-07
      vertex 50.9993 18.3014 1.2
      vertex 50.9993 18.3014 -7.62939e-07
    endloop
  endfacet
  facet normal -0.893467 -0.449129 0
    outer loop
      vertex 50.9993 18.3014 1.2
      vertex 51.0368 18.2268 -7.62939e-07
      vertex 51.0368 18.2268 1.2
    endloop
  endfacet
  facet normal -0.9494 -0.314069 0
    outer loop
      vertex 51.1268 17.9935 -7.62939e-07
      vertex 51.1006 18.0727 1.2
      vertex 51.1006 18.0727 -7.62939e-07
    endloop
  endfacet
  facet normal -0.9494 -0.314069 0
    outer loop
      vertex 51.1006 18.0727 1.2
      vertex 51.1268 17.9935 -7.62939e-07
      vertex 51.1268 17.9935 1.2
    endloop
  endfacet
  facet normal -0.933191 -0.35938 0
    outer loop
      vertex 51.1006 18.0727 -7.62939e-07
      vertex 51.0706 18.1506 1.2
      vertex 51.0706 18.1506 -7.62939e-07
    endloop
  endfacet
  facet normal -0.933191 -0.35938 0
    outer loop
      vertex 51.0706 18.1506 1.2
      vertex 51.1006 18.0727 -7.62939e-07
      vertex 51.1006 18.0727 1.2
    endloop
  endfacet
  facet normal -0.963621 -0.267273 0
    outer loop
      vertex 51.1491 17.9131 -7.62939e-07
      vertex 51.1268 17.9935 1.2
      vertex 51.1268 17.9935 -7.62939e-07
    endloop
  endfacet
  facet normal -0.963621 -0.267273 0
    outer loop
      vertex 51.1268 17.9935 1.2
      vertex 51.1491 17.9131 -7.62939e-07
      vertex 51.1491 17.9131 1.2
    endloop
  endfacet
  facet normal -0.985238 -0.17119 0
    outer loop
      vertex 51.1816 17.7494 -7.62939e-07
      vertex 51.1673 17.8317 1.2
      vertex 51.1673 17.8317 -7.62939e-07
    endloop
  endfacet
  facet normal -0.985238 -0.17119 0
    outer loop
      vertex 51.1673 17.8317 1.2
      vertex 51.1816 17.7494 -7.62939e-07
      vertex 51.1816 17.7494 1.2
    endloop
  endfacet
  facet normal -0.997235 -0.0743132 0
    outer loop
      vertex 51.198 17.5834 -7.62939e-07
      vertex 51.1918 17.6666 1.2
      vertex 51.1918 17.6666 -7.62939e-07
    endloop
  endfacet
  facet normal -0.997235 -0.0743132 0
    outer loop
      vertex 51.1918 17.6666 1.2
      vertex 51.198 17.5834 -7.62939e-07
      vertex 51.198 17.5834 1.2
    endloop
  endfacet
  facet normal -0.653058 -0.757308 0
    outer loop
      vertex 50.5785 18.8141 -7.62939e-07
      vertex 50.6417 18.7596 1.2
      vertex 50.5785 18.8141 1.2
    endloop
  endfacet
  facet normal -0.653058 -0.757308 -0
    outer loop
      vertex 50.6417 18.7596 1.2
      vertex 50.5785 18.8141 -7.62939e-07
      vertex 50.6417 18.7596 -7.62939e-07
    endloop
  endfacet
  facet normal -0.493557 -0.869714 0
    outer loop
      vertex 50.3014 18.9993 -7.62939e-07
      vertex 50.374 18.9581 1.2
      vertex 50.3014 18.9993 1.2
    endloop
  endfacet
  facet normal -0.493557 -0.869714 -0
    outer loop
      vertex 50.374 18.9581 1.2
      vertex 50.3014 18.9993 -7.62939e-07
      vertex 50.374 18.9581 -7.62939e-07
    endloop
  endfacet
  facet normal -0.449129 -0.893467 0
    outer loop
      vertex 50.2268 19.0368 -7.62939e-07
      vertex 50.3014 18.9993 1.2
      vertex 50.2268 19.0368 1.2
    endloop
  endfacet
  facet normal -0.449129 -0.893467 -0
    outer loop
      vertex 50.3014 18.9993 1.2
      vertex 50.2268 19.0368 -7.62939e-07
      vertex 50.3014 18.9993 -7.62939e-07
    endloop
  endfacet
  facet normal -0.534624 -0.84509 0
    outer loop
      vertex 50.374 18.9581 -7.62939e-07
      vertex 50.4445 18.9135 1.2
      vertex 50.374 18.9581 1.2
    endloop
  endfacet
  facet normal -0.534624 -0.84509 -0
    outer loop
      vertex 50.4445 18.9135 1.2
      vertex 50.374 18.9581 -7.62939e-07
      vertex 50.4445 18.9135 -7.62939e-07
    endloop
  endfacet
  facet normal -0.615598 -0.788061 0
    outer loop
      vertex 50.5127 18.8655 -7.62939e-07
      vertex 50.5785 18.8141 1.2
      vertex 50.5127 18.8655 1.2
    endloop
  endfacet
  facet normal -0.615598 -0.788061 -0
    outer loop
      vertex 50.5785 18.8141 1.2
      vertex 50.5127 18.8655 -7.62939e-07
      vertex 50.5785 18.8141 -7.62939e-07
    endloop
  endfacet
  facet normal -0.689505 -0.724281 0
    outer loop
      vertex 50.6417 18.7596 -7.62939e-07
      vertex 50.7021 18.7021 1.2
      vertex 50.6417 18.7596 1.2
    endloop
  endfacet
  facet normal -0.689505 -0.724281 -0
    outer loop
      vertex 50.7021 18.7021 1.2
      vertex 50.6417 18.7596 -7.62939e-07
      vertex 50.7021 18.7021 -7.62939e-07
    endloop
  endfacet
  facet normal -0.314069 -0.9494 0
    outer loop
      vertex 49.9935 19.1268 -7.62939e-07
      vertex 50.0727 19.1006 1.2
      vertex 49.9935 19.1268 1.2
    endloop
  endfacet
  facet normal -0.314069 -0.9494 -0
    outer loop
      vertex 50.0727 19.1006 1.2
      vertex 49.9935 19.1268 -7.62939e-07
      vertex 50.0727 19.1006 -7.62939e-07
    endloop
  endfacet
  facet normal -0.267273 -0.963621 0
    outer loop
      vertex 49.9131 19.1491 -7.62939e-07
      vertex 49.9935 19.1268 1.2
      vertex 49.9131 19.1491 1.2
    endloop
  endfacet
  facet normal -0.267273 -0.963621 -0
    outer loop
      vertex 49.9935 19.1268 1.2
      vertex 49.9131 19.1491 -7.62939e-07
      vertex 49.9935 19.1268 -7.62939e-07
    endloop
  endfacet
  facet normal -0.35938 -0.933191 0
    outer loop
      vertex 50.0727 19.1006 -7.62939e-07
      vertex 50.1506 19.0706 1.2
      vertex 50.0727 19.1006 1.2
    endloop
  endfacet
  facet normal -0.35938 -0.933191 -0
    outer loop
      vertex 50.1506 19.0706 1.2
      vertex 50.0727 19.1006 -7.62939e-07
      vertex 50.1506 19.0706 -7.62939e-07
    endloop
  endfacet
  facet normal -0.17119 -0.985238 0
    outer loop
      vertex 49.7494 19.1816 -7.62939e-07
      vertex 49.8317 19.1673 1.2
      vertex 49.7494 19.1816 1.2
    endloop
  endfacet
  facet normal -0.17119 -0.985238 -0
    outer loop
      vertex 49.8317 19.1673 1.2
      vertex 49.7494 19.1816 -7.62939e-07
      vertex 49.8317 19.1673 -7.62939e-07
    endloop
  endfacet
  facet normal -0.0743132 -0.997235 0
    outer loop
      vertex 49.5834 19.198 -7.62939e-07
      vertex 49.6666 19.1918 1.2
      vertex 49.5834 19.198 1.2
    endloop
  endfacet
  facet normal -0.0743132 -0.997235 -0
    outer loop
      vertex 49.6666 19.1918 1.2
      vertex 49.5834 19.198 -7.62939e-07
      vertex 49.6666 19.1918 -7.62939e-07
    endloop
  endfacet
  facet normal 0.999713 0.0239739 0
    outer loop
      vertex 47.802 17.4166 1.2
      vertex 47.8 17.5 -7.62939e-07
      vertex 47.8 17.5 1.2
    endloop
  endfacet
  facet normal 0.999713 0.0239739 0
    outer loop
      vertex 47.8 17.5 -7.62939e-07
      vertex 47.802 17.4166 1.2
      vertex 47.802 17.4166 -7.62939e-07
    endloop
  endfacet
  facet normal 0.869714 0.493557 0
    outer loop
      vertex 48.0419 16.626 1.2
      vertex 48.0007 16.6986 -7.62939e-07
      vertex 48.0007 16.6986 1.2
    endloop
  endfacet
  facet normal 0.869714 0.493557 0
    outer loop
      vertex 48.0007 16.6986 -7.62939e-07
      vertex 48.0419 16.626 1.2
      vertex 48.0419 16.626 -7.62939e-07
    endloop
  endfacet
  facet normal 0.933191 0.35938 0
    outer loop
      vertex 47.9294 16.8494 1.2
      vertex 47.8994 16.9273 -7.62939e-07
      vertex 47.8994 16.9273 1.2
    endloop
  endfacet
  facet normal 0.933191 0.35938 0
    outer loop
      vertex 47.8994 16.9273 -7.62939e-07
      vertex 47.9294 16.8494 1.2
      vertex 47.9294 16.8494 -7.62939e-07
    endloop
  endfacet
  facet normal 0.757308 0.653058 0
    outer loop
      vertex 48.2404 16.3583 1.2
      vertex 48.1859 16.4215 -7.62939e-07
      vertex 48.1859 16.4215 1.2
    endloop
  endfacet
  facet normal 0.757308 0.653058 0
    outer loop
      vertex 48.1859 16.4215 -7.62939e-07
      vertex 48.2404 16.3583 1.2
      vertex 48.2404 16.3583 -7.62939e-07
    endloop
  endfacet
  facet normal 0.449129 0.893467 -0
    outer loop
      vertex 48.7732 15.9632 -7.62939e-07
      vertex 48.6986 16.0007 1.2
      vertex 48.7732 15.9632 1.2
    endloop
  endfacet
  facet normal 0.449129 0.893467 0
    outer loop
      vertex 48.6986 16.0007 1.2
      vertex 48.7732 15.9632 -7.62939e-07
      vertex 48.6986 16.0007 -7.62939e-07
    endloop
  endfacet
  facet normal -0.17119 0.985238 0
    outer loop
      vertex 49.8317 15.8327 -7.62939e-07
      vertex 49.7494 15.8184 1.2
      vertex 49.8317 15.8327 1.2
    endloop
  endfacet
  facet normal -0.17119 0.985238 0
    outer loop
      vertex 49.7494 15.8184 1.2
      vertex 49.8317 15.8327 -7.62939e-07
      vertex 49.7494 15.8184 -7.62939e-07
    endloop
  endfacet
  facet normal 0.2182 0.975904 -0
    outer loop
      vertex 49.1683 15.8327 -7.62939e-07
      vertex 49.0869 15.8509 1.2
      vertex 49.1683 15.8327 1.2
    endloop
  endfacet
  facet normal 0.2182 0.975904 0
    outer loop
      vertex 49.0869 15.8509 1.2
      vertex 49.1683 15.8327 -7.62939e-07
      vertex 49.0869 15.8509 -7.62939e-07
    endloop
  endfacet
  facet normal 0.405471 0.914108 -0
    outer loop
      vertex 48.8494 15.9294 -7.62939e-07
      vertex 48.7732 15.9632 1.2
      vertex 48.8494 15.9294 1.2
    endloop
  endfacet
  facet normal 0.405471 0.914108 0
    outer loop
      vertex 48.7732 15.9632 1.2
      vertex 48.8494 15.9294 -7.62939e-07
      vertex 48.7732 15.9632 -7.62939e-07
    endloop
  endfacet
  facet normal 0.35938 0.933191 -0
    outer loop
      vertex 48.9273 15.8994 -7.62939e-07
      vertex 48.8494 15.9294 1.2
      vertex 48.9273 15.8994 1.2
    endloop
  endfacet
  facet normal 0.35938 0.933191 0
    outer loop
      vertex 48.8494 15.9294 1.2
      vertex 48.9273 15.8994 -7.62939e-07
      vertex 48.8494 15.9294 -7.62939e-07
    endloop
  endfacet
  facet normal 0.992498 -0.122264 0
    outer loop
      vertex 47.8082 17.6666 1.2
      vertex 47.8184 17.7494 -7.62939e-07
      vertex 47.8184 17.7494 1.2
    endloop
  endfacet
  facet normal 0.992498 -0.122264 0
    outer loop
      vertex 47.8184 17.7494 -7.62939e-07
      vertex 47.8082 17.6666 1.2
      vertex 47.8082 17.6666 -7.62939e-07
    endloop
  endfacet
  facet normal 0.975904 -0.2182 0
    outer loop
      vertex 47.8327 17.8317 1.2
      vertex 47.8509 17.9131 -7.62939e-07
      vertex 47.8509 17.9131 1.2
    endloop
  endfacet
  facet normal 0.975904 -0.2182 0
    outer loop
      vertex 47.8509 17.9131 -7.62939e-07
      vertex 47.8327 17.8317 1.2
      vertex 47.8327 17.8317 -7.62939e-07
    endloop
  endfacet
  facet normal 0.914108 -0.405471 0
    outer loop
      vertex 47.9294 18.1506 1.2
      vertex 47.9632 18.2268 -7.62939e-07
      vertex 47.9632 18.2268 1.2
    endloop
  endfacet
  facet normal 0.914108 -0.405471 0
    outer loop
      vertex 47.9632 18.2268 -7.62939e-07
      vertex 47.9294 18.1506 1.2
      vertex 47.9294 18.1506 -7.62939e-07
    endloop
  endfacet
  facet normal 0.9494 -0.314069 0
    outer loop
      vertex 47.8732 17.9935 1.2
      vertex 47.8994 18.0727 -7.62939e-07
      vertex 47.8994 18.0727 1.2
    endloop
  endfacet
  facet normal 0.9494 -0.314069 0
    outer loop
      vertex 47.8994 18.0727 -7.62939e-07
      vertex 47.8732 17.9935 1.2
      vertex 47.8732 17.9935 -7.62939e-07
    endloop
  endfacet
  facet normal 0.757308 -0.653058 0
    outer loop
      vertex 48.1859 18.5785 1.2
      vertex 48.2404 18.6417 -7.62939e-07
      vertex 48.2404 18.6417 1.2
    endloop
  endfacet
  facet normal 0.757308 -0.653058 0
    outer loop
      vertex 48.2404 18.6417 -7.62939e-07
      vertex 48.1859 18.5785 1.2
      vertex 48.1859 18.5785 -7.62939e-07
    endloop
  endfacet
  facet normal 0.689505 -0.724281 0
    outer loop
      vertex 48.2979 18.7021 -7.62939e-07
      vertex 48.3583 18.7596 1.2
      vertex 48.2979 18.7021 1.2
    endloop
  endfacet
  facet normal 0.689505 -0.724281 0
    outer loop
      vertex 48.3583 18.7596 1.2
      vertex 48.2979 18.7021 -7.62939e-07
      vertex 48.3583 18.7596 -7.62939e-07
    endloop
  endfacet
  facet normal 0.817765 -0.575553 0
    outer loop
      vertex 48.0865 18.4445 1.2
      vertex 48.1345 18.5127 -7.62939e-07
      vertex 48.1345 18.5127 1.2
    endloop
  endfacet
  facet normal 0.817765 -0.575553 0
    outer loop
      vertex 48.1345 18.5127 -7.62939e-07
      vertex 48.0865 18.4445 1.2
      vertex 48.0865 18.4445 -7.62939e-07
    endloop
  endfacet
  facet normal 0.869714 -0.493557 0
    outer loop
      vertex 48.0007 18.3014 1.2
      vertex 48.0419 18.374 -7.62939e-07
      vertex 48.0419 18.374 1.2
    endloop
  endfacet
  facet normal 0.869714 -0.493557 0
    outer loop
      vertex 48.0419 18.374 -7.62939e-07
      vertex 48.0007 18.3014 1.2
      vertex 48.0007 18.3014 -7.62939e-07
    endloop
  endfacet
  facet normal 0.267273 -0.963621 0
    outer loop
      vertex 49.0065 19.1268 -7.62939e-07
      vertex 49.0869 19.1491 1.2
      vertex 49.0065 19.1268 1.2
    endloop
  endfacet
  facet normal 0.267273 -0.963621 0
    outer loop
      vertex 49.0869 19.1491 1.2
      vertex 49.0065 19.1268 -7.62939e-07
      vertex 49.0869 19.1491 -7.62939e-07
    endloop
  endfacet
  facet normal 0.17119 -0.985238 0
    outer loop
      vertex 49.1683 19.1673 -7.62939e-07
      vertex 49.2506 19.1816 1.2
      vertex 49.1683 19.1673 1.2
    endloop
  endfacet
  facet normal 0.17119 -0.985238 0
    outer loop
      vertex 49.2506 19.1816 1.2
      vertex 49.1683 19.1673 -7.62939e-07
      vertex 49.2506 19.1816 -7.62939e-07
    endloop
  endfacet
  facet normal 0.0743132 -0.997235 0
    outer loop
      vertex 49.3334 19.1918 -7.62939e-07
      vertex 49.4166 19.198 1.2
      vertex 49.3334 19.1918 1.2
    endloop
  endfacet
  facet normal 0.0743132 -0.997235 0
    outer loop
      vertex 49.4166 19.198 1.2
      vertex 49.3334 19.1918 -7.62939e-07
      vertex 49.4166 19.198 -7.62939e-07
    endloop
  endfacet
  facet normal 0.449129 -0.893467 0
    outer loop
      vertex 48.6986 18.9993 -7.62939e-07
      vertex 48.7732 19.0368 1.2
      vertex 48.6986 18.9993 1.2
    endloop
  endfacet
  facet normal 0.449129 -0.893467 0
    outer loop
      vertex 48.7732 19.0368 1.2
      vertex 48.6986 18.9993 -7.62939e-07
      vertex 48.7732 19.0368 -7.62939e-07
    endloop
  endfacet
  facet normal 0.35938 -0.933191 0
    outer loop
      vertex 48.8494 19.0706 -7.62939e-07
      vertex 48.9273 19.1006 1.2
      vertex 48.8494 19.0706 1.2
    endloop
  endfacet
  facet normal 0.35938 -0.933191 0
    outer loop
      vertex 48.9273 19.1006 1.2
      vertex 48.8494 19.0706 -7.62939e-07
      vertex 48.9273 19.1006 -7.62939e-07
    endloop
  endfacet
  facet normal 0.534624 -0.84509 0
    outer loop
      vertex 48.5555 18.9135 -7.62939e-07
      vertex 48.626 18.9581 1.2
      vertex 48.5555 18.9135 1.2
    endloop
  endfacet
  facet normal 0.534624 -0.84509 0
    outer loop
      vertex 48.626 18.9581 1.2
      vertex 48.5555 18.9135 -7.62939e-07
      vertex 48.626 18.9581 -7.62939e-07
    endloop
  endfacet
  facet normal 0.615598 -0.788061 0
    outer loop
      vertex 48.4215 18.8141 -7.62939e-07
      vertex 48.4873 18.8655 1.2
      vertex 48.4215 18.8141 1.2
    endloop
  endfacet
  facet normal 0.615598 -0.788061 0
    outer loop
      vertex 48.4873 18.8655 1.2
      vertex 48.4215 18.8141 -7.62939e-07
      vertex 48.4873 18.8655 -7.62939e-07
    endloop
  endfacet
  facet normal 0.992498 0.122264 0
    outer loop
      vertex 47.8184 17.2506 1.2
      vertex 47.8082 17.3334 -7.62939e-07
      vertex 47.8082 17.3334 1.2
    endloop
  endfacet
  facet normal 0.992498 0.122264 0
    outer loop
      vertex 47.8082 17.3334 -7.62939e-07
      vertex 47.8184 17.2506 1.2
      vertex 47.8184 17.2506 -7.62939e-07
    endloop
  endfacet
  facet normal 0.9494 0.314069 0
    outer loop
      vertex 47.8994 16.9273 1.2
      vertex 47.8732 17.0065 -7.62939e-07
      vertex 47.8732 17.0065 1.2
    endloop
  endfacet
  facet normal 0.9494 0.314069 0
    outer loop
      vertex 47.8732 17.0065 -7.62939e-07
      vertex 47.8994 16.9273 1.2
      vertex 47.8994 16.9273 -7.62939e-07
    endloop
  endfacet
  facet normal 0.975904 0.2182 0
    outer loop
      vertex 47.8509 17.0869 1.2
      vertex 47.8327 17.1683 -7.62939e-07
      vertex 47.8327 17.1683 1.2
    endloop
  endfacet
  facet normal 0.975904 0.2182 0
    outer loop
      vertex 47.8327 17.1683 -7.62939e-07
      vertex 47.8509 17.0869 1.2
      vertex 47.8509 17.0869 -7.62939e-07
    endloop
  endfacet
  facet normal 0.534624 0.84509 -0
    outer loop
      vertex 48.626 16.0419 -7.62939e-07
      vertex 48.5555 16.0865 1.2
      vertex 48.626 16.0419 1.2
    endloop
  endfacet
  facet normal 0.534624 0.84509 0
    outer loop
      vertex 48.5555 16.0865 1.2
      vertex 48.626 16.0419 -7.62939e-07
      vertex 48.5555 16.0865 -7.62939e-07
    endloop
  endfacet
  facet normal -0.35938 0.933191 0
    outer loop
      vertex 50.1506 15.9294 -7.62939e-07
      vertex 50.0727 15.8994 1.2
      vertex 50.1506 15.9294 1.2
    endloop
  endfacet
  facet normal -0.35938 0.933191 0
    outer loop
      vertex 50.0727 15.8994 1.2
      vertex 50.1506 15.9294 -7.62939e-07
      vertex 50.0727 15.8994 -7.62939e-07
    endloop
  endfacet
  facet normal -0.0743132 0.997235 0
    outer loop
      vertex 49.6666 15.8082 -7.62939e-07
      vertex 49.5834 15.802 1.2
      vertex 49.6666 15.8082 1.2
    endloop
  endfacet
  facet normal -0.0743132 0.997235 0
    outer loop
      vertex 49.5834 15.802 1.2
      vertex 49.6666 15.8082 -7.62939e-07
      vertex 49.5834 15.802 -7.62939e-07
    endloop
  endfacet
  facet normal -0.724281 0.689505 0
    outer loop
      vertex 50.7021 16.2979 -7.62939e-07
      vertex 50.7596 16.3583 1.2
      vertex 50.7596 16.3583 -7.62939e-07
    endloop
  endfacet
  facet normal -0.724281 0.689505 0
    outer loop
      vertex 50.7596 16.3583 1.2
      vertex 50.7021 16.2979 -7.62939e-07
      vertex 50.7021 16.2979 1.2
    endloop
  endfacet
  facet normal -0.933191 0.35938 0
    outer loop
      vertex 51.0706 16.8494 -7.62939e-07
      vertex 51.1006 16.9273 1.2
      vertex 51.1006 16.9273 -7.62939e-07
    endloop
  endfacet
  facet normal -0.933191 0.35938 0
    outer loop
      vertex 51.1006 16.9273 1.2
      vertex 51.0706 16.8494 -7.62939e-07
      vertex 51.0706 16.8494 1.2
    endloop
  endfacet
  facet normal -0.985238 0.17119 0
    outer loop
      vertex 51.1673 17.1683 -7.62939e-07
      vertex 51.1816 17.2506 1.2
      vertex 51.1816 17.2506 -7.62939e-07
    endloop
  endfacet
  facet normal -0.985238 0.17119 0
    outer loop
      vertex 51.1816 17.2506 1.2
      vertex 51.1673 17.1683 -7.62939e-07
      vertex 51.1673 17.1683 1.2
    endloop
  endfacet
  facet normal 0.997235 0.0743132 0
    outer loop
      vertex 47.8082 17.3334 1.2
      vertex 47.802 17.4166 -7.62939e-07
      vertex 47.802 17.4166 1.2
    endloop
  endfacet
  facet normal 0.997235 0.0743132 0
    outer loop
      vertex 47.802 17.4166 -7.62939e-07
      vertex 47.8082 17.3334 1.2
      vertex 47.8082 17.3334 -7.62939e-07
    endloop
  endfacet
  facet normal 0.963621 0.267273 0
    outer loop
      vertex 47.8732 17.0065 1.2
      vertex 47.8509 17.0869 -7.62939e-07
      vertex 47.8509 17.0869 1.2
    endloop
  endfacet
  facet normal 0.963621 0.267273 0
    outer loop
      vertex 47.8509 17.0869 -7.62939e-07
      vertex 47.8732 17.0065 1.2
      vertex 47.8732 17.0065 -7.62939e-07
    endloop
  endfacet
  facet normal 0.914108 0.405471 0
    outer loop
      vertex 47.9632 16.7732 1.2
      vertex 47.9294 16.8494 -7.62939e-07
      vertex 47.9294 16.8494 1.2
    endloop
  endfacet
  facet normal 0.914108 0.405471 0
    outer loop
      vertex 47.9294 16.8494 -7.62939e-07
      vertex 47.9632 16.7732 1.2
      vertex 47.9632 16.7732 -7.62939e-07
    endloop
  endfacet
  facet normal 0.893467 0.449129 0
    outer loop
      vertex 48.0007 16.6986 1.2
      vertex 47.9632 16.7732 -7.62939e-07
      vertex 47.9632 16.7732 1.2
    endloop
  endfacet
  facet normal 0.893467 0.449129 0
    outer loop
      vertex 47.9632 16.7732 -7.62939e-07
      vertex 48.0007 16.6986 1.2
      vertex 48.0007 16.6986 -7.62939e-07
    endloop
  endfacet
  facet normal 0.985238 0.17119 0
    outer loop
      vertex 47.8327 17.1683 1.2
      vertex 47.8184 17.2506 -7.62939e-07
      vertex 47.8184 17.2506 1.2
    endloop
  endfacet
  facet normal 0.985238 0.17119 0
    outer loop
      vertex 47.8184 17.2506 -7.62939e-07
      vertex 47.8327 17.1683 1.2
      vertex 47.8327 17.1683 -7.62939e-07
    endloop
  endfacet
  facet normal 0.84509 0.534624 0
    outer loop
      vertex 48.0865 16.5555 1.2
      vertex 48.0419 16.626 -7.62939e-07
      vertex 48.0419 16.626 1.2
    endloop
  endfacet
  facet normal 0.84509 0.534624 0
    outer loop
      vertex 48.0419 16.626 -7.62939e-07
      vertex 48.0865 16.5555 1.2
      vertex 48.0865 16.5555 -7.62939e-07
    endloop
  endfacet
  facet normal 0.817765 0.575553 0
    outer loop
      vertex 48.1345 16.4873 1.2
      vertex 48.0865 16.5555 -7.62939e-07
      vertex 48.0865 16.5555 1.2
    endloop
  endfacet
  facet normal 0.817765 0.575553 0
    outer loop
      vertex 48.0865 16.5555 -7.62939e-07
      vertex 48.1345 16.4873 1.2
      vertex 48.1345 16.4873 -7.62939e-07
    endloop
  endfacet
  facet normal 0.788061 0.615598 0
    outer loop
      vertex 48.1859 16.4215 1.2
      vertex 48.1345 16.4873 -7.62939e-07
      vertex 48.1345 16.4873 1.2
    endloop
  endfacet
  facet normal 0.788061 0.615598 0
    outer loop
      vertex 48.1345 16.4873 -7.62939e-07
      vertex 48.1859 16.4215 1.2
      vertex 48.1859 16.4215 -7.62939e-07
    endloop
  endfacet
  facet normal 0.689505 0.724281 -0
    outer loop
      vertex 48.3583 16.2404 -7.62939e-07
      vertex 48.2979 16.2979 1.2
      vertex 48.3583 16.2404 1.2
    endloop
  endfacet
  facet normal 0.689505 0.724281 0
    outer loop
      vertex 48.2979 16.2979 1.2
      vertex 48.3583 16.2404 -7.62939e-07
      vertex 48.2979 16.2979 -7.62939e-07
    endloop
  endfacet
  facet normal 0.615598 0.788061 -0
    outer loop
      vertex 48.4873 16.1345 -7.62939e-07
      vertex 48.4215 16.1859 1.2
      vertex 48.4873 16.1345 1.2
    endloop
  endfacet
  facet normal 0.615598 0.788061 0
    outer loop
      vertex 48.4215 16.1859 1.2
      vertex 48.4873 16.1345 -7.62939e-07
      vertex 48.4215 16.1859 -7.62939e-07
    endloop
  endfacet
  facet normal -0.0239739 0.999713 0
    outer loop
      vertex 49.5834 15.802 -7.62939e-07
      vertex 49.5 15.8 1.2
      vertex 49.5834 15.802 1.2
    endloop
  endfacet
  facet normal -0.0239739 0.999713 0
    outer loop
      vertex 49.5 15.8 1.2
      vertex 49.5834 15.802 -7.62939e-07
      vertex 49.5 15.8 -7.62939e-07
    endloop
  endfacet
  facet normal -0.575553 0.817765 0
    outer loop
      vertex 50.5127 16.1345 -7.62939e-07
      vertex 50.4445 16.0865 1.2
      vertex 50.5127 16.1345 1.2
    endloop
  endfacet
  facet normal -0.575553 0.817765 0
    outer loop
      vertex 50.4445 16.0865 1.2
      vertex 50.5127 16.1345 -7.62939e-07
      vertex 50.4445 16.0865 -7.62939e-07
    endloop
  endfacet
  facet normal -0.817765 0.575553 0
    outer loop
      vertex 50.8655 16.4873 -7.62939e-07
      vertex 50.9135 16.5555 1.2
      vertex 50.9135 16.5555 -7.62939e-07
    endloop
  endfacet
  facet normal -0.817765 0.575553 0
    outer loop
      vertex 50.9135 16.5555 1.2
      vertex 50.8655 16.4873 -7.62939e-07
      vertex 50.8655 16.4873 1.2
    endloop
  endfacet
  facet normal -0.689505 0.724281 0
    outer loop
      vertex 50.7021 16.2979 -7.62939e-07
      vertex 50.6417 16.2404 1.2
      vertex 50.7021 16.2979 1.2
    endloop
  endfacet
  facet normal -0.689505 0.724281 0
    outer loop
      vertex 50.6417 16.2404 1.2
      vertex 50.7021 16.2979 -7.62939e-07
      vertex 50.6417 16.2404 -7.62939e-07
    endloop
  endfacet
  facet normal -0.963621 0.267273 0
    outer loop
      vertex 51.1268 17.0065 -7.62939e-07
      vertex 51.1491 17.0869 1.2
      vertex 51.1491 17.0869 -7.62939e-07
    endloop
  endfacet
  facet normal -0.963621 0.267273 0
    outer loop
      vertex 51.1491 17.0869 1.2
      vertex 51.1268 17.0065 -7.62939e-07
      vertex 51.1268 17.0065 1.2
    endloop
  endfacet
  facet normal -0.975904 0.2182 0
    outer loop
      vertex 51.1491 17.0869 -7.62939e-07
      vertex 51.1673 17.1683 1.2
      vertex 51.1673 17.1683 -7.62939e-07
    endloop
  endfacet
  facet normal -0.975904 0.2182 0
    outer loop
      vertex 51.1673 17.1683 1.2
      vertex 51.1491 17.0869 -7.62939e-07
      vertex 51.1491 17.0869 1.2
    endloop
  endfacet
  facet normal -0.9494 0.314069 0
    outer loop
      vertex 51.1006 16.9273 -7.62939e-07
      vertex 51.1268 17.0065 1.2
      vertex 51.1268 17.0065 -7.62939e-07
    endloop
  endfacet
  facet normal -0.9494 0.314069 0
    outer loop
      vertex 51.1268 17.0065 1.2
      vertex 51.1006 16.9273 -7.62939e-07
      vertex 51.1006 16.9273 1.2
    endloop
  endfacet
  facet normal -0.992498 0.122264 0
    outer loop
      vertex 51.1816 17.2506 -7.62939e-07
      vertex 51.1918 17.3334 1.2
      vertex 51.1918 17.3334 -7.62939e-07
    endloop
  endfacet
  facet normal -0.992498 0.122264 0
    outer loop
      vertex 51.1918 17.3334 1.2
      vertex 51.1816 17.2506 -7.62939e-07
      vertex 51.1816 17.2506 1.2
    endloop
  endfacet
  facet normal -0.997235 0.0743132 0
    outer loop
      vertex 51.1918 17.3334 -7.62939e-07
      vertex 51.198 17.4166 1.2
      vertex 51.198 17.4166 -7.62939e-07
    endloop
  endfacet
  facet normal -0.997235 0.0743132 0
    outer loop
      vertex 51.198 17.4166 1.2
      vertex 51.1918 17.3334 -7.62939e-07
      vertex 51.1918 17.3334 1.2
    endloop
  endfacet
  facet normal -0.999713 0.0239739 0
    outer loop
      vertex 51.198 17.4166 -7.62939e-07
      vertex 51.2 17.5 1.2
      vertex 51.2 17.5 -7.62939e-07
    endloop
  endfacet
  facet normal -0.999713 0.0239739 0
    outer loop
      vertex 51.2 17.5 1.2
      vertex 51.198 17.4166 -7.62939e-07
      vertex 51.198 17.4166 1.2
    endloop
  endfacet
  facet normal 0.314069 0.9494 -0
    outer loop
      vertex 49.0065 15.8732 -7.62939e-07
      vertex 48.9273 15.8994 1.2
      vertex 49.0065 15.8732 1.2
    endloop
  endfacet
  facet normal 0.314069 0.9494 0
    outer loop
      vertex 48.9273 15.8994 1.2
      vertex 49.0065 15.8732 -7.62939e-07
      vertex 48.9273 15.8994 -7.62939e-07
    endloop
  endfacet
  facet normal 0.267273 0.963621 -0
    outer loop
      vertex 49.0869 15.8509 -7.62939e-07
      vertex 49.0065 15.8732 1.2
      vertex 49.0869 15.8509 1.2
    endloop
  endfacet
  facet normal 0.267273 0.963621 0
    outer loop
      vertex 49.0065 15.8732 1.2
      vertex 49.0869 15.8509 -7.62939e-07
      vertex 49.0065 15.8732 -7.62939e-07
    endloop
  endfacet
  facet normal 0.653058 0.757308 -0
    outer loop
      vertex 48.4215 16.1859 -7.62939e-07
      vertex 48.3583 16.2404 1.2
      vertex 48.4215 16.1859 1.2
    endloop
  endfacet
  facet normal 0.653058 0.757308 0
    outer loop
      vertex 48.3583 16.2404 1.2
      vertex 48.4215 16.1859 -7.62939e-07
      vertex 48.3583 16.2404 -7.62939e-07
    endloop
  endfacet
  facet normal 0.575553 0.817765 -0
    outer loop
      vertex 48.5555 16.0865 -7.62939e-07
      vertex 48.4873 16.1345 1.2
      vertex 48.5555 16.0865 1.2
    endloop
  endfacet
  facet normal 0.575553 0.817765 0
    outer loop
      vertex 48.4873 16.1345 1.2
      vertex 48.5555 16.0865 -7.62939e-07
      vertex 48.4873 16.1345 -7.62939e-07
    endloop
  endfacet
  facet normal 0.493557 0.869714 -0
    outer loop
      vertex 48.6986 16.0007 -7.62939e-07
      vertex 48.626 16.0419 1.2
      vertex 48.6986 16.0007 1.2
    endloop
  endfacet
  facet normal 0.493557 0.869714 0
    outer loop
      vertex 48.626 16.0419 1.2
      vertex 48.6986 16.0007 -7.62939e-07
      vertex 48.626 16.0419 -7.62939e-07
    endloop
  endfacet
  facet normal -0.122264 0.992498 0
    outer loop
      vertex 49.7494 15.8184 -7.62939e-07
      vertex 49.6666 15.8082 1.2
      vertex 49.7494 15.8184 1.2
    endloop
  endfacet
  facet normal -0.122264 0.992498 0
    outer loop
      vertex 49.6666 15.8082 1.2
      vertex 49.7494 15.8184 -7.62939e-07
      vertex 49.6666 15.8082 -7.62939e-07
    endloop
  endfacet
  facet normal -0.2182 0.975904 0
    outer loop
      vertex 49.9131 15.8509 -7.62939e-07
      vertex 49.8317 15.8327 1.2
      vertex 49.9131 15.8509 1.2
    endloop
  endfacet
  facet normal -0.2182 0.975904 0
    outer loop
      vertex 49.8317 15.8327 1.2
      vertex 49.9131 15.8509 -7.62939e-07
      vertex 49.8317 15.8327 -7.62939e-07
    endloop
  endfacet
  facet normal -0.267273 0.963621 0
    outer loop
      vertex 49.9935 15.8732 -7.62939e-07
      vertex 49.9131 15.8509 1.2
      vertex 49.9935 15.8732 1.2
    endloop
  endfacet
  facet normal -0.267273 0.963621 0
    outer loop
      vertex 49.9131 15.8509 1.2
      vertex 49.9935 15.8732 -7.62939e-07
      vertex 49.9131 15.8509 -7.62939e-07
    endloop
  endfacet
  facet normal -0.314069 0.9494 0
    outer loop
      vertex 50.0727 15.8994 -7.62939e-07
      vertex 49.9935 15.8732 1.2
      vertex 50.0727 15.8994 1.2
    endloop
  endfacet
  facet normal -0.314069 0.9494 0
    outer loop
      vertex 49.9935 15.8732 1.2
      vertex 50.0727 15.8994 -7.62939e-07
      vertex 49.9935 15.8732 -7.62939e-07
    endloop
  endfacet
  facet normal -0.757308 0.653058 0
    outer loop
      vertex 50.7596 16.3583 -7.62939e-07
      vertex 50.8141 16.4215 1.2
      vertex 50.8141 16.4215 -7.62939e-07
    endloop
  endfacet
  facet normal -0.757308 0.653058 0
    outer loop
      vertex 50.8141 16.4215 1.2
      vertex 50.7596 16.3583 -7.62939e-07
      vertex 50.7596 16.3583 1.2
    endloop
  endfacet
  facet normal -0.788061 0.615598 0
    outer loop
      vertex 50.8141 16.4215 -7.62939e-07
      vertex 50.8655 16.4873 1.2
      vertex 50.8655 16.4873 -7.62939e-07
    endloop
  endfacet
  facet normal -0.788061 0.615598 0
    outer loop
      vertex 50.8655 16.4873 1.2
      vertex 50.8141 16.4215 -7.62939e-07
      vertex 50.8141 16.4215 1.2
    endloop
  endfacet
  facet normal 0.122264 0.992498 -0
    outer loop
      vertex 49.3334 15.8082 -7.62939e-07
      vertex 49.2506 15.8184 1.2
      vertex 49.3334 15.8082 1.2
    endloop
  endfacet
  facet normal 0.122264 0.992498 0
    outer loop
      vertex 49.2506 15.8184 1.2
      vertex 49.3334 15.8082 -7.62939e-07
      vertex 49.2506 15.8184 -7.62939e-07
    endloop
  endfacet
  facet normal 0.0743132 0.997235 -0
    outer loop
      vertex 49.4166 15.802 -7.62939e-07
      vertex 49.3334 15.8082 1.2
      vertex 49.4166 15.802 1.2
    endloop
  endfacet
  facet normal 0.0743132 0.997235 0
    outer loop
      vertex 49.3334 15.8082 1.2
      vertex 49.4166 15.802 -7.62939e-07
      vertex 49.3334 15.8082 -7.62939e-07
    endloop
  endfacet
  facet normal -0.405471 0.914108 0
    outer loop
      vertex 50.2268 15.9632 -7.62939e-07
      vertex 50.1506 15.9294 1.2
      vertex 50.2268 15.9632 1.2
    endloop
  endfacet
  facet normal -0.405471 0.914108 0
    outer loop
      vertex 50.1506 15.9294 1.2
      vertex 50.2268 15.9632 -7.62939e-07
      vertex 50.1506 15.9294 -7.62939e-07
    endloop
  endfacet
  facet normal -0.449129 0.893467 0
    outer loop
      vertex 50.3014 16.0007 -7.62939e-07
      vertex 50.2268 15.9632 1.2
      vertex 50.3014 16.0007 1.2
    endloop
  endfacet
  facet normal -0.449129 0.893467 0
    outer loop
      vertex 50.2268 15.9632 1.2
      vertex 50.3014 16.0007 -7.62939e-07
      vertex 50.2268 15.9632 -7.62939e-07
    endloop
  endfacet
  facet normal -0.493557 0.869714 0
    outer loop
      vertex 50.374 16.0419 -7.62939e-07
      vertex 50.3014 16.0007 1.2
      vertex 50.374 16.0419 1.2
    endloop
  endfacet
  facet normal -0.493557 0.869714 0
    outer loop
      vertex 50.3014 16.0007 1.2
      vertex 50.374 16.0419 -7.62939e-07
      vertex 50.3014 16.0007 -7.62939e-07
    endloop
  endfacet
  facet normal -0.534624 0.84509 0
    outer loop
      vertex 50.4445 16.0865 -7.62939e-07
      vertex 50.374 16.0419 1.2
      vertex 50.4445 16.0865 1.2
    endloop
  endfacet
  facet normal -0.534624 0.84509 0
    outer loop
      vertex 50.374 16.0419 1.2
      vertex 50.4445 16.0865 -7.62939e-07
      vertex 50.374 16.0419 -7.62939e-07
    endloop
  endfacet
  facet normal -0.615598 0.788061 0
    outer loop
      vertex 50.5785 16.1859 -7.62939e-07
      vertex 50.5127 16.1345 1.2
      vertex 50.5785 16.1859 1.2
    endloop
  endfacet
  facet normal -0.615598 0.788061 0
    outer loop
      vertex 50.5127 16.1345 1.2
      vertex 50.5785 16.1859 -7.62939e-07
      vertex 50.5127 16.1345 -7.62939e-07
    endloop
  endfacet
  facet normal -0.653058 0.757308 0
    outer loop
      vertex 50.6417 16.2404 -7.62939e-07
      vertex 50.5785 16.1859 1.2
      vertex 50.6417 16.2404 1.2
    endloop
  endfacet
  facet normal -0.653058 0.757308 0
    outer loop
      vertex 50.5785 16.1859 1.2
      vertex 50.6417 16.2404 -7.62939e-07
      vertex 50.5785 16.1859 -7.62939e-07
    endloop
  endfacet
  facet normal -0.869714 0.493557 0
    outer loop
      vertex 50.9581 16.626 -7.62939e-07
      vertex 50.9993 16.6986 1.2
      vertex 50.9993 16.6986 -7.62939e-07
    endloop
  endfacet
  facet normal -0.869714 0.493557 0
    outer loop
      vertex 50.9993 16.6986 1.2
      vertex 50.9581 16.626 -7.62939e-07
      vertex 50.9581 16.626 1.2
    endloop
  endfacet
  facet normal -0.893467 0.449129 0
    outer loop
      vertex 50.9993 16.6986 -7.62939e-07
      vertex 51.0368 16.7732 1.2
      vertex 51.0368 16.7732 -7.62939e-07
    endloop
  endfacet
  facet normal -0.893467 0.449129 0
    outer loop
      vertex 51.0368 16.7732 1.2
      vertex 50.9993 16.6986 -7.62939e-07
      vertex 50.9993 16.6986 1.2
    endloop
  endfacet
  facet normal -0.914108 0.405471 0
    outer loop
      vertex 51.0368 16.7732 -7.62939e-07
      vertex 51.0706 16.8494 1.2
      vertex 51.0706 16.8494 -7.62939e-07
    endloop
  endfacet
  facet normal -0.914108 0.405471 0
    outer loop
      vertex 51.0706 16.8494 1.2
      vertex 51.0368 16.7732 -7.62939e-07
      vertex 51.0368 16.7732 1.2
    endloop
  endfacet
  facet normal -0.84509 0.534624 0
    outer loop
      vertex 50.9135 16.5555 -7.62939e-07
      vertex 50.9581 16.626 1.2
      vertex 50.9581 16.626 -7.62939e-07
    endloop
  endfacet
  facet normal -0.84509 0.534624 0
    outer loop
      vertex 50.9581 16.626 1.2
      vertex 50.9135 16.5555 -7.62939e-07
      vertex 50.9135 16.5555 1.2
    endloop
  endfacet
  facet normal 0.0245729 -0.999698 0
    outer loop
      vertex 49.3332 20.8959 1.2
      vertex 49.5 20.9 2.5
      vertex 49.3332 20.8959 2.5
    endloop
  endfacet
  facet normal 0.0245729 -0.999698 0
    outer loop
      vertex 49.5 20.9 2.5
      vertex 49.3332 20.8959 1.2
      vertex 49.5 20.9 1.2
    endloop
  endfacet
  facet normal 0.405026 -0.914305 0
    outer loop
      vertex 48.0463 20.5736 1.2
      vertex 48.1989 20.6412 2.5
      vertex 48.0463 20.5736 2.5
    endloop
  endfacet
  facet normal 0.405026 -0.914305 0
    outer loop
      vertex 48.1989 20.6412 2.5
      vertex 48.0463 20.5736 1.2
      vertex 48.1989 20.6412 1.2
    endloop
  endfacet
  facet normal -0.870228 -0.49265 0
    outer loop
      vertex 52.4985 19.1027 1.2
      vertex 52.4163 19.2479 2.5
      vertex 52.4163 19.2479 1.2
    endloop
  endfacet
  facet normal -0.870228 -0.49265 0
    outer loop
      vertex 52.4163 19.2479 2.5
      vertex 52.4985 19.1027 1.2
      vertex 52.4985 19.1027 2.5
    endloop
  endfacet
  facet normal -0.997282 -0.0736731 0
    outer loop
      vertex 52.8959 17.6668 1.2
      vertex 52.8836 17.8333 2.5
      vertex 52.8836 17.8333 1.2
    endloop
  endfacet
  facet normal -0.997282 -0.0736731 0
    outer loop
      vertex 52.8836 17.8333 2.5
      vertex 52.8959 17.6668 1.2
      vertex 52.8959 17.6668 2.5
    endloop
  endfacet
  facet normal -0.914305 0.405026 0
    outer loop
      vertex 52.5736 16.0463 1.2
      vertex 52.6412 16.1989 2.5
      vertex 52.6412 16.1989 1.2
    endloop
  endfacet
  facet normal -0.914305 0.405026 0
    outer loop
      vertex 52.6412 16.1989 2.5
      vertex 52.5736 16.0463 1.2
      vertex 52.5736 16.0463 2.5
    endloop
  endfacet
  facet normal 0.314069 0.9494 -0
    outer loop
      vertex 48.513 14.2464 1.2
      vertex 48.3546 14.2988 2.5
      vertex 48.513 14.2464 2.5
    endloop
  endfacet
  facet normal 0.314069 0.9494 0
    outer loop
      vertex 48.3546 14.2988 2.5
      vertex 48.513 14.2464 1.2
      vertex 48.3546 14.2988 1.2
    endloop
  endfacet
  facet normal 0.985304 -0.17081 0
    outer loop
      vertex 46.1368 17.9989 2.5
      vertex 46.1653 18.1633 1.2
      vertex 46.1653 18.1633 2.5
    endloop
  endfacet
  facet normal 0.985304 -0.17081 0
    outer loop
      vertex 46.1653 18.1633 1.2
      vertex 46.1368 17.9989 2.5
      vertex 46.1368 17.9989 1.2
    endloop
  endfacet
  facet normal 0.914305 -0.405026 0
    outer loop
      vertex 46.3588 18.8011 2.5
      vertex 46.4264 18.9537 1.2
      vertex 46.4264 18.9537 2.5
    endloop
  endfacet
  facet normal 0.914305 -0.405026 0
    outer loop
      vertex 46.4264 18.9537 1.2
      vertex 46.3588 18.8011 2.5
      vertex 46.3588 18.8011 1.2
    endloop
  endfacet
  facet normal 0.689206 -0.724565 0
    outer loop
      vertex 47.0958 19.9042 1.2
      vertex 47.2167 20.0192 2.5
      vertex 47.0958 19.9042 2.5
    endloop
  endfacet
  facet normal 0.689206 -0.724565 0
    outer loop
      vertex 47.2167 20.0192 2.5
      vertex 47.0958 19.9042 1.2
      vertex 47.2167 20.0192 1.2
    endloop
  endfacet
  facet normal 0.844819 -0.535052 0
    outer loop
      vertex 46.5837 19.2479 2.5
      vertex 46.673 19.3889 1.2
      vertex 46.673 19.3889 2.5
    endloop
  endfacet
  facet normal 0.844819 -0.535052 0
    outer loop
      vertex 46.673 19.3889 1.2
      vertex 46.5837 19.2479 2.5
      vertex 46.5837 19.2479 1.2
    endloop
  endfacet
  facet normal 0.870228 -0.49265 0
    outer loop
      vertex 46.5015 19.1027 2.5
      vertex 46.5837 19.2479 1.2
      vertex 46.5837 19.2479 2.5
    endloop
  endfacet
  facet normal 0.870228 -0.49265 0
    outer loop
      vertex 46.5837 19.2479 1.2
      vertex 46.5015 19.1027 2.5
      vertex 46.5015 19.1027 1.2
    endloop
  endfacet
  facet normal -0.975648 -0.219341 0
    outer loop
      vertex 52.8347 18.1633 1.2
      vertex 52.7981 18.3261 2.5
      vertex 52.7981 18.3261 1.2
    endloop
  endfacet
  facet normal -0.975648 -0.219341 0
    outer loop
      vertex 52.7981 18.3261 2.5
      vertex 52.8347 18.1633 1.2
      vertex 52.8347 18.1633 2.5
    endloop
  endfacet
  facet normal -0.992498 -0.122264 0
    outer loop
      vertex 52.8836 17.8333 1.2
      vertex 52.8632 17.9989 2.5
      vertex 52.8632 17.9989 1.2
    endloop
  endfacet
  facet normal -0.992498 -0.122264 0
    outer loop
      vertex 52.8632 17.9989 2.5
      vertex 52.8836 17.8333 1.2
      vertex 52.8836 17.8333 2.5
    endloop
  endfacet
  facet normal -0.575671 -0.817681 0
    outer loop
      vertex 51.3889 20.327 1.2
      vertex 51.5254 20.2309 2.5
      vertex 51.3889 20.327 2.5
    endloop
  endfacet
  facet normal -0.575671 -0.817681 -0
    outer loop
      vertex 51.5254 20.2309 2.5
      vertex 51.3889 20.327 1.2
      vertex 51.5254 20.2309 1.2
    endloop
  endfacet
  facet normal -0.653058 -0.757308 0
    outer loop
      vertex 51.6569 20.1282 1.2
      vertex 51.7833 20.0192 2.5
      vertex 51.6569 20.1282 2.5
    endloop
  endfacet
  facet normal -0.653058 -0.757308 -0
    outer loop
      vertex 51.7833 20.0192 2.5
      vertex 51.6569 20.1282 1.2
      vertex 51.7833 20.0192 1.2
    endloop
  endfacet
  facet normal -0.122264 -0.992498 0
    outer loop
      vertex 49.8333 20.8836 1.2
      vertex 49.9989 20.8632 2.5
      vertex 49.8333 20.8836 2.5
    endloop
  endfacet
  facet normal -0.122264 -0.992498 -0
    outer loop
      vertex 49.9989 20.8632 2.5
      vertex 49.8333 20.8836 1.2
      vertex 49.9989 20.8632 1.2
    endloop
  endfacet
  facet normal -0.314069 -0.9494 0
    outer loop
      vertex 50.487 20.7536 1.2
      vertex 50.6454 20.7012 2.5
      vertex 50.487 20.7536 2.5
    endloop
  endfacet
  facet normal -0.314069 -0.9494 -0
    outer loop
      vertex 50.6454 20.7012 2.5
      vertex 50.487 20.7536 1.2
      vertex 50.6454 20.7012 1.2
    endloop
  endfacet
  facet normal 0.999698 0.0245729 0
    outer loop
      vertex 46.1041 17.3332 2.5
      vertex 46.1 17.5 1.2
      vertex 46.1 17.5 2.5
    endloop
  endfacet
  facet normal 0.999698 0.0245729 0
    outer loop
      vertex 46.1 17.5 1.2
      vertex 46.1041 17.3332 2.5
      vertex 46.1041 17.3332 1.2
    endloop
  endfacet
  facet normal -0.985304 0.17081 0
    outer loop
      vertex 52.8347 16.8367 1.2
      vertex 52.8632 17.0011 2.5
      vertex 52.8632 17.0011 1.2
    endloop
  endfacet
  facet normal -0.985304 0.17081 0
    outer loop
      vertex 52.8632 17.0011 2.5
      vertex 52.8347 16.8367 1.2
      vertex 52.8347 16.8367 2.5
    endloop
  endfacet
  facet normal 0.359581 0.933114 -0
    outer loop
      vertex 48.3546 14.2988 1.2
      vertex 48.1989 14.3588 2.5
      vertex 48.3546 14.2988 2.5
    endloop
  endfacet
  facet normal 0.359581 0.933114 0
    outer loop
      vertex 48.1989 14.3588 2.5
      vertex 48.3546 14.2988 1.2
      vertex 48.1989 14.3588 1.2
    endloop
  endfacet
  facet normal 0.997282 -0.0736731 0
    outer loop
      vertex 46.1041 17.6668 2.5
      vertex 46.1164 17.8333 1.2
      vertex 46.1164 17.8333 2.5
    endloop
  endfacet
  facet normal 0.997282 -0.0736731 0
    outer loop
      vertex 46.1164 17.8333 1.2
      vertex 46.1041 17.6668 2.5
      vertex 46.1041 17.6668 1.2
    endloop
  endfacet
  facet normal 0.992498 -0.122264 0
    outer loop
      vertex 46.1164 17.8333 2.5
      vertex 46.1368 17.9989 1.2
      vertex 46.1368 17.9989 2.5
    endloop
  endfacet
  facet normal 0.992498 -0.122264 0
    outer loop
      vertex 46.1368 17.9989 1.2
      vertex 46.1164 17.8333 2.5
      vertex 46.1164 17.8333 1.2
    endloop
  endfacet
  facet normal 0.963818 -0.266562 0
    outer loop
      vertex 46.2019 18.3261 2.5
      vertex 46.2464 18.487 1.2
      vertex 46.2464 18.487 2.5
    endloop
  endfacet
  facet normal 0.963818 -0.266562 0
    outer loop
      vertex 46.2464 18.487 1.2
      vertex 46.2019 18.3261 2.5
      vertex 46.2019 18.3261 1.2
    endloop
  endfacet
  facet normal 0.933114 -0.359581 0
    outer loop
      vertex 46.2988 18.6454 2.5
      vertex 46.3588 18.8011 1.2
      vertex 46.3588 18.8011 2.5
    endloop
  endfacet
  facet normal 0.933114 -0.359581 0
    outer loop
      vertex 46.3588 18.8011 1.2
      vertex 46.2988 18.6454 2.5
      vertex 46.2988 18.6454 1.2
    endloop
  endfacet
  facet normal 0.9494 -0.314069 0
    outer loop
      vertex 46.2464 18.487 2.5
      vertex 46.2988 18.6454 1.2
      vertex 46.2988 18.6454 2.5
    endloop
  endfacet
  facet normal 0.9494 -0.314069 0
    outer loop
      vertex 46.2988 18.6454 1.2
      vertex 46.2464 18.487 2.5
      vertex 46.2464 18.487 1.2
    endloop
  endfacet
  facet normal 0.757308 -0.653058 0
    outer loop
      vertex 46.8718 19.6569 2.5
      vertex 46.9808 19.7833 1.2
      vertex 46.9808 19.7833 2.5
    endloop
  endfacet
  facet normal 0.757308 -0.653058 0
    outer loop
      vertex 46.9808 19.7833 1.2
      vertex 46.8718 19.6569 2.5
      vertex 46.8718 19.6569 1.2
    endloop
  endfacet
  facet normal 0.788124 -0.615516 0
    outer loop
      vertex 46.7691 19.5254 2.5
      vertex 46.8718 19.6569 1.2
      vertex 46.8718 19.6569 2.5
    endloop
  endfacet
  facet normal 0.788124 -0.615516 0
    outer loop
      vertex 46.8718 19.6569 1.2
      vertex 46.7691 19.5254 2.5
      vertex 46.7691 19.5254 1.2
    endloop
  endfacet
  facet normal 0.724565 -0.689206 0
    outer loop
      vertex 46.9808 19.7833 2.5
      vertex 47.0958 19.9042 1.2
      vertex 47.0958 19.9042 2.5
    endloop
  endfacet
  facet normal 0.724565 -0.689206 0
    outer loop
      vertex 47.0958 19.9042 1.2
      vertex 46.9808 19.7833 2.5
      vertex 46.9808 19.7833 1.2
    endloop
  endfacet
  facet normal 0.817681 -0.575671 0
    outer loop
      vertex 46.673 19.3889 2.5
      vertex 46.7691 19.5254 1.2
      vertex 46.7691 19.5254 2.5
    endloop
  endfacet
  facet normal 0.817681 -0.575671 0
    outer loop
      vertex 46.7691 19.5254 1.2
      vertex 46.673 19.3889 2.5
      vertex 46.673 19.3889 1.2
    endloop
  endfacet
  facet normal 0.892984 -0.450088 0
    outer loop
      vertex 46.4264 18.9537 2.5
      vertex 46.5015 19.1027 1.2
      vertex 46.5015 19.1027 2.5
    endloop
  endfacet
  facet normal 0.892984 -0.450088 0
    outer loop
      vertex 46.5015 19.1027 1.2
      vertex 46.4264 18.9537 2.5
      vertex 46.4264 18.9537 1.2
    endloop
  endfacet
  facet normal -0.0245729 -0.999698 0
    outer loop
      vertex 49.5 20.9 1.2
      vertex 49.6668 20.8959 2.5
      vertex 49.5 20.9 2.5
    endloop
  endfacet
  facet normal -0.0245729 -0.999698 -0
    outer loop
      vertex 49.6668 20.8959 2.5
      vertex 49.5 20.9 1.2
      vertex 49.6668 20.8959 1.2
    endloop
  endfacet
  facet normal 0.314069 -0.9494 0
    outer loop
      vertex 48.3546 20.7012 1.2
      vertex 48.513 20.7536 2.5
      vertex 48.3546 20.7012 2.5
    endloop
  endfacet
  facet normal 0.314069 -0.9494 0
    outer loop
      vertex 48.513 20.7536 2.5
      vertex 48.3546 20.7012 1.2
      vertex 48.513 20.7536 1.2
    endloop
  endfacet
  facet normal 0.266562 -0.963818 0
    outer loop
      vertex 48.513 20.7536 1.2
      vertex 48.6739 20.7981 2.5
      vertex 48.513 20.7536 2.5
    endloop
  endfacet
  facet normal 0.266562 -0.963818 0
    outer loop
      vertex 48.6739 20.7981 2.5
      vertex 48.513 20.7536 1.2
      vertex 48.6739 20.7981 1.2
    endloop
  endfacet
  facet normal 0.219341 -0.975648 0
    outer loop
      vertex 48.6739 20.7981 1.2
      vertex 48.8367 20.8347 2.5
      vertex 48.6739 20.7981 2.5
    endloop
  endfacet
  facet normal 0.219341 -0.975648 0
    outer loop
      vertex 48.8367 20.8347 2.5
      vertex 48.6739 20.7981 1.2
      vertex 48.8367 20.8347 1.2
    endloop
  endfacet
  facet normal 0.122264 -0.992498 0
    outer loop
      vertex 49.0011 20.8632 1.2
      vertex 49.1667 20.8836 2.5
      vertex 49.0011 20.8632 2.5
    endloop
  endfacet
  facet normal 0.122264 -0.992498 0
    outer loop
      vertex 49.1667 20.8836 2.5
      vertex 49.0011 20.8632 1.2
      vertex 49.1667 20.8836 1.2
    endloop
  endfacet
  facet normal 0.359581 -0.933114 0
    outer loop
      vertex 48.1989 20.6412 1.2
      vertex 48.3546 20.7012 2.5
      vertex 48.1989 20.6412 2.5
    endloop
  endfacet
  facet normal 0.359581 -0.933114 0
    outer loop
      vertex 48.3546 20.7012 2.5
      vertex 48.1989 20.6412 1.2
      vertex 48.3546 20.7012 1.2
    endloop
  endfacet
  facet normal 0.49265 -0.870228 0
    outer loop
      vertex 47.7521 20.4163 1.2
      vertex 47.8973 20.4985 2.5
      vertex 47.7521 20.4163 2.5
    endloop
  endfacet
  facet normal 0.49265 -0.870228 0
    outer loop
      vertex 47.8973 20.4985 2.5
      vertex 47.7521 20.4163 1.2
      vertex 47.8973 20.4985 1.2
    endloop
  endfacet
  facet normal 0.575671 -0.817681 0
    outer loop
      vertex 47.4746 20.2309 1.2
      vertex 47.6111 20.327 2.5
      vertex 47.4746 20.2309 2.5
    endloop
  endfacet
  facet normal 0.575671 -0.817681 0
    outer loop
      vertex 47.6111 20.327 2.5
      vertex 47.4746 20.2309 1.2
      vertex 47.6111 20.327 1.2
    endloop
  endfacet
  facet normal 0.653058 -0.757308 0
    outer loop
      vertex 47.2167 20.0192 1.2
      vertex 47.3431 20.1282 2.5
      vertex 47.2167 20.0192 2.5
    endloop
  endfacet
  facet normal 0.653058 -0.757308 0
    outer loop
      vertex 47.3431 20.1282 2.5
      vertex 47.2167 20.0192 1.2
      vertex 47.3431 20.1282 1.2
    endloop
  endfacet
  facet normal 0.535052 -0.844819 0
    outer loop
      vertex 47.6111 20.327 1.2
      vertex 47.7521 20.4163 2.5
      vertex 47.6111 20.327 2.5
    endloop
  endfacet
  facet normal 0.535052 -0.844819 0
    outer loop
      vertex 47.7521 20.4163 2.5
      vertex 47.6111 20.327 1.2
      vertex 47.7521 20.4163 1.2
    endloop
  endfacet
  facet normal -0.999698 -0.0245729 0
    outer loop
      vertex 52.9 17.5 1.2
      vertex 52.8959 17.6668 2.5
      vertex 52.8959 17.6668 1.2
    endloop
  endfacet
  facet normal -0.999698 -0.0245729 0
    outer loop
      vertex 52.8959 17.6668 2.5
      vertex 52.9 17.5 1.2
      vertex 52.9 17.5 2.5
    endloop
  endfacet
  facet normal -0.757308 -0.653058 0
    outer loop
      vertex 52.1282 19.6569 1.2
      vertex 52.0192 19.7833 2.5
      vertex 52.0192 19.7833 1.2
    endloop
  endfacet
  facet normal -0.757308 -0.653058 0
    outer loop
      vertex 52.0192 19.7833 2.5
      vertex 52.1282 19.6569 1.2
      vertex 52.1282 19.6569 2.5
    endloop
  endfacet
  facet normal -0.914305 -0.405026 0
    outer loop
      vertex 52.6412 18.8011 1.2
      vertex 52.5736 18.9537 2.5
      vertex 52.5736 18.9537 1.2
    endloop
  endfacet
  facet normal -0.914305 -0.405026 0
    outer loop
      vertex 52.5736 18.9537 2.5
      vertex 52.6412 18.8011 1.2
      vertex 52.6412 18.8011 2.5
    endloop
  endfacet
  facet normal -0.933114 -0.359581 0
    outer loop
      vertex 52.7012 18.6454 1.2
      vertex 52.6412 18.8011 2.5
      vertex 52.6412 18.8011 1.2
    endloop
  endfacet
  facet normal -0.933114 -0.359581 0
    outer loop
      vertex 52.6412 18.8011 2.5
      vertex 52.7012 18.6454 1.2
      vertex 52.7012 18.6454 2.5
    endloop
  endfacet
  facet normal -0.9494 -0.314069 0
    outer loop
      vertex 52.7536 18.487 1.2
      vertex 52.7012 18.6454 2.5
      vertex 52.7012 18.6454 1.2
    endloop
  endfacet
  facet normal -0.9494 -0.314069 0
    outer loop
      vertex 52.7012 18.6454 2.5
      vertex 52.7536 18.487 1.2
      vertex 52.7536 18.487 2.5
    endloop
  endfacet
  facet normal -0.963818 -0.266562 0
    outer loop
      vertex 52.7981 18.3261 1.2
      vertex 52.7536 18.487 2.5
      vertex 52.7536 18.487 1.2
    endloop
  endfacet
  facet normal -0.963818 -0.266562 0
    outer loop
      vertex 52.7536 18.487 2.5
      vertex 52.7981 18.3261 1.2
      vertex 52.7981 18.3261 2.5
    endloop
  endfacet
  facet normal -0.985304 -0.17081 0
    outer loop
      vertex 52.8632 17.9989 1.2
      vertex 52.8347 18.1633 2.5
      vertex 52.8347 18.1633 1.2
    endloop
  endfacet
  facet normal -0.985304 -0.17081 0
    outer loop
      vertex 52.8347 18.1633 2.5
      vertex 52.8632 17.9989 1.2
      vertex 52.8632 17.9989 2.5
    endloop
  endfacet
  facet normal -0.724565 -0.689206 0
    outer loop
      vertex 52.0192 19.7833 1.2
      vertex 51.9042 19.9042 2.5
      vertex 51.9042 19.9042 1.2
    endloop
  endfacet
  facet normal -0.724565 -0.689206 0
    outer loop
      vertex 51.9042 19.9042 2.5
      vertex 52.0192 19.7833 1.2
      vertex 52.0192 19.7833 2.5
    endloop
  endfacet
  facet normal -0.49265 -0.870228 0
    outer loop
      vertex 51.1027 20.4985 1.2
      vertex 51.2479 20.4163 2.5
      vertex 51.1027 20.4985 2.5
    endloop
  endfacet
  facet normal -0.49265 -0.870228 -0
    outer loop
      vertex 51.2479 20.4163 2.5
      vertex 51.1027 20.4985 1.2
      vertex 51.2479 20.4163 1.2
    endloop
  endfacet
  facet normal -0.535052 -0.844819 0
    outer loop
      vertex 51.2479 20.4163 1.2
      vertex 51.3889 20.327 2.5
      vertex 51.2479 20.4163 2.5
    endloop
  endfacet
  facet normal -0.535052 -0.844819 -0
    outer loop
      vertex 51.3889 20.327 2.5
      vertex 51.2479 20.4163 1.2
      vertex 51.3889 20.327 1.2
    endloop
  endfacet
  facet normal -0.615516 -0.788124 0
    outer loop
      vertex 51.5254 20.2309 1.2
      vertex 51.6569 20.1282 2.5
      vertex 51.5254 20.2309 2.5
    endloop
  endfacet
  facet normal -0.615516 -0.788124 -0
    outer loop
      vertex 51.6569 20.1282 2.5
      vertex 51.5254 20.2309 1.2
      vertex 51.6569 20.1282 1.2
    endloop
  endfacet
  facet normal -0.405026 -0.914305 0
    outer loop
      vertex 50.8011 20.6412 1.2
      vertex 50.9537 20.5736 2.5
      vertex 50.8011 20.6412 2.5
    endloop
  endfacet
  facet normal -0.405026 -0.914305 -0
    outer loop
      vertex 50.9537 20.5736 2.5
      vertex 50.8011 20.6412 1.2
      vertex 50.9537 20.5736 1.2
    endloop
  endfacet
  facet normal -0.266562 -0.963818 0
    outer loop
      vertex 50.3261 20.7981 1.2
      vertex 50.487 20.7536 2.5
      vertex 50.3261 20.7981 2.5
    endloop
  endfacet
  facet normal -0.266562 -0.963818 -0
    outer loop
      vertex 50.487 20.7536 2.5
      vertex 50.3261 20.7981 1.2
      vertex 50.487 20.7536 1.2
    endloop
  endfacet
  facet normal -0.17081 -0.985304 0
    outer loop
      vertex 49.9989 20.8632 1.2
      vertex 50.1633 20.8347 2.5
      vertex 49.9989 20.8632 2.5
    endloop
  endfacet
  facet normal -0.17081 -0.985304 -0
    outer loop
      vertex 50.1633 20.8347 2.5
      vertex 49.9989 20.8632 1.2
      vertex 50.1633 20.8347 1.2
    endloop
  endfacet
  facet normal -0.0736731 -0.997282 0
    outer loop
      vertex 49.6668 20.8959 1.2
      vertex 49.8333 20.8836 2.5
      vertex 49.6668 20.8959 2.5
    endloop
  endfacet
  facet normal -0.0736731 -0.997282 -0
    outer loop
      vertex 49.8333 20.8836 2.5
      vertex 49.6668 20.8959 1.2
      vertex 49.8333 20.8836 1.2
    endloop
  endfacet
  facet normal -0.219341 -0.975648 0
    outer loop
      vertex 50.1633 20.8347 1.2
      vertex 50.3261 20.7981 2.5
      vertex 50.1633 20.8347 2.5
    endloop
  endfacet
  facet normal -0.219341 -0.975648 -0
    outer loop
      vertex 50.3261 20.7981 2.5
      vertex 50.1633 20.8347 1.2
      vertex 50.3261 20.7981 1.2
    endloop
  endfacet
  facet normal 0.999698 -0.0245729 0
    outer loop
      vertex 46.1 17.5 2.5
      vertex 46.1041 17.6668 1.2
      vertex 46.1041 17.6668 2.5
    endloop
  endfacet
  facet normal 0.999698 -0.0245729 0
    outer loop
      vertex 46.1041 17.6668 1.2
      vertex 46.1 17.5 2.5
      vertex 46.1 17.5 1.2
    endloop
  endfacet
  facet normal 0.997282 0.0736731 0
    outer loop
      vertex 46.1164 17.1667 2.5
      vertex 46.1041 17.3332 1.2
      vertex 46.1041 17.3332 2.5
    endloop
  endfacet
  facet normal 0.997282 0.0736731 0
    outer loop
      vertex 46.1041 17.3332 1.2
      vertex 46.1164 17.1667 2.5
      vertex 46.1164 17.1667 1.2
    endloop
  endfacet
  facet normal 0.975648 0.219341 0
    outer loop
      vertex 46.2019 16.6739 2.5
      vertex 46.1653 16.8367 1.2
      vertex 46.1653 16.8367 2.5
    endloop
  endfacet
  facet normal 0.975648 0.219341 0
    outer loop
      vertex 46.1653 16.8367 1.2
      vertex 46.2019 16.6739 2.5
      vertex 46.2019 16.6739 1.2
    endloop
  endfacet
  facet normal 0.817681 0.575671 0
    outer loop
      vertex 46.7691 15.4746 2.5
      vertex 46.673 15.6111 1.2
      vertex 46.673 15.6111 2.5
    endloop
  endfacet
  facet normal 0.817681 0.575671 0
    outer loop
      vertex 46.673 15.6111 1.2
      vertex 46.7691 15.4746 2.5
      vertex 46.7691 15.4746 1.2
    endloop
  endfacet
  facet normal 0.0245729 0.999698 -0
    outer loop
      vertex 49.5 14.1 1.2
      vertex 49.3332 14.1041 2.5
      vertex 49.5 14.1 2.5
    endloop
  endfacet
  facet normal 0.0245729 0.999698 0
    outer loop
      vertex 49.3332 14.1041 2.5
      vertex 49.5 14.1 1.2
      vertex 49.3332 14.1041 1.2
    endloop
  endfacet
  facet normal -0.359581 0.933114 0
    outer loop
      vertex 50.8011 14.3588 1.2
      vertex 50.6454 14.2988 2.5
      vertex 50.8011 14.3588 2.5
    endloop
  endfacet
  facet normal -0.359581 0.933114 0
    outer loop
      vertex 50.6454 14.2988 2.5
      vertex 50.8011 14.3588 1.2
      vertex 50.6454 14.2988 1.2
    endloop
  endfacet
  facet normal -0.992498 0.122264 0
    outer loop
      vertex 52.8632 17.0011 1.2
      vertex 52.8836 17.1667 2.5
      vertex 52.8836 17.1667 1.2
    endloop
  endfacet
  facet normal -0.992498 0.122264 0
    outer loop
      vertex 52.8836 17.1667 2.5
      vertex 52.8632 17.0011 1.2
      vertex 52.8632 17.0011 2.5
    endloop
  endfacet
  facet normal 0.0736731 0.997282 -0
    outer loop
      vertex 49.3332 14.1041 1.2
      vertex 49.1667 14.1164 2.5
      vertex 49.3332 14.1041 2.5
    endloop
  endfacet
  facet normal 0.0736731 0.997282 0
    outer loop
      vertex 49.1667 14.1164 2.5
      vertex 49.3332 14.1041 1.2
      vertex 49.1667 14.1164 1.2
    endloop
  endfacet
  facet normal 0.405026 0.914305 -0
    outer loop
      vertex 48.1989 14.3588 1.2
      vertex 48.0463 14.4264 2.5
      vertex 48.1989 14.3588 2.5
    endloop
  endfacet
  facet normal 0.405026 0.914305 0
    outer loop
      vertex 48.0463 14.4264 2.5
      vertex 48.1989 14.3588 1.2
      vertex 48.0463 14.4264 1.2
    endloop
  endfacet
  facet normal 0.975648 -0.219341 0
    outer loop
      vertex 46.1653 18.1633 2.5
      vertex 46.2019 18.3261 1.2
      vertex 46.2019 18.3261 2.5
    endloop
  endfacet
  facet normal 0.975648 -0.219341 0
    outer loop
      vertex 46.2019 18.3261 1.2
      vertex 46.1653 18.1633 2.5
      vertex 46.1653 18.1633 1.2
    endloop
  endfacet
  facet normal 0.17081 -0.985304 0
    outer loop
      vertex 48.8367 20.8347 1.2
      vertex 49.0011 20.8632 2.5
      vertex 48.8367 20.8347 2.5
    endloop
  endfacet
  facet normal 0.17081 -0.985304 0
    outer loop
      vertex 49.0011 20.8632 2.5
      vertex 48.8367 20.8347 1.2
      vertex 49.0011 20.8632 1.2
    endloop
  endfacet
  facet normal 0.0736731 -0.997282 0
    outer loop
      vertex 49.1667 20.8836 1.2
      vertex 49.3332 20.8959 2.5
      vertex 49.1667 20.8836 2.5
    endloop
  endfacet
  facet normal 0.0736731 -0.997282 0
    outer loop
      vertex 49.3332 20.8959 2.5
      vertex 49.1667 20.8836 1.2
      vertex 49.3332 20.8959 1.2
    endloop
  endfacet
  facet normal 0.450088 -0.892984 0
    outer loop
      vertex 47.8973 20.4985 1.2
      vertex 48.0463 20.5736 2.5
      vertex 47.8973 20.4985 2.5
    endloop
  endfacet
  facet normal 0.450088 -0.892984 0
    outer loop
      vertex 48.0463 20.5736 2.5
      vertex 47.8973 20.4985 1.2
      vertex 48.0463 20.5736 1.2
    endloop
  endfacet
  facet normal 0.615516 -0.788124 0
    outer loop
      vertex 47.3431 20.1282 1.2
      vertex 47.4746 20.2309 2.5
      vertex 47.3431 20.1282 2.5
    endloop
  endfacet
  facet normal 0.615516 -0.788124 0
    outer loop
      vertex 47.4746 20.2309 2.5
      vertex 47.3431 20.1282 1.2
      vertex 47.4746 20.2309 1.2
    endloop
  endfacet
  facet normal -0.844819 -0.535052 0
    outer loop
      vertex 52.4163 19.2479 1.2
      vertex 52.327 19.3889 2.5
      vertex 52.327 19.3889 1.2
    endloop
  endfacet
  facet normal -0.844819 -0.535052 0
    outer loop
      vertex 52.327 19.3889 2.5
      vertex 52.4163 19.2479 1.2
      vertex 52.4163 19.2479 2.5
    endloop
  endfacet
  facet normal -0.817681 -0.575671 0
    outer loop
      vertex 52.327 19.3889 1.2
      vertex 52.2309 19.5254 2.5
      vertex 52.2309 19.5254 1.2
    endloop
  endfacet
  facet normal -0.817681 -0.575671 0
    outer loop
      vertex 52.2309 19.5254 2.5
      vertex 52.327 19.3889 1.2
      vertex 52.327 19.3889 2.5
    endloop
  endfacet
  facet normal -0.788124 -0.615516 0
    outer loop
      vertex 52.2309 19.5254 1.2
      vertex 52.1282 19.6569 2.5
      vertex 52.1282 19.6569 1.2
    endloop
  endfacet
  facet normal -0.788124 -0.615516 0
    outer loop
      vertex 52.1282 19.6569 2.5
      vertex 52.2309 19.5254 1.2
      vertex 52.2309 19.5254 2.5
    endloop
  endfacet
  facet normal -0.892984 -0.450088 0
    outer loop
      vertex 52.5736 18.9537 1.2
      vertex 52.4985 19.1027 2.5
      vertex 52.4985 19.1027 1.2
    endloop
  endfacet
  facet normal -0.892984 -0.450088 0
    outer loop
      vertex 52.4985 19.1027 2.5
      vertex 52.5736 18.9537 1.2
      vertex 52.5736 18.9537 2.5
    endloop
  endfacet
  facet normal -0.689206 -0.724565 0
    outer loop
      vertex 51.7833 20.0192 1.2
      vertex 51.9042 19.9042 2.5
      vertex 51.7833 20.0192 2.5
    endloop
  endfacet
  facet normal -0.689206 -0.724565 -0
    outer loop
      vertex 51.9042 19.9042 2.5
      vertex 51.7833 20.0192 1.2
      vertex 51.9042 19.9042 1.2
    endloop
  endfacet
  facet normal -0.450088 -0.892984 0
    outer loop
      vertex 50.9537 20.5736 1.2
      vertex 51.1027 20.4985 2.5
      vertex 50.9537 20.5736 2.5
    endloop
  endfacet
  facet normal -0.450088 -0.892984 -0
    outer loop
      vertex 51.1027 20.4985 2.5
      vertex 50.9537 20.5736 1.2
      vertex 51.1027 20.4985 1.2
    endloop
  endfacet
  facet normal -0.359581 -0.933114 0
    outer loop
      vertex 50.6454 20.7012 1.2
      vertex 50.8011 20.6412 2.5
      vertex 50.6454 20.7012 2.5
    endloop
  endfacet
  facet normal -0.359581 -0.933114 -0
    outer loop
      vertex 50.8011 20.6412 2.5
      vertex 50.6454 20.7012 1.2
      vertex 50.8011 20.6412 1.2
    endloop
  endfacet
  facet normal 0.992498 0.122264 0
    outer loop
      vertex 46.1368 17.0011 2.5
      vertex 46.1164 17.1667 1.2
      vertex 46.1164 17.1667 2.5
    endloop
  endfacet
  facet normal 0.992498 0.122264 0
    outer loop
      vertex 46.1164 17.1667 1.2
      vertex 46.1368 17.0011 2.5
      vertex 46.1368 17.0011 1.2
    endloop
  endfacet
  facet normal 0.9494 0.314069 0
    outer loop
      vertex 46.2988 16.3546 2.5
      vertex 46.2464 16.513 1.2
      vertex 46.2464 16.513 2.5
    endloop
  endfacet
  facet normal 0.9494 0.314069 0
    outer loop
      vertex 46.2464 16.513 1.2
      vertex 46.2988 16.3546 2.5
      vertex 46.2988 16.3546 1.2
    endloop
  endfacet
  facet normal 0.757308 0.653058 0
    outer loop
      vertex 46.9808 15.2167 2.5
      vertex 46.8718 15.3431 1.2
      vertex 46.8718 15.3431 2.5
    endloop
  endfacet
  facet normal 0.757308 0.653058 0
    outer loop
      vertex 46.8718 15.3431 1.2
      vertex 46.9808 15.2167 2.5
      vertex 46.9808 15.2167 1.2
    endloop
  endfacet
  facet normal 0.450088 0.892984 -0
    outer loop
      vertex 48.0463 14.4264 1.2
      vertex 47.8973 14.5015 2.5
      vertex 48.0463 14.4264 2.5
    endloop
  endfacet
  facet normal 0.450088 0.892984 0
    outer loop
      vertex 47.8973 14.5015 2.5
      vertex 48.0463 14.4264 1.2
      vertex 47.8973 14.5015 1.2
    endloop
  endfacet
  facet normal -0.266562 0.963818 0
    outer loop
      vertex 50.487 14.2464 1.2
      vertex 50.3261 14.2019 2.5
      vertex 50.487 14.2464 2.5
    endloop
  endfacet
  facet normal -0.266562 0.963818 0
    outer loop
      vertex 50.3261 14.2019 2.5
      vertex 50.487 14.2464 1.2
      vertex 50.3261 14.2019 1.2
    endloop
  endfacet
  facet normal -0.575671 0.817681 0
    outer loop
      vertex 51.5254 14.7691 1.2
      vertex 51.3889 14.673 2.5
      vertex 51.5254 14.7691 2.5
    endloop
  endfacet
  facet normal -0.575671 0.817681 0
    outer loop
      vertex 51.3889 14.673 2.5
      vertex 51.5254 14.7691 1.2
      vertex 51.3889 14.673 1.2
    endloop
  endfacet
  facet normal 0.266562 0.963818 -0
    outer loop
      vertex 48.6739 14.2019 1.2
      vertex 48.513 14.2464 2.5
      vertex 48.6739 14.2019 2.5
    endloop
  endfacet
  facet normal 0.266562 0.963818 0
    outer loop
      vertex 48.513 14.2464 2.5
      vertex 48.6739 14.2019 1.2
      vertex 48.513 14.2464 1.2
    endloop
  endfacet
  facet normal 0.219341 0.975648 -0
    outer loop
      vertex 48.8367 14.1653 1.2
      vertex 48.6739 14.2019 2.5
      vertex 48.8367 14.1653 2.5
    endloop
  endfacet
  facet normal 0.219341 0.975648 0
    outer loop
      vertex 48.6739 14.2019 2.5
      vertex 48.8367 14.1653 1.2
      vertex 48.6739 14.2019 1.2
    endloop
  endfacet
  facet normal 0.963818 0.266562 0
    outer loop
      vertex 46.2464 16.513 2.5
      vertex 46.2019 16.6739 1.2
      vertex 46.2019 16.6739 2.5
    endloop
  endfacet
  facet normal 0.963818 0.266562 0
    outer loop
      vertex 46.2019 16.6739 1.2
      vertex 46.2464 16.513 2.5
      vertex 46.2464 16.513 1.2
    endloop
  endfacet
  facet normal 0.985304 0.17081 0
    outer loop
      vertex 46.1653 16.8367 2.5
      vertex 46.1368 17.0011 1.2
      vertex 46.1368 17.0011 2.5
    endloop
  endfacet
  facet normal 0.985304 0.17081 0
    outer loop
      vertex 46.1368 17.0011 1.2
      vertex 46.1653 16.8367 2.5
      vertex 46.1653 16.8367 1.2
    endloop
  endfacet
  facet normal 0.844819 0.535052 0
    outer loop
      vertex 46.673 15.6111 2.5
      vertex 46.5837 15.7521 1.2
      vertex 46.5837 15.7521 2.5
    endloop
  endfacet
  facet normal 0.844819 0.535052 0
    outer loop
      vertex 46.5837 15.7521 1.2
      vertex 46.673 15.6111 2.5
      vertex 46.673 15.6111 1.2
    endloop
  endfacet
  facet normal 0.788124 0.615516 0
    outer loop
      vertex 46.8718 15.3431 2.5
      vertex 46.7691 15.4746 1.2
      vertex 46.7691 15.4746 2.5
    endloop
  endfacet
  facet normal 0.788124 0.615516 0
    outer loop
      vertex 46.7691 15.4746 1.2
      vertex 46.8718 15.3431 2.5
      vertex 46.8718 15.3431 1.2
    endloop
  endfacet
  facet normal 0.575671 0.817681 -0
    outer loop
      vertex 47.6111 14.673 1.2
      vertex 47.4746 14.7691 2.5
      vertex 47.6111 14.673 2.5
    endloop
  endfacet
  facet normal 0.575671 0.817681 0
    outer loop
      vertex 47.4746 14.7691 2.5
      vertex 47.6111 14.673 1.2
      vertex 47.4746 14.7691 1.2
    endloop
  endfacet
  facet normal 0.724565 0.689206 0
    outer loop
      vertex 47.0958 15.0958 2.5
      vertex 46.9808 15.2167 1.2
      vertex 46.9808 15.2167 2.5
    endloop
  endfacet
  facet normal 0.724565 0.689206 0
    outer loop
      vertex 46.9808 15.2167 1.2
      vertex 47.0958 15.0958 2.5
      vertex 47.0958 15.0958 1.2
    endloop
  endfacet
  facet normal 0.689206 0.724565 -0
    outer loop
      vertex 47.2167 14.9808 1.2
      vertex 47.0958 15.0958 2.5
      vertex 47.2167 14.9808 2.5
    endloop
  endfacet
  facet normal 0.689206 0.724565 0
    outer loop
      vertex 47.0958 15.0958 2.5
      vertex 47.2167 14.9808 1.2
      vertex 47.0958 15.0958 1.2
    endloop
  endfacet
  facet normal -0.0245729 0.999698 0
    outer loop
      vertex 49.6668 14.1041 1.2
      vertex 49.5 14.1 2.5
      vertex 49.6668 14.1041 2.5
    endloop
  endfacet
  facet normal -0.0245729 0.999698 0
    outer loop
      vertex 49.5 14.1 2.5
      vertex 49.6668 14.1041 1.2
      vertex 49.5 14.1 1.2
    endloop
  endfacet
  facet normal -0.0736731 0.997282 0
    outer loop
      vertex 49.8333 14.1164 1.2
      vertex 49.6668 14.1041 2.5
      vertex 49.8333 14.1164 2.5
    endloop
  endfacet
  facet normal -0.0736731 0.997282 0
    outer loop
      vertex 49.6668 14.1041 2.5
      vertex 49.8333 14.1164 1.2
      vertex 49.6668 14.1041 1.2
    endloop
  endfacet
  facet normal 0 0 1
    outer loop
      vertex 51.2 17.5 1.2
      vertex 52.9 17.5 1.2
      vertex 52.8959 17.6668 1.2
    endloop
  endfacet
  facet normal 0 0 1
    outer loop
      vertex 51.198 17.5834 1.2
      vertex 52.8959 17.6668 1.2
      vertex 52.8836 17.8333 1.2
    endloop
  endfacet
  facet normal 0 0 1
    outer loop
      vertex 52.9 17.5 1.2
      vertex 51.2 17.5 1.2
      vertex 52.8959 17.3332 1.2
    endloop
  endfacet
  facet normal 0 0 1
    outer loop
      vertex 51.1918 17.6666 1.2
      vertex 52.8836 17.8333 1.2
      vertex 52.8632 17.9989 1.2
    endloop
  endfacet
  facet normal -0 0 1
    outer loop
      vertex 51.198 17.4166 1.2
      vertex 52.8959 17.3332 1.2
      vertex 51.2 17.5 1.2
    endloop
  endfacet
  facet normal 0 0 1
    outer loop
      vertex 51.1816 17.7494 1.2
      vertex 52.8632 17.9989 1.2
      vertex 52.8347 18.1633 1.2
    endloop
  endfacet
  facet normal 0 0 1
    outer loop
      vertex 52.8959 17.3332 1.2
      vertex 51.198 17.4166 1.2
      vertex 52.8836 17.1667 1.2
    endloop
  endfacet
  facet normal 0 0 1
    outer loop
      vertex 51.1673 17.8317 1.2
      vertex 52.8347 18.1633 1.2
      vertex 52.7981 18.3261 1.2
    endloop
  endfacet
  facet normal -0 0 1
    outer loop
      vertex 51.1918 17.3334 1.2
      vertex 52.8836 17.1667 1.2
      vertex 51.198 17.4166 1.2
    endloop
  endfacet
  facet normal 0 0 1
    outer loop
      vertex 51.1491 17.9131 1.2
      vertex 52.7981 18.3261 1.2
      vertex 52.7536 18.487 1.2
    endloop
  endfacet
  facet normal 0 0 1
    outer loop
      vertex 52.8836 17.1667 1.2
      vertex 51.1918 17.3334 1.2
      vertex 52.8632 17.0011 1.2
    endloop
  endfacet
  facet normal 0 0 1
    outer loop
      vertex 51.1268 17.9935 1.2
      vertex 52.7536 18.487 1.2
      vertex 52.7012 18.6454 1.2
    endloop
  endfacet
  facet normal -0 0 1
    outer loop
      vertex 51.1816 17.2506 1.2
      vertex 52.8632 17.0011 1.2
      vertex 51.1918 17.3334 1.2
    endloop
  endfacet
  facet normal 0 0 1
    outer loop
      vertex 51.1006 18.0727 1.2
      vertex 52.7012 18.6454 1.2
      vertex 52.6412 18.8011 1.2
    endloop
  endfacet
  facet normal 0 0 1
    outer loop
      vertex 52.8632 17.0011 1.2
      vertex 51.1816 17.2506 1.2
      vertex 52.8347 16.8367 1.2
    endloop
  endfacet
  facet normal 0 0 1
    outer loop
      vertex 51.0706 18.1506 1.2
      vertex 52.6412 18.8011 1.2
      vertex 52.5736 18.9537 1.2
    endloop
  endfacet
  facet normal -0 0 1
    outer loop
      vertex 51.1673 17.1683 1.2
      vertex 52.8347 16.8367 1.2
      vertex 51.1816 17.2506 1.2
    endloop
  endfacet
  facet normal 0 0 1
    outer loop
      vertex 51.0368 18.2268 1.2
      vertex 52.5736 18.9537 1.2
      vertex 52.4985 19.1027 1.2
    endloop
  endfacet
  facet normal 0 0 1
    outer loop
      vertex 52.8347 16.8367 1.2
      vertex 51.1673 17.1683 1.2
      vertex 52.7981 16.6739 1.2
    endloop
  endfacet
  facet normal 0 0 1
    outer loop
      vertex 50.9993 18.3014 1.2
      vertex 52.4985 19.1027 1.2
      vertex 52.4163 19.2479 1.2
    endloop
  endfacet
  facet normal -0 0 1
    outer loop
      vertex 51.1491 17.0869 1.2
      vertex 52.7981 16.6739 1.2
      vertex 51.1673 17.1683 1.2
    endloop
  endfacet
  facet normal 0 0 1
    outer loop
      vertex 50.9581 18.374 1.2
      vertex 52.4163 19.2479 1.2
      vertex 52.327 19.3889 1.2
    endloop
  endfacet
  facet normal 0 0 1
    outer loop
      vertex 52.7981 16.6739 1.2
      vertex 51.1491 17.0869 1.2
      vertex 52.7536 16.513 1.2
    endloop
  endfacet
  facet normal 0 0 1
    outer loop
      vertex 50.9135 18.4445 1.2
      vertex 52.327 19.3889 1.2
      vertex 52.2309 19.5254 1.2
    endloop
  endfacet
  facet normal -0 0 1
    outer loop
      vertex 51.1268 17.0065 1.2
      vertex 52.7536 16.513 1.2
      vertex 51.1491 17.0869 1.2
    endloop
  endfacet
  facet normal 0 0 1
    outer loop
      vertex 50.8655 18.5127 1.2
      vertex 52.2309 19.5254 1.2
      vertex 52.1282 19.6569 1.2
    endloop
  endfacet
  facet normal 0 0 1
    outer loop
      vertex 52.7536 16.513 1.2
      vertex 51.1268 17.0065 1.2
      vertex 52.7012 16.3546 1.2
    endloop
  endfacet
  facet normal 0 0 1
    outer loop
      vertex 50.8141 18.5785 1.2
      vertex 52.1282 19.6569 1.2
      vertex 52.0192 19.7833 1.2
    endloop
  endfacet
  facet normal -0 0 1
    outer loop
      vertex 51.1006 16.9273 1.2
      vertex 52.7012 16.3546 1.2
      vertex 51.1268 17.0065 1.2
    endloop
  endfacet
  facet normal 0 0 1
    outer loop
      vertex 50.7596 18.6417 1.2
      vertex 52.0192 19.7833 1.2
      vertex 51.9042 19.9042 1.2
    endloop
  endfacet
  facet normal 0 0 1
    outer loop
      vertex 52.7012 16.3546 1.2
      vertex 51.1006 16.9273 1.2
      vertex 52.6412 16.1989 1.2
    endloop
  endfacet
  facet normal 0 0 1
    outer loop
      vertex 50.7021 18.7021 1.2
      vertex 51.9042 19.9042 1.2
      vertex 51.7833 20.0192 1.2
    endloop
  endfacet
  facet normal -0 0 1
    outer loop
      vertex 51.0706 16.8494 1.2
      vertex 52.6412 16.1989 1.2
      vertex 51.1006 16.9273 1.2
    endloop
  endfacet
  facet normal 0 0 1
    outer loop
      vertex 50.6417 18.7596 1.2
      vertex 51.7833 20.0192 1.2
      vertex 51.6569 20.1282 1.2
    endloop
  endfacet
  facet normal 0 0 1
    outer loop
      vertex 52.6412 16.1989 1.2
      vertex 51.0706 16.8494 1.2
      vertex 52.5736 16.0463 1.2
    endloop
  endfacet
  facet normal 0 0 1
    outer loop
      vertex 50.5785 18.8141 1.2
      vertex 51.6569 20.1282 1.2
      vertex 51.5254 20.2309 1.2
    endloop
  endfacet
  facet normal -0 0 1
    outer loop
      vertex 51.0368 16.7732 1.2
      vertex 52.5736 16.0463 1.2
      vertex 51.0706 16.8494 1.2
    endloop
  endfacet
  facet normal 0 0 1
    outer loop
      vertex 50.5127 18.8655 1.2
      vertex 51.5254 20.2309 1.2
      vertex 51.3889 20.327 1.2
    endloop
  endfacet
  facet normal 0 0 1
    outer loop
      vertex 52.5736 16.0463 1.2
      vertex 51.0368 16.7732 1.2
      vertex 52.4985 15.8973 1.2
    endloop
  endfacet
  facet normal 0 0 1
    outer loop
      vertex 50.4445 18.9135 1.2
      vertex 51.3889 20.327 1.2
      vertex 51.2479 20.4163 1.2
    endloop
  endfacet
  facet normal -0 0 1
    outer loop
      vertex 50.9993 16.6986 1.2
      vertex 52.4985 15.8973 1.2
      vertex 51.0368 16.7732 1.2
    endloop
  endfacet
  facet normal 0 0 1
    outer loop
      vertex 52.4985 15.8973 1.2
      vertex 50.9993 16.6986 1.2
      vertex 52.4163 15.7521 1.2
    endloop
  endfacet
  facet normal 0 0 1
    outer loop
      vertex 52.8959 17.6668 1.2
      vertex 51.198 17.5834 1.2
      vertex 51.2 17.5 1.2
    endloop
  endfacet
  facet normal 0 0 1
    outer loop
      vertex 52.8836 17.8333 1.2
      vertex 51.1918 17.6666 1.2
      vertex 51.198 17.5834 1.2
    endloop
  endfacet
  facet normal 0 0 1
    outer loop
      vertex 52.8632 17.9989 1.2
      vertex 51.1816 17.7494 1.2
      vertex 51.1918 17.6666 1.2
    endloop
  endfacet
  facet normal 0 0 1
    outer loop
      vertex 52.8347 18.1633 1.2
      vertex 51.1673 17.8317 1.2
      vertex 51.1816 17.7494 1.2
    endloop
  endfacet
  facet normal 0 0 1
    outer loop
      vertex 52.7981 18.3261 1.2
      vertex 51.1491 17.9131 1.2
      vertex 51.1673 17.8317 1.2
    endloop
  endfacet
  facet normal 0 0 1
    outer loop
      vertex 52.7536 18.487 1.2
      vertex 51.1268 17.9935 1.2
      vertex 51.1491 17.9131 1.2
    endloop
  endfacet
  facet normal 0 0 1
    outer loop
      vertex 50.374 18.9581 1.2
      vertex 51.2479 20.4163 1.2
      vertex 51.1027 20.4985 1.2
    endloop
  endfacet
  facet normal 0 0 1
    outer loop
      vertex 52.7012 18.6454 1.2
      vertex 51.1006 18.0727 1.2
      vertex 51.1268 17.9935 1.2
    endloop
  endfacet
  facet normal 0 0 1
    outer loop
      vertex 52.6412 18.8011 1.2
      vertex 51.0706 18.1506 1.2
      vertex 51.1006 18.0727 1.2
    endloop
  endfacet
  facet normal 0 0 1
    outer loop
      vertex 52.5736 18.9537 1.2
      vertex 51.0368 18.2268 1.2
      vertex 51.0706 18.1506 1.2
    endloop
  endfacet
  facet normal 0 0 1
    outer loop
      vertex 52.4985 19.1027 1.2
      vertex 50.9993 18.3014 1.2
      vertex 51.0368 18.2268 1.2
    endloop
  endfacet
  facet normal 0 0 1
    outer loop
      vertex 52.4163 19.2479 1.2
      vertex 50.9581 18.374 1.2
      vertex 50.9993 18.3014 1.2
    endloop
  endfacet
  facet normal 0 0 1
    outer loop
      vertex 50.3014 18.9993 1.2
      vertex 51.1027 20.4985 1.2
      vertex 50.9537 20.5736 1.2
    endloop
  endfacet
  facet normal 0 0 1
    outer loop
      vertex 52.327 19.3889 1.2
      vertex 50.9135 18.4445 1.2
      vertex 50.9581 18.374 1.2
    endloop
  endfacet
  facet normal 0 0 1
    outer loop
      vertex 52.2309 19.5254 1.2
      vertex 50.8655 18.5127 1.2
      vertex 50.9135 18.4445 1.2
    endloop
  endfacet
  facet normal 0 0 1
    outer loop
      vertex 52.1282 19.6569 1.2
      vertex 50.8141 18.5785 1.2
      vertex 50.8655 18.5127 1.2
    endloop
  endfacet
  facet normal 0 0 1
    outer loop
      vertex 50.2268 19.0368 1.2
      vertex 50.9537 20.5736 1.2
      vertex 50.8011 20.6412 1.2
    endloop
  endfacet
  facet normal 0 0 1
    outer loop
      vertex 52.0192 19.7833 1.2
      vertex 50.7596 18.6417 1.2
      vertex 50.8141 18.5785 1.2
    endloop
  endfacet
  facet normal 0 0 1
    outer loop
      vertex 51.9042 19.9042 1.2
      vertex 50.7021 18.7021 1.2
      vertex 50.7596 18.6417 1.2
    endloop
  endfacet
  facet normal 0 0 1
    outer loop
      vertex 50.1506 19.0706 1.2
      vertex 50.8011 20.6412 1.2
      vertex 50.6454 20.7012 1.2
    endloop
  endfacet
  facet normal 0 0 1
    outer loop
      vertex 51.7833 20.0192 1.2
      vertex 50.6417 18.7596 1.2
      vertex 50.7021 18.7021 1.2
    endloop
  endfacet
  facet normal 0 0 1
    outer loop
      vertex 51.6569 20.1282 1.2
      vertex 50.5785 18.8141 1.2
      vertex 50.6417 18.7596 1.2
    endloop
  endfacet
  facet normal 0 0 1
    outer loop
      vertex 51.5254 20.2309 1.2
      vertex 50.5127 18.8655 1.2
      vertex 50.5785 18.8141 1.2
    endloop
  endfacet
  facet normal 0 0 1
    outer loop
      vertex 50.0727 19.1006 1.2
      vertex 50.6454 20.7012 1.2
      vertex 50.487 20.7536 1.2
    endloop
  endfacet
  facet normal 0 0 1
    outer loop
      vertex 51.3889 20.327 1.2
      vertex 50.4445 18.9135 1.2
      vertex 50.5127 18.8655 1.2
    endloop
  endfacet
  facet normal 0 0 1
    outer loop
      vertex 51.2479 20.4163 1.2
      vertex 50.374 18.9581 1.2
      vertex 50.4445 18.9135 1.2
    endloop
  endfacet
  facet normal 0 0 1
    outer loop
      vertex 49.9935 19.1268 1.2
      vertex 50.487 20.7536 1.2
      vertex 50.3261 20.7981 1.2
    endloop
  endfacet
  facet normal 0 0 1
    outer loop
      vertex 51.1027 20.4985 1.2
      vertex 50.3014 18.9993 1.2
      vertex 50.374 18.9581 1.2
    endloop
  endfacet
  facet normal 0 0 1
    outer loop
      vertex 50.9537 20.5736 1.2
      vertex 50.2268 19.0368 1.2
      vertex 50.3014 18.9993 1.2
    endloop
  endfacet
  facet normal 0 0 1
    outer loop
      vertex 49.9131 19.1491 1.2
      vertex 50.3261 20.7981 1.2
      vertex 50.1633 20.8347 1.2
    endloop
  endfacet
  facet normal 0 0 1
    outer loop
      vertex 50.8011 20.6412 1.2
      vertex 50.1506 19.0706 1.2
      vertex 50.2268 19.0368 1.2
    endloop
  endfacet
  facet normal 0 0 1
    outer loop
      vertex 50.6454 20.7012 1.2
      vertex 50.0727 19.1006 1.2
      vertex 50.1506 19.0706 1.2
    endloop
  endfacet
  facet normal 0 0 1
    outer loop
      vertex 49.8317 19.1673 1.2
      vertex 50.1633 20.8347 1.2
      vertex 49.9989 20.8632 1.2
    endloop
  endfacet
  facet normal 0 0 1
    outer loop
      vertex 50.487 20.7536 1.2
      vertex 49.9935 19.1268 1.2
      vertex 50.0727 19.1006 1.2
    endloop
  endfacet
  facet normal 0 0 1
    outer loop
      vertex 50.3261 20.7981 1.2
      vertex 49.9131 19.1491 1.2
      vertex 49.9935 19.1268 1.2
    endloop
  endfacet
  facet normal 0 0 1
    outer loop
      vertex 49.7494 19.1816 1.2
      vertex 49.9989 20.8632 1.2
      vertex 49.8333 20.8836 1.2
    endloop
  endfacet
  facet normal 0 0 1
    outer loop
      vertex 50.1633 20.8347 1.2
      vertex 49.8317 19.1673 1.2
      vertex 49.9131 19.1491 1.2
    endloop
  endfacet
  facet normal 0 0 1
    outer loop
      vertex 49.9989 20.8632 1.2
      vertex 49.7494 19.1816 1.2
      vertex 49.8317 19.1673 1.2
    endloop
  endfacet
  facet normal 0 0 1
    outer loop
      vertex 49.6666 19.1918 1.2
      vertex 49.8333 20.8836 1.2
      vertex 49.6668 20.8959 1.2
    endloop
  endfacet
  facet normal 0 0 1
    outer loop
      vertex 49.8333 20.8836 1.2
      vertex 49.6666 19.1918 1.2
      vertex 49.7494 19.1816 1.2
    endloop
  endfacet
  facet normal 0 0 1
    outer loop
      vertex 49.6668 20.8959 1.2
      vertex 49.5834 19.198 1.2
      vertex 49.6666 19.1918 1.2
    endloop
  endfacet
  facet normal 0 0 1
    outer loop
      vertex 49.5 20.9 1.2
      vertex 49.5834 19.198 1.2
      vertex 49.6668 20.8959 1.2
    endloop
  endfacet
  facet normal 0 0 1
    outer loop
      vertex 49.5 20.9 1.2
      vertex 49.5 19.2 1.2
      vertex 49.5834 19.198 1.2
    endloop
  endfacet
  facet normal 0 0 1
    outer loop
      vertex 49.5 20.9 1.2
      vertex 49.4166 19.198 1.2
      vertex 49.5 19.2 1.2
    endloop
  endfacet
  facet normal -0 0 1
    outer loop
      vertex 49.3332 20.8959 1.2
      vertex 49.4166 19.198 1.2
      vertex 49.5 20.9 1.2
    endloop
  endfacet
  facet normal 0 0 1
    outer loop
      vertex 49.4166 19.198 1.2
      vertex 49.3332 20.8959 1.2
      vertex 49.3334 19.1918 1.2
    endloop
  endfacet
  facet normal -0 0 1
    outer loop
      vertex 49.1667 20.8836 1.2
      vertex 49.3334 19.1918 1.2
      vertex 49.3332 20.8959 1.2
    endloop
  endfacet
  facet normal 0 0 1
    outer loop
      vertex 49.3334 19.1918 1.2
      vertex 49.1667 20.8836 1.2
      vertex 49.2506 19.1816 1.2
    endloop
  endfacet
  facet normal -0 0 1
    outer loop
      vertex 49.0011 20.8632 1.2
      vertex 49.2506 19.1816 1.2
      vertex 49.1667 20.8836 1.2
    endloop
  endfacet
  facet normal 0 0 1
    outer loop
      vertex 49.2506 19.1816 1.2
      vertex 49.0011 20.8632 1.2
      vertex 49.1683 19.1673 1.2
    endloop
  endfacet
  facet normal -0 0 1
    outer loop
      vertex 48.8367 20.8347 1.2
      vertex 49.1683 19.1673 1.2
      vertex 49.0011 20.8632 1.2
    endloop
  endfacet
  facet normal 0 0 1
    outer loop
      vertex 49.1683 19.1673 1.2
      vertex 48.8367 20.8347 1.2
      vertex 49.0869 19.1491 1.2
    endloop
  endfacet
  facet normal -0 0 1
    outer loop
      vertex 48.6739 20.7981 1.2
      vertex 49.0869 19.1491 1.2
      vertex 48.8367 20.8347 1.2
    endloop
  endfacet
  facet normal 0 0 1
    outer loop
      vertex 49.0869 19.1491 1.2
      vertex 48.6739 20.7981 1.2
      vertex 49.0065 19.1268 1.2
    endloop
  endfacet
  facet normal -0 0 1
    outer loop
      vertex 48.513 20.7536 1.2
      vertex 49.0065 19.1268 1.2
      vertex 48.6739 20.7981 1.2
    endloop
  endfacet
  facet normal 0 0 1
    outer loop
      vertex 49.0065 19.1268 1.2
      vertex 48.513 20.7536 1.2
      vertex 48.9273 19.1006 1.2
    endloop
  endfacet
  facet normal -0 0 1
    outer loop
      vertex 48.3546 20.7012 1.2
      vertex 48.9273 19.1006 1.2
      vertex 48.513 20.7536 1.2
    endloop
  endfacet
  facet normal 0 0 1
    outer loop
      vertex 48.9273 19.1006 1.2
      vertex 48.3546 20.7012 1.2
      vertex 48.8494 19.0706 1.2
    endloop
  endfacet
  facet normal -0 0 1
    outer loop
      vertex 48.1989 20.6412 1.2
      vertex 48.8494 19.0706 1.2
      vertex 48.3546 20.7012 1.2
    endloop
  endfacet
  facet normal 0 0 1
    outer loop
      vertex 48.8494 19.0706 1.2
      vertex 48.1989 20.6412 1.2
      vertex 48.7732 19.0368 1.2
    endloop
  endfacet
  facet normal -0 0 1
    outer loop
      vertex 48.0463 20.5736 1.2
      vertex 48.7732 19.0368 1.2
      vertex 48.1989 20.6412 1.2
    endloop
  endfacet
  facet normal 0 0 1
    outer loop
      vertex 48.7732 19.0368 1.2
      vertex 48.0463 20.5736 1.2
      vertex 48.6986 18.9993 1.2
    endloop
  endfacet
  facet normal -0 0 1
    outer loop
      vertex 47.8973 20.4985 1.2
      vertex 48.6986 18.9993 1.2
      vertex 48.0463 20.5736 1.2
    endloop
  endfacet
  facet normal 0 0 1
    outer loop
      vertex 48.6986 18.9993 1.2
      vertex 47.8973 20.4985 1.2
      vertex 48.626 18.9581 1.2
    endloop
  endfacet
  facet normal -0 0 1
    outer loop
      vertex 47.7521 20.4163 1.2
      vertex 48.626 18.9581 1.2
      vertex 47.8973 20.4985 1.2
    endloop
  endfacet
  facet normal 0 0 1
    outer loop
      vertex 48.626 18.9581 1.2
      vertex 47.7521 20.4163 1.2
      vertex 48.5555 18.9135 1.2
    endloop
  endfacet
  facet normal -0 0 1
    outer loop
      vertex 47.6111 20.327 1.2
      vertex 48.5555 18.9135 1.2
      vertex 47.7521 20.4163 1.2
    endloop
  endfacet
  facet normal 0 0 1
    outer loop
      vertex 48.5555 18.9135 1.2
      vertex 47.6111 20.327 1.2
      vertex 48.4873 18.8655 1.2
    endloop
  endfacet
  facet normal -0 0 1
    outer loop
      vertex 47.4746 20.2309 1.2
      vertex 48.4873 18.8655 1.2
      vertex 47.6111 20.327 1.2
    endloop
  endfacet
  facet normal 0 0 1
    outer loop
      vertex 48.4873 18.8655 1.2
      vertex 47.4746 20.2309 1.2
      vertex 48.4215 18.8141 1.2
    endloop
  endfacet
  facet normal -0 0 1
    outer loop
      vertex 47.3431 20.1282 1.2
      vertex 48.4215 18.8141 1.2
      vertex 47.4746 20.2309 1.2
    endloop
  endfacet
  facet normal 0 0 1
    outer loop
      vertex 48.4215 18.8141 1.2
      vertex 47.3431 20.1282 1.2
      vertex 48.3583 18.7596 1.2
    endloop
  endfacet
  facet normal -0 0 1
    outer loop
      vertex 47.2167 20.0192 1.2
      vertex 48.3583 18.7596 1.2
      vertex 47.3431 20.1282 1.2
    endloop
  endfacet
  facet normal 0 0 1
    outer loop
      vertex 48.3583 18.7596 1.2
      vertex 47.2167 20.0192 1.2
      vertex 48.2979 18.7021 1.2
    endloop
  endfacet
  facet normal -0 0 1
    outer loop
      vertex 47.0958 19.9042 1.2
      vertex 48.2979 18.7021 1.2
      vertex 47.2167 20.0192 1.2
    endloop
  endfacet
  facet normal 0 0 1
    outer loop
      vertex 48.2979 18.7021 1.2
      vertex 47.0958 19.9042 1.2
      vertex 48.2404 18.6417 1.2
    endloop
  endfacet
  facet normal -0 0 1
    outer loop
      vertex 46.9808 19.7833 1.2
      vertex 48.2404 18.6417 1.2
      vertex 47.0958 19.9042 1.2
    endloop
  endfacet
  facet normal 0 0 1
    outer loop
      vertex 48.2404 18.6417 1.2
      vertex 46.9808 19.7833 1.2
      vertex 48.1859 18.5785 1.2
    endloop
  endfacet
  facet normal -0 0 1
    outer loop
      vertex 46.8718 19.6569 1.2
      vertex 48.1859 18.5785 1.2
      vertex 46.9808 19.7833 1.2
    endloop
  endfacet
  facet normal 0 0 1
    outer loop
      vertex 48.1859 18.5785 1.2
      vertex 46.8718 19.6569 1.2
      vertex 48.1345 18.5127 1.2
    endloop
  endfacet
  facet normal -0 0 1
    outer loop
      vertex 46.7691 19.5254 1.2
      vertex 48.1345 18.5127 1.2
      vertex 46.8718 19.6569 1.2
    endloop
  endfacet
  facet normal 0 0 1
    outer loop
      vertex 48.1345 18.5127 1.2
      vertex 46.7691 19.5254 1.2
      vertex 48.0865 18.4445 1.2
    endloop
  endfacet
  facet normal -0 0 1
    outer loop
      vertex 46.673 19.3889 1.2
      vertex 48.0865 18.4445 1.2
      vertex 46.7691 19.5254 1.2
    endloop
  endfacet
  facet normal 0 0 1
    outer loop
      vertex 48.0865 18.4445 1.2
      vertex 46.673 19.3889 1.2
      vertex 48.0419 18.374 1.2
    endloop
  endfacet
  facet normal 0 0 1
    outer loop
      vertex 48.0419 18.374 1.2
      vertex 46.5837 19.2479 1.2
      vertex 48.0007 18.3014 1.2
    endloop
  endfacet
  facet normal -0 0 1
    outer loop
      vertex 46.5837 19.2479 1.2
      vertex 48.0419 18.374 1.2
      vertex 46.673 19.3889 1.2
    endloop
  endfacet
  facet normal -0 0 1
    outer loop
      vertex 50.9581 16.626 1.2
      vertex 52.4163 15.7521 1.2
      vertex 50.9993 16.6986 1.2
    endloop
  endfacet
  facet normal 0 0 1
    outer loop
      vertex 52.4163 15.7521 1.2
      vertex 50.9581 16.626 1.2
      vertex 52.327 15.6111 1.2
    endloop
  endfacet
  facet normal -0 0 1
    outer loop
      vertex 50.9135 16.5555 1.2
      vertex 52.327 15.6111 1.2
      vertex 50.9581 16.626 1.2
    endloop
  endfacet
  facet normal 0 0 1
    outer loop
      vertex 52.327 15.6111 1.2
      vertex 50.9135 16.5555 1.2
      vertex 52.2309 15.4746 1.2
    endloop
  endfacet
  facet normal -0 0 1
    outer loop
      vertex 50.8655 16.4873 1.2
      vertex 52.2309 15.4746 1.2
      vertex 50.9135 16.5555 1.2
    endloop
  endfacet
  facet normal 0 0 1
    outer loop
      vertex 52.2309 15.4746 1.2
      vertex 50.8655 16.4873 1.2
      vertex 52.1282 15.3431 1.2
    endloop
  endfacet
  facet normal -0 0 1
    outer loop
      vertex 50.8141 16.4215 1.2
      vertex 52.1282 15.3431 1.2
      vertex 50.8655 16.4873 1.2
    endloop
  endfacet
  facet normal 0 0 1
    outer loop
      vertex 52.1282 15.3431 1.2
      vertex 50.8141 16.4215 1.2
      vertex 52.0192 15.2167 1.2
    endloop
  endfacet
  facet normal -0 0 1
    outer loop
      vertex 50.7596 16.3583 1.2
      vertex 52.0192 15.2167 1.2
      vertex 50.8141 16.4215 1.2
    endloop
  endfacet
  facet normal 0 0 1
    outer loop
      vertex 52.0192 15.2167 1.2
      vertex 50.7596 16.3583 1.2
      vertex 51.9042 15.0958 1.2
    endloop
  endfacet
  facet normal -0 0 1
    outer loop
      vertex 50.7021 16.2979 1.2
      vertex 51.9042 15.0958 1.2
      vertex 50.7596 16.3583 1.2
    endloop
  endfacet
  facet normal 0 0 1
    outer loop
      vertex 51.9042 15.0958 1.2
      vertex 50.7021 16.2979 1.2
      vertex 51.7833 14.9808 1.2
    endloop
  endfacet
  facet normal -0 0 1
    outer loop
      vertex 50.6417 16.2404 1.2
      vertex 51.7833 14.9808 1.2
      vertex 50.7021 16.2979 1.2
    endloop
  endfacet
  facet normal 0 0 1
    outer loop
      vertex 51.7833 14.9808 1.2
      vertex 50.6417 16.2404 1.2
      vertex 51.6569 14.8718 1.2
    endloop
  endfacet
  facet normal -0 0 1
    outer loop
      vertex 50.5785 16.1859 1.2
      vertex 51.6569 14.8718 1.2
      vertex 50.6417 16.2404 1.2
    endloop
  endfacet
  facet normal 0 0 1
    outer loop
      vertex 51.6569 14.8718 1.2
      vertex 50.5785 16.1859 1.2
      vertex 51.5254 14.7691 1.2
    endloop
  endfacet
  facet normal -0 0 1
    outer loop
      vertex 50.5127 16.1345 1.2
      vertex 51.5254 14.7691 1.2
      vertex 50.5785 16.1859 1.2
    endloop
  endfacet
  facet normal 0 0 1
    outer loop
      vertex 51.5254 14.7691 1.2
      vertex 50.5127 16.1345 1.2
      vertex 51.3889 14.673 1.2
    endloop
  endfacet
  facet normal -0 0 1
    outer loop
      vertex 50.4445 16.0865 1.2
      vertex 51.3889 14.673 1.2
      vertex 50.5127 16.1345 1.2
    endloop
  endfacet
  facet normal 0 0 1
    outer loop
      vertex 51.3889 14.673 1.2
      vertex 50.4445 16.0865 1.2
      vertex 51.2479 14.5837 1.2
    endloop
  endfacet
  facet normal -0 0 1
    outer loop
      vertex 50.374 16.0419 1.2
      vertex 51.2479 14.5837 1.2
      vertex 50.4445 16.0865 1.2
    endloop
  endfacet
  facet normal 0 0 1
    outer loop
      vertex 51.2479 14.5837 1.2
      vertex 50.374 16.0419 1.2
      vertex 51.1027 14.5015 1.2
    endloop
  endfacet
  facet normal -0 0 1
    outer loop
      vertex 50.3014 16.0007 1.2
      vertex 51.1027 14.5015 1.2
      vertex 50.374 16.0419 1.2
    endloop
  endfacet
  facet normal 0 0 1
    outer loop
      vertex 51.1027 14.5015 1.2
      vertex 50.3014 16.0007 1.2
      vertex 50.9537 14.4264 1.2
    endloop
  endfacet
  facet normal -0 0 1
    outer loop
      vertex 50.2268 15.9632 1.2
      vertex 50.9537 14.4264 1.2
      vertex 50.3014 16.0007 1.2
    endloop
  endfacet
  facet normal 0 0 1
    outer loop
      vertex 50.9537 14.4264 1.2
      vertex 50.2268 15.9632 1.2
      vertex 50.8011 14.3588 1.2
    endloop
  endfacet
  facet normal -0 0 1
    outer loop
      vertex 50.1506 15.9294 1.2
      vertex 50.8011 14.3588 1.2
      vertex 50.2268 15.9632 1.2
    endloop
  endfacet
  facet normal 0 0 1
    outer loop
      vertex 50.8011 14.3588 1.2
      vertex 50.1506 15.9294 1.2
      vertex 50.6454 14.2988 1.2
    endloop
  endfacet
  facet normal -0 0 1
    outer loop
      vertex 50.0727 15.8994 1.2
      vertex 50.6454 14.2988 1.2
      vertex 50.1506 15.9294 1.2
    endloop
  endfacet
  facet normal 0 0 1
    outer loop
      vertex 50.6454 14.2988 1.2
      vertex 50.0727 15.8994 1.2
      vertex 50.487 14.2464 1.2
    endloop
  endfacet
  facet normal -0 0 1
    outer loop
      vertex 49.9935 15.8732 1.2
      vertex 50.487 14.2464 1.2
      vertex 50.0727 15.8994 1.2
    endloop
  endfacet
  facet normal 0 0 1
    outer loop
      vertex 50.487 14.2464 1.2
      vertex 49.9935 15.8732 1.2
      vertex 50.3261 14.2019 1.2
    endloop
  endfacet
  facet normal -0 0 1
    outer loop
      vertex 49.9131 15.8509 1.2
      vertex 50.3261 14.2019 1.2
      vertex 49.9935 15.8732 1.2
    endloop
  endfacet
  facet normal 0 0 1
    outer loop
      vertex 50.3261 14.2019 1.2
      vertex 49.9131 15.8509 1.2
      vertex 50.1633 14.1653 1.2
    endloop
  endfacet
  facet normal -0 0 1
    outer loop
      vertex 49.8317 15.8327 1.2
      vertex 50.1633 14.1653 1.2
      vertex 49.9131 15.8509 1.2
    endloop
  endfacet
  facet normal 0 0 1
    outer loop
      vertex 50.1633 14.1653 1.2
      vertex 49.8317 15.8327 1.2
      vertex 49.9989 14.1368 1.2
    endloop
  endfacet
  facet normal -0 0 1
    outer loop
      vertex 49.7494 15.8184 1.2
      vertex 49.9989 14.1368 1.2
      vertex 49.8317 15.8327 1.2
    endloop
  endfacet
  facet normal 0 0 1
    outer loop
      vertex 49.9989 14.1368 1.2
      vertex 49.7494 15.8184 1.2
      vertex 49.8333 14.1164 1.2
    endloop
  endfacet
  facet normal -0 0 1
    outer loop
      vertex 49.6666 15.8082 1.2
      vertex 49.8333 14.1164 1.2
      vertex 49.7494 15.8184 1.2
    endloop
  endfacet
  facet normal 0 0 1
    outer loop
      vertex 49.8333 14.1164 1.2
      vertex 49.6666 15.8082 1.2
      vertex 49.6668 14.1041 1.2
    endloop
  endfacet
  facet normal -0 0 1
    outer loop
      vertex 49.5834 15.802 1.2
      vertex 49.6668 14.1041 1.2
      vertex 49.6666 15.8082 1.2
    endloop
  endfacet
  facet normal -0 0 1
    outer loop
      vertex 49.5 15.8 1.2
      vertex 49.6668 14.1041 1.2
      vertex 49.5834 15.802 1.2
    endloop
  endfacet
  facet normal 0 0 1
    outer loop
      vertex 49.5 15.8 1.2
      vertex 49.5 14.1 1.2
      vertex 49.6668 14.1041 1.2
    endloop
  endfacet
  facet normal 0 0 1
    outer loop
      vertex 49.4166 15.802 1.2
      vertex 49.5 14.1 1.2
      vertex 49.5 15.8 1.2
    endloop
  endfacet
  facet normal 0 0 1
    outer loop
      vertex 49.3332 14.1041 1.2
      vertex 49.4166 15.802 1.2
      vertex 49.3334 15.8082 1.2
    endloop
  endfacet
  facet normal 0 0 1
    outer loop
      vertex 49.4166 15.802 1.2
      vertex 49.3332 14.1041 1.2
      vertex 49.5 14.1 1.2
    endloop
  endfacet
  facet normal 0 0 1
    outer loop
      vertex 49.1667 14.1164 1.2
      vertex 49.3334 15.8082 1.2
      vertex 49.2506 15.8184 1.2
    endloop
  endfacet
  facet normal 0 0 1
    outer loop
      vertex 49.0011 14.1368 1.2
      vertex 49.2506 15.8184 1.2
      vertex 49.1683 15.8327 1.2
    endloop
  endfacet
  facet normal 0 0 1
    outer loop
      vertex 49.3334 15.8082 1.2
      vertex 49.1667 14.1164 1.2
      vertex 49.3332 14.1041 1.2
    endloop
  endfacet
  facet normal 0 0 1
    outer loop
      vertex 48.8367 14.1653 1.2
      vertex 49.1683 15.8327 1.2
      vertex 49.0869 15.8509 1.2
    endloop
  endfacet
  facet normal 0 0 1
    outer loop
      vertex 48.6739 14.2019 1.2
      vertex 49.0869 15.8509 1.2
      vertex 49.0065 15.8732 1.2
    endloop
  endfacet
  facet normal 0 0 1
    outer loop
      vertex 49.2506 15.8184 1.2
      vertex 49.0011 14.1368 1.2
      vertex 49.1667 14.1164 1.2
    endloop
  endfacet
  facet normal 0 0 1
    outer loop
      vertex 48.513 14.2464 1.2
      vertex 49.0065 15.8732 1.2
      vertex 48.9273 15.8994 1.2
    endloop
  endfacet
  facet normal 0 0 1
    outer loop
      vertex 48.3546 14.2988 1.2
      vertex 48.9273 15.8994 1.2
      vertex 48.8494 15.9294 1.2
    endloop
  endfacet
  facet normal 0 0 1
    outer loop
      vertex 49.1683 15.8327 1.2
      vertex 48.8367 14.1653 1.2
      vertex 49.0011 14.1368 1.2
    endloop
  endfacet
  facet normal 0 0 1
    outer loop
      vertex 48.1989 14.3588 1.2
      vertex 48.8494 15.9294 1.2
      vertex 48.7732 15.9632 1.2
    endloop
  endfacet
  facet normal 0 0 1
    outer loop
      vertex 48.0463 14.4264 1.2
      vertex 48.7732 15.9632 1.2
      vertex 48.6986 16.0007 1.2
    endloop
  endfacet
  facet normal 0 0 1
    outer loop
      vertex 49.0869 15.8509 1.2
      vertex 48.6739 14.2019 1.2
      vertex 48.8367 14.1653 1.2
    endloop
  endfacet
  facet normal 0 0 1
    outer loop
      vertex 47.8973 14.5015 1.2
      vertex 48.6986 16.0007 1.2
      vertex 48.626 16.0419 1.2
    endloop
  endfacet
  facet normal 0 0 1
    outer loop
      vertex 47.7521 14.5837 1.2
      vertex 48.626 16.0419 1.2
      vertex 48.5555 16.0865 1.2
    endloop
  endfacet
  facet normal 0 0 1
    outer loop
      vertex 49.0065 15.8732 1.2
      vertex 48.513 14.2464 1.2
      vertex 48.6739 14.2019 1.2
    endloop
  endfacet
  facet normal 0 0 1
    outer loop
      vertex 47.6111 14.673 1.2
      vertex 48.5555 16.0865 1.2
      vertex 48.4873 16.1345 1.2
    endloop
  endfacet
  facet normal 0 0 1
    outer loop
      vertex 47.4746 14.7691 1.2
      vertex 48.4873 16.1345 1.2
      vertex 48.4215 16.1859 1.2
    endloop
  endfacet
  facet normal 0 0 1
    outer loop
      vertex 47.3431 14.8718 1.2
      vertex 48.4215 16.1859 1.2
      vertex 48.3583 16.2404 1.2
    endloop
  endfacet
  facet normal 0 0 1
    outer loop
      vertex 48.9273 15.8994 1.2
      vertex 48.3546 14.2988 1.2
      vertex 48.513 14.2464 1.2
    endloop
  endfacet
  facet normal 0 0 1
    outer loop
      vertex 47.2167 14.9808 1.2
      vertex 48.3583 16.2404 1.2
      vertex 48.2979 16.2979 1.2
    endloop
  endfacet
  facet normal 0 0 1
    outer loop
      vertex 47.0958 15.0958 1.2
      vertex 48.2979 16.2979 1.2
      vertex 48.2404 16.3583 1.2
    endloop
  endfacet
  facet normal 0 0 1
    outer loop
      vertex 48.8494 15.9294 1.2
      vertex 48.1989 14.3588 1.2
      vertex 48.3546 14.2988 1.2
    endloop
  endfacet
  facet normal 0 0 1
    outer loop
      vertex 46.9808 15.2167 1.2
      vertex 48.2404 16.3583 1.2
      vertex 48.1859 16.4215 1.2
    endloop
  endfacet
  facet normal 0 0 1
    outer loop
      vertex 46.8718 15.3431 1.2
      vertex 48.1859 16.4215 1.2
      vertex 48.1345 16.4873 1.2
    endloop
  endfacet
  facet normal 0 0 1
    outer loop
      vertex 46.7691 15.4746 1.2
      vertex 48.1345 16.4873 1.2
      vertex 48.0865 16.5555 1.2
    endloop
  endfacet
  facet normal 0 0 1
    outer loop
      vertex 48.7732 15.9632 1.2
      vertex 48.0463 14.4264 1.2
      vertex 48.1989 14.3588 1.2
    endloop
  endfacet
  facet normal 0 0 1
    outer loop
      vertex 46.673 15.6111 1.2
      vertex 48.0865 16.5555 1.2
      vertex 48.0419 16.626 1.2
    endloop
  endfacet
  facet normal 0 0 1
    outer loop
      vertex 46.5837 15.7521 1.2
      vertex 48.0419 16.626 1.2
      vertex 48.0007 16.6986 1.2
    endloop
  endfacet
  facet normal 0 0 1
    outer loop
      vertex 46.5015 15.8973 1.2
      vertex 48.0007 16.6986 1.2
      vertex 47.9632 16.7732 1.2
    endloop
  endfacet
  facet normal 0 0 1
    outer loop
      vertex 46.4264 16.0463 1.2
      vertex 47.9632 16.7732 1.2
      vertex 47.9294 16.8494 1.2
    endloop
  endfacet
  facet normal 0 0 1
    outer loop
      vertex 46.3588 16.1989 1.2
      vertex 47.9294 16.8494 1.2
      vertex 47.8994 16.9273 1.2
    endloop
  endfacet
  facet normal 0 0 1
    outer loop
      vertex 48.6986 16.0007 1.2
      vertex 47.8973 14.5015 1.2
      vertex 48.0463 14.4264 1.2
    endloop
  endfacet
  facet normal 0 0 1
    outer loop
      vertex 46.2988 16.3546 1.2
      vertex 47.8994 16.9273 1.2
      vertex 47.8732 17.0065 1.2
    endloop
  endfacet
  facet normal 0 0 1
    outer loop
      vertex 46.2464 16.513 1.2
      vertex 47.8732 17.0065 1.2
      vertex 47.8509 17.0869 1.2
    endloop
  endfacet
  facet normal 0 0 1
    outer loop
      vertex 46.2019 16.6739 1.2
      vertex 47.8509 17.0869 1.2
      vertex 47.8327 17.1683 1.2
    endloop
  endfacet
  facet normal 0 0 1
    outer loop
      vertex 46.1653 16.8367 1.2
      vertex 47.8327 17.1683 1.2
      vertex 47.8184 17.2506 1.2
    endloop
  endfacet
  facet normal 0 0 1
    outer loop
      vertex 46.1368 17.0011 1.2
      vertex 47.8184 17.2506 1.2
      vertex 47.8082 17.3334 1.2
    endloop
  endfacet
  facet normal 0 0 1
    outer loop
      vertex 46.1164 17.1667 1.2
      vertex 47.8082 17.3334 1.2
      vertex 47.802 17.4166 1.2
    endloop
  endfacet
  facet normal 0 0 1
    outer loop
      vertex 48.626 16.0419 1.2
      vertex 47.7521 14.5837 1.2
      vertex 47.8973 14.5015 1.2
    endloop
  endfacet
  facet normal 0 0 1
    outer loop
      vertex 46.1041 17.3332 1.2
      vertex 47.802 17.4166 1.2
      vertex 47.8 17.5 1.2
    endloop
  endfacet
  facet normal -0 0 1
    outer loop
      vertex 46.5015 19.1027 1.2
      vertex 48.0007 18.3014 1.2
      vertex 46.5837 19.2479 1.2
    endloop
  endfacet
  facet normal 0 0 1
    outer loop
      vertex 48.0007 18.3014 1.2
      vertex 46.5015 19.1027 1.2
      vertex 47.9632 18.2268 1.2
    endloop
  endfacet
  facet normal 0 0 1
    outer loop
      vertex 48.5555 16.0865 1.2
      vertex 47.6111 14.673 1.2
      vertex 47.7521 14.5837 1.2
    endloop
  endfacet
  facet normal -0 0 1
    outer loop
      vertex 46.4264 18.9537 1.2
      vertex 47.9632 18.2268 1.2
      vertex 46.5015 19.1027 1.2
    endloop
  endfacet
  facet normal 0 0 1
    outer loop
      vertex 48.4873 16.1345 1.2
      vertex 47.4746 14.7691 1.2
      vertex 47.6111 14.673 1.2
    endloop
  endfacet
  facet normal 0 0 1
    outer loop
      vertex 47.9632 18.2268 1.2
      vertex 46.4264 18.9537 1.2
      vertex 47.9294 18.1506 1.2
    endloop
  endfacet
  facet normal 0 0 1
    outer loop
      vertex 48.4215 16.1859 1.2
      vertex 47.3431 14.8718 1.2
      vertex 47.4746 14.7691 1.2
    endloop
  endfacet
  facet normal -0 0 1
    outer loop
      vertex 46.3588 18.8011 1.2
      vertex 47.9294 18.1506 1.2
      vertex 46.4264 18.9537 1.2
    endloop
  endfacet
  facet normal 0 0 1
    outer loop
      vertex 48.3583 16.2404 1.2
      vertex 47.2167 14.9808 1.2
      vertex 47.3431 14.8718 1.2
    endloop
  endfacet
  facet normal 0 0 1
    outer loop
      vertex 47.9294 18.1506 1.2
      vertex 46.3588 18.8011 1.2
      vertex 47.8994 18.0727 1.2
    endloop
  endfacet
  facet normal 0 0 1
    outer loop
      vertex 48.2979 16.2979 1.2
      vertex 47.0958 15.0958 1.2
      vertex 47.2167 14.9808 1.2
    endloop
  endfacet
  facet normal -0 0 1
    outer loop
      vertex 46.2988 18.6454 1.2
      vertex 47.8994 18.0727 1.2
      vertex 46.3588 18.8011 1.2
    endloop
  endfacet
  facet normal 0 0 1
    outer loop
      vertex 48.2404 16.3583 1.2
      vertex 46.9808 15.2167 1.2
      vertex 47.0958 15.0958 1.2
    endloop
  endfacet
  facet normal 0 0 1
    outer loop
      vertex 47.8994 18.0727 1.2
      vertex 46.2988 18.6454 1.2
      vertex 47.8732 17.9935 1.2
    endloop
  endfacet
  facet normal 0 0 1
    outer loop
      vertex 48.1859 16.4215 1.2
      vertex 46.8718 15.3431 1.2
      vertex 46.9808 15.2167 1.2
    endloop
  endfacet
  facet normal -0 0 1
    outer loop
      vertex 46.2464 18.487 1.2
      vertex 47.8732 17.9935 1.2
      vertex 46.2988 18.6454 1.2
    endloop
  endfacet
  facet normal 0 0 1
    outer loop
      vertex 48.1345 16.4873 1.2
      vertex 46.7691 15.4746 1.2
      vertex 46.8718 15.3431 1.2
    endloop
  endfacet
  facet normal 0 0 1
    outer loop
      vertex 47.8732 17.9935 1.2
      vertex 46.2464 18.487 1.2
      vertex 47.8509 17.9131 1.2
    endloop
  endfacet
  facet normal 0 0 1
    outer loop
      vertex 48.0865 16.5555 1.2
      vertex 46.673 15.6111 1.2
      vertex 46.7691 15.4746 1.2
    endloop
  endfacet
  facet normal -0 0 1
    outer loop
      vertex 46.2019 18.3261 1.2
      vertex 47.8509 17.9131 1.2
      vertex 46.2464 18.487 1.2
    endloop
  endfacet
  facet normal 0 0 1
    outer loop
      vertex 48.0419 16.626 1.2
      vertex 46.5837 15.7521 1.2
      vertex 46.673 15.6111 1.2
    endloop
  endfacet
  facet normal 0 0 1
    outer loop
      vertex 47.8509 17.9131 1.2
      vertex 46.2019 18.3261 1.2
      vertex 47.8327 17.8317 1.2
    endloop
  endfacet
  facet normal 0 0 1
    outer loop
      vertex 48.0007 16.6986 1.2
      vertex 46.5015 15.8973 1.2
      vertex 46.5837 15.7521 1.2
    endloop
  endfacet
  facet normal -0 0 1
    outer loop
      vertex 46.1653 18.1633 1.2
      vertex 47.8327 17.8317 1.2
      vertex 46.2019 18.3261 1.2
    endloop
  endfacet
  facet normal 0 0 1
    outer loop
      vertex 47.9632 16.7732 1.2
      vertex 46.4264 16.0463 1.2
      vertex 46.5015 15.8973 1.2
    endloop
  endfacet
  facet normal 0 0 1
    outer loop
      vertex 47.8327 17.8317 1.2
      vertex 46.1653 18.1633 1.2
      vertex 47.8184 17.7494 1.2
    endloop
  endfacet
  facet normal 0 0 1
    outer loop
      vertex 47.9294 16.8494 1.2
      vertex 46.3588 16.1989 1.2
      vertex 46.4264 16.0463 1.2
    endloop
  endfacet
  facet normal -0 0 1
    outer loop
      vertex 46.1368 17.9989 1.2
      vertex 47.8184 17.7494 1.2
      vertex 46.1653 18.1633 1.2
    endloop
  endfacet
  facet normal 0 0 1
    outer loop
      vertex 47.8994 16.9273 1.2
      vertex 46.2988 16.3546 1.2
      vertex 46.3588 16.1989 1.2
    endloop
  endfacet
  facet normal 0 0 1
    outer loop
      vertex 47.8184 17.7494 1.2
      vertex 46.1368 17.9989 1.2
      vertex 47.8082 17.6666 1.2
    endloop
  endfacet
  facet normal 0 0 1
    outer loop
      vertex 47.8732 17.0065 1.2
      vertex 46.2464 16.513 1.2
      vertex 46.2988 16.3546 1.2
    endloop
  endfacet
  facet normal -0 0 1
    outer loop
      vertex 46.1164 17.8333 1.2
      vertex 47.8082 17.6666 1.2
      vertex 46.1368 17.9989 1.2
    endloop
  endfacet
  facet normal 0 0 1
    outer loop
      vertex 47.8509 17.0869 1.2
      vertex 46.2019 16.6739 1.2
      vertex 46.2464 16.513 1.2
    endloop
  endfacet
  facet normal 0 0 1
    outer loop
      vertex 47.8082 17.6666 1.2
      vertex 46.1164 17.8333 1.2
      vertex 47.802 17.5834 1.2
    endloop
  endfacet
  facet normal 0 0 1
    outer loop
      vertex 47.8327 17.1683 1.2
      vertex 46.1653 16.8367 1.2
      vertex 46.2019 16.6739 1.2
    endloop
  endfacet
  facet normal -0 0 1
    outer loop
      vertex 46.1041 17.6668 1.2
      vertex 47.802 17.5834 1.2
      vertex 46.1164 17.8333 1.2
    endloop
  endfacet
  facet normal 0 0 1
    outer loop
      vertex 47.8184 17.2506 1.2
      vertex 46.1368 17.0011 1.2
      vertex 46.1653 16.8367 1.2
    endloop
  endfacet
  facet normal 0 0 1
    outer loop
      vertex 47.802 17.5834 1.2
      vertex 46.1041 17.6668 1.2
      vertex 47.8 17.5 1.2
    endloop
  endfacet
  facet normal 0 0 1
    outer loop
      vertex 47.8082 17.3334 1.2
      vertex 46.1164 17.1667 1.2
      vertex 46.1368 17.0011 1.2
    endloop
  endfacet
  facet normal 0 0 1
    outer loop
      vertex 46.1 17.5 1.2
      vertex 47.8 17.5 1.2
      vertex 46.1041 17.6668 1.2
    endloop
  endfacet
  facet normal 0 0 1
    outer loop
      vertex 47.802 17.4166 1.2
      vertex 46.1041 17.3332 1.2
      vertex 46.1164 17.1667 1.2
    endloop
  endfacet
  facet normal 0 0 1
    outer loop
      vertex 47.8 17.5 1.2
      vertex 46.1 17.5 1.2
      vertex 46.1041 17.3332 1.2
    endloop
  endfacet
  facet normal -0.219341 0.975648 0
    outer loop
      vertex 50.3261 14.2019 1.2
      vertex 50.1633 14.1653 2.5
      vertex 50.3261 14.2019 2.5
    endloop
  endfacet
  facet normal -0.219341 0.975648 0
    outer loop
      vertex 50.1633 14.1653 2.5
      vertex 50.3261 14.2019 1.2
      vertex 50.1633 14.1653 1.2
    endloop
  endfacet
  facet normal -0.653058 0.757308 0
    outer loop
      vertex 51.7833 14.9808 1.2
      vertex 51.6569 14.8718 2.5
      vertex 51.7833 14.9808 2.5
    endloop
  endfacet
  facet normal -0.653058 0.757308 0
    outer loop
      vertex 51.6569 14.8718 2.5
      vertex 51.7833 14.9808 1.2
      vertex 51.6569 14.8718 1.2
    endloop
  endfacet
  facet normal -0.689206 0.724565 0
    outer loop
      vertex 51.9042 15.0958 1.2
      vertex 51.7833 14.9808 2.5
      vertex 51.9042 15.0958 2.5
    endloop
  endfacet
  facet normal -0.689206 0.724565 0
    outer loop
      vertex 51.7833 14.9808 2.5
      vertex 51.9042 15.0958 1.2
      vertex 51.7833 14.9808 1.2
    endloop
  endfacet
  facet normal -0.724565 0.689206 0
    outer loop
      vertex 51.9042 15.0958 1.2
      vertex 52.0192 15.2167 2.5
      vertex 52.0192 15.2167 1.2
    endloop
  endfacet
  facet normal -0.724565 0.689206 0
    outer loop
      vertex 52.0192 15.2167 2.5
      vertex 51.9042 15.0958 1.2
      vertex 51.9042 15.0958 2.5
    endloop
  endfacet
  facet normal -0.844819 0.535052 0
    outer loop
      vertex 52.327 15.6111 1.2
      vertex 52.4163 15.7521 2.5
      vertex 52.4163 15.7521 1.2
    endloop
  endfacet
  facet normal -0.844819 0.535052 0
    outer loop
      vertex 52.4163 15.7521 2.5
      vertex 52.327 15.6111 1.2
      vertex 52.327 15.6111 2.5
    endloop
  endfacet
  facet normal -0.757308 0.653058 0
    outer loop
      vertex 52.0192 15.2167 1.2
      vertex 52.1282 15.3431 2.5
      vertex 52.1282 15.3431 1.2
    endloop
  endfacet
  facet normal -0.757308 0.653058 0
    outer loop
      vertex 52.1282 15.3431 2.5
      vertex 52.0192 15.2167 1.2
      vertex 52.0192 15.2167 2.5
    endloop
  endfacet
  facet normal -0.933114 0.359581 0
    outer loop
      vertex 52.6412 16.1989 1.2
      vertex 52.7012 16.3546 2.5
      vertex 52.7012 16.3546 1.2
    endloop
  endfacet
  facet normal -0.933114 0.359581 0
    outer loop
      vertex 52.7012 16.3546 2.5
      vertex 52.6412 16.1989 1.2
      vertex 52.6412 16.1989 2.5
    endloop
  endfacet
  facet normal -0.963818 0.266562 0
    outer loop
      vertex 52.7536 16.513 1.2
      vertex 52.7981 16.6739 2.5
      vertex 52.7981 16.6739 1.2
    endloop
  endfacet
  facet normal -0.963818 0.266562 0
    outer loop
      vertex 52.7981 16.6739 2.5
      vertex 52.7536 16.513 1.2
      vertex 52.7536 16.513 2.5
    endloop
  endfacet
  facet normal -0.9494 0.314069 0
    outer loop
      vertex 52.7012 16.3546 1.2
      vertex 52.7536 16.513 2.5
      vertex 52.7536 16.513 1.2
    endloop
  endfacet
  facet normal -0.9494 0.314069 0
    outer loop
      vertex 52.7536 16.513 2.5
      vertex 52.7012 16.3546 1.2
      vertex 52.7012 16.3546 2.5
    endloop
  endfacet
  facet normal 0.17081 0.985304 -0
    outer loop
      vertex 49.0011 14.1368 1.2
      vertex 48.8367 14.1653 2.5
      vertex 49.0011 14.1368 2.5
    endloop
  endfacet
  facet normal 0.17081 0.985304 0
    outer loop
      vertex 48.8367 14.1653 2.5
      vertex 49.0011 14.1368 1.2
      vertex 48.8367 14.1653 1.2
    endloop
  endfacet
  facet normal 0.122264 0.992498 -0
    outer loop
      vertex 49.1667 14.1164 1.2
      vertex 49.0011 14.1368 2.5
      vertex 49.1667 14.1164 2.5
    endloop
  endfacet
  facet normal 0.122264 0.992498 0
    outer loop
      vertex 49.0011 14.1368 2.5
      vertex 49.1667 14.1164 1.2
      vertex 49.0011 14.1368 1.2
    endloop
  endfacet
  facet normal 0.933114 0.359581 0
    outer loop
      vertex 46.3588 16.1989 2.5
      vertex 46.2988 16.3546 1.2
      vertex 46.2988 16.3546 2.5
    endloop
  endfacet
  facet normal 0.933114 0.359581 0
    outer loop
      vertex 46.2988 16.3546 1.2
      vertex 46.3588 16.1989 2.5
      vertex 46.3588 16.1989 1.2
    endloop
  endfacet
  facet normal 0.914305 0.405026 0
    outer loop
      vertex 46.4264 16.0463 2.5
      vertex 46.3588 16.1989 1.2
      vertex 46.3588 16.1989 2.5
    endloop
  endfacet
  facet normal 0.914305 0.405026 0
    outer loop
      vertex 46.3588 16.1989 1.2
      vertex 46.4264 16.0463 2.5
      vertex 46.4264 16.0463 1.2
    endloop
  endfacet
  facet normal 0.892984 0.450088 0
    outer loop
      vertex 46.5015 15.8973 2.5
      vertex 46.4264 16.0463 1.2
      vertex 46.4264 16.0463 2.5
    endloop
  endfacet
  facet normal 0.892984 0.450088 0
    outer loop
      vertex 46.4264 16.0463 1.2
      vertex 46.5015 15.8973 2.5
      vertex 46.5015 15.8973 1.2
    endloop
  endfacet
  facet normal 0.870228 0.49265 0
    outer loop
      vertex 46.5837 15.7521 2.5
      vertex 46.5015 15.8973 1.2
      vertex 46.5015 15.8973 2.5
    endloop
  endfacet
  facet normal 0.870228 0.49265 0
    outer loop
      vertex 46.5015 15.8973 1.2
      vertex 46.5837 15.7521 2.5
      vertex 46.5837 15.7521 1.2
    endloop
  endfacet
  facet normal 0.49265 0.870228 -0
    outer loop
      vertex 47.8973 14.5015 1.2
      vertex 47.7521 14.5837 2.5
      vertex 47.8973 14.5015 2.5
    endloop
  endfacet
  facet normal 0.49265 0.870228 0
    outer loop
      vertex 47.7521 14.5837 2.5
      vertex 47.8973 14.5015 1.2
      vertex 47.7521 14.5837 1.2
    endloop
  endfacet
  facet normal 0.535052 0.844819 -0
    outer loop
      vertex 47.7521 14.5837 1.2
      vertex 47.6111 14.673 2.5
      vertex 47.7521 14.5837 2.5
    endloop
  endfacet
  facet normal 0.535052 0.844819 0
    outer loop
      vertex 47.6111 14.673 2.5
      vertex 47.7521 14.5837 1.2
      vertex 47.6111 14.673 1.2
    endloop
  endfacet
  facet normal -0.122264 0.992498 0
    outer loop
      vertex 49.9989 14.1368 1.2
      vertex 49.8333 14.1164 2.5
      vertex 49.9989 14.1368 2.5
    endloop
  endfacet
  facet normal -0.122264 0.992498 0
    outer loop
      vertex 49.8333 14.1164 2.5
      vertex 49.9989 14.1368 1.2
      vertex 49.8333 14.1164 1.2
    endloop
  endfacet
  facet normal -0.17081 0.985304 0
    outer loop
      vertex 50.1633 14.1653 1.2
      vertex 49.9989 14.1368 2.5
      vertex 50.1633 14.1653 2.5
    endloop
  endfacet
  facet normal -0.17081 0.985304 0
    outer loop
      vertex 49.9989 14.1368 2.5
      vertex 50.1633 14.1653 1.2
      vertex 49.9989 14.1368 1.2
    endloop
  endfacet
  facet normal -0.314069 0.9494 0
    outer loop
      vertex 50.6454 14.2988 1.2
      vertex 50.487 14.2464 2.5
      vertex 50.6454 14.2988 2.5
    endloop
  endfacet
  facet normal -0.314069 0.9494 0
    outer loop
      vertex 50.487 14.2464 2.5
      vertex 50.6454 14.2988 1.2
      vertex 50.487 14.2464 1.2
    endloop
  endfacet
  facet normal -0.450088 0.892984 0
    outer loop
      vertex 51.1027 14.5015 1.2
      vertex 50.9537 14.4264 2.5
      vertex 51.1027 14.5015 2.5
    endloop
  endfacet
  facet normal -0.450088 0.892984 0
    outer loop
      vertex 50.9537 14.4264 2.5
      vertex 51.1027 14.5015 1.2
      vertex 50.9537 14.4264 1.2
    endloop
  endfacet
  facet normal -0.817681 0.575671 0
    outer loop
      vertex 52.2309 15.4746 1.2
      vertex 52.327 15.6111 2.5
      vertex 52.327 15.6111 1.2
    endloop
  endfacet
  facet normal -0.817681 0.575671 0
    outer loop
      vertex 52.327 15.6111 2.5
      vertex 52.2309 15.4746 1.2
      vertex 52.2309 15.4746 2.5
    endloop
  endfacet
  facet normal -0.788124 0.615516 0
    outer loop
      vertex 52.1282 15.3431 1.2
      vertex 52.2309 15.4746 2.5
      vertex 52.2309 15.4746 1.2
    endloop
  endfacet
  facet normal -0.788124 0.615516 0
    outer loop
      vertex 52.2309 15.4746 2.5
      vertex 52.1282 15.3431 1.2
      vertex 52.1282 15.3431 2.5
    endloop
  endfacet
  facet normal -0.975648 0.219341 0
    outer loop
      vertex 52.7981 16.6739 1.2
      vertex 52.8347 16.8367 2.5
      vertex 52.8347 16.8367 1.2
    endloop
  endfacet
  facet normal -0.975648 0.219341 0
    outer loop
      vertex 52.8347 16.8367 2.5
      vertex 52.7981 16.6739 1.2
      vertex 52.7981 16.6739 2.5
    endloop
  endfacet
  facet normal -0.997282 0.0736731 0
    outer loop
      vertex 52.8836 17.1667 1.2
      vertex 52.8959 17.3332 2.5
      vertex 52.8959 17.3332 1.2
    endloop
  endfacet
  facet normal -0.997282 0.0736731 0
    outer loop
      vertex 52.8959 17.3332 2.5
      vertex 52.8836 17.1667 1.2
      vertex 52.8836 17.1667 2.5
    endloop
  endfacet
  facet normal -0.999698 0.0245729 0
    outer loop
      vertex 52.8959 17.3332 1.2
      vertex 52.9 17.5 2.5
      vertex 52.9 17.5 1.2
    endloop
  endfacet
  facet normal -0.999698 0.0245729 0
    outer loop
      vertex 52.9 17.5 2.5
      vertex 52.8959 17.3332 1.2
      vertex 52.8959 17.3332 2.5
    endloop
  endfacet
  facet normal 0.653058 0.757308 -0
    outer loop
      vertex 47.3431 14.8718 1.2
      vertex 47.2167 14.9808 2.5
      vertex 47.3431 14.8718 2.5
    endloop
  endfacet
  facet normal 0.653058 0.757308 0
    outer loop
      vertex 47.2167 14.9808 2.5
      vertex 47.3431 14.8718 1.2
      vertex 47.2167 14.9808 1.2
    endloop
  endfacet
  facet normal 0.615516 0.788124 -0
    outer loop
      vertex 47.4746 14.7691 1.2
      vertex 47.3431 14.8718 2.5
      vertex 47.4746 14.7691 2.5
    endloop
  endfacet
  facet normal 0.615516 0.788124 0
    outer loop
      vertex 47.3431 14.8718 2.5
      vertex 47.4746 14.7691 1.2
      vertex 47.3431 14.8718 1.2
    endloop
  endfacet
  facet normal -0.405026 0.914305 0
    outer loop
      vertex 50.9537 14.4264 1.2
      vertex 50.8011 14.3588 2.5
      vertex 50.9537 14.4264 2.5
    endloop
  endfacet
  facet normal -0.405026 0.914305 0
    outer loop
      vertex 50.8011 14.3588 2.5
      vertex 50.9537 14.4264 1.2
      vertex 50.8011 14.3588 1.2
    endloop
  endfacet
  facet normal -0.615516 0.788124 0
    outer loop
      vertex 51.6569 14.8718 1.2
      vertex 51.5254 14.7691 2.5
      vertex 51.6569 14.8718 2.5
    endloop
  endfacet
  facet normal -0.615516 0.788124 0
    outer loop
      vertex 51.5254 14.7691 2.5
      vertex 51.6569 14.8718 1.2
      vertex 51.5254 14.7691 1.2
    endloop
  endfacet
  facet normal -0.870228 0.49265 0
    outer loop
      vertex 52.4163 15.7521 1.2
      vertex 52.4985 15.8973 2.5
      vertex 52.4985 15.8973 1.2
    endloop
  endfacet
  facet normal -0.870228 0.49265 0
    outer loop
      vertex 52.4985 15.8973 2.5
      vertex 52.4163 15.7521 1.2
      vertex 52.4163 15.7521 2.5
    endloop
  endfacet
  facet normal -0.892984 0.450088 0
    outer loop
      vertex 52.4985 15.8973 1.2
      vertex 52.5736 16.0463 2.5
      vertex 52.5736 16.0463 1.2
    endloop
  endfacet
  facet normal -0.892984 0.450088 0
    outer loop
      vertex 52.5736 16.0463 2.5
      vertex 52.4985 15.8973 1.2
      vertex 52.4985 15.8973 2.5
    endloop
  endfacet
  facet normal -0.49265 0.870228 0
    outer loop
      vertex 51.2479 14.5837 1.2
      vertex 51.1027 14.5015 2.5
      vertex 51.2479 14.5837 2.5
    endloop
  endfacet
  facet normal -0.49265 0.870228 0
    outer loop
      vertex 51.1027 14.5015 2.5
      vertex 51.2479 14.5837 1.2
      vertex 51.1027 14.5015 1.2
    endloop
  endfacet
  facet normal -0.535052 0.844819 0
    outer loop
      vertex 51.3889 14.673 1.2
      vertex 51.2479 14.5837 2.5
      vertex 51.3889 14.673 2.5
    endloop
  endfacet
  facet normal -0.535052 0.844819 0
    outer loop
      vertex 51.2479 14.5837 2.5
      vertex 51.3889 14.673 1.2
      vertex 51.2479 14.5837 1.2
    endloop
  endfacet
  facet normal 0 0 -1
    outer loop
      vertex 63.5 -23 -7.62939e-07
      vertex 51.1816 -17.2506 -7.62939e-07
      vertex 66.5 -20 -7.62939e-07
    endloop
  endfacet
  facet normal 0 0 -1
    outer loop
      vertex 66.5 20 -7.62939e-07
      vertex 51.198 17.4166 -7.62939e-07
      vertex 51.2 17.5 -7.62939e-07
    endloop
  endfacet
  facet normal 0 0 -1
    outer loop
      vertex 51.1673 -17.1683 -7.62939e-07
      vertex 66.5 -20 -7.62939e-07
      vertex 51.1816 -17.2506 -7.62939e-07
    endloop
  endfacet
  facet normal 0 0 -1
    outer loop
      vertex 66.5 20 -7.62939e-07
      vertex 51.1918 17.3334 -7.62939e-07
      vertex 51.198 17.4166 -7.62939e-07
    endloop
  endfacet
  facet normal 0 0 -1
    outer loop
      vertex 51.1491 -17.0869 -7.62939e-07
      vertex 66.5 -20 -7.62939e-07
      vertex 51.1673 -17.1683 -7.62939e-07
    endloop
  endfacet
  facet normal 0 0 -1
    outer loop
      vertex 66.5 20 -7.62939e-07
      vertex 51.1816 17.2506 -7.62939e-07
      vertex 51.1918 17.3334 -7.62939e-07
    endloop
  endfacet
  facet normal 0 0 -1
    outer loop
      vertex 51.1268 -17.0065 -7.62939e-07
      vertex 66.5 -20 -7.62939e-07
      vertex 51.1491 -17.0869 -7.62939e-07
    endloop
  endfacet
  facet normal 0 0 -1
    outer loop
      vertex 66.5 20 -7.62939e-07
      vertex 51.1673 17.1683 -7.62939e-07
      vertex 51.1816 17.2506 -7.62939e-07
    endloop
  endfacet
  facet normal 0 0 -1
    outer loop
      vertex 51.1006 -16.9273 -7.62939e-07
      vertex 66.5 -20 -7.62939e-07
      vertex 51.1268 -17.0065 -7.62939e-07
    endloop
  endfacet
  facet normal 0 0 -1
    outer loop
      vertex 66.5 20 -7.62939e-07
      vertex 51.1491 17.0869 -7.62939e-07
      vertex 51.1673 17.1683 -7.62939e-07
    endloop
  endfacet
  facet normal 0 0 -1
    outer loop
      vertex 51.0706 -16.8494 -7.62939e-07
      vertex 66.5 -20 -7.62939e-07
      vertex 51.1006 -16.9273 -7.62939e-07
    endloop
  endfacet
  facet normal 0 0 -1
    outer loop
      vertex 66.5 20 -7.62939e-07
      vertex 51.1268 17.0065 -7.62939e-07
      vertex 51.1491 17.0869 -7.62939e-07
    endloop
  endfacet
  facet normal 0 0 -1
    outer loop
      vertex 51.0368 -16.7732 -7.62939e-07
      vertex 66.5 -20 -7.62939e-07
      vertex 51.0706 -16.8494 -7.62939e-07
    endloop
  endfacet
  facet normal 0 0 -1
    outer loop
      vertex 66.5 20 -7.62939e-07
      vertex 51.1006 16.9273 -7.62939e-07
      vertex 51.1268 17.0065 -7.62939e-07
    endloop
  endfacet
  facet normal 0 0 -1
    outer loop
      vertex 50.9993 -16.6986 -7.62939e-07
      vertex 66.5 -20 -7.62939e-07
      vertex 51.0368 -16.7732 -7.62939e-07
    endloop
  endfacet
  facet normal 0 0 -1
    outer loop
      vertex 66.5 20 -7.62939e-07
      vertex 51.0706 16.8494 -7.62939e-07
      vertex 51.1006 16.9273 -7.62939e-07
    endloop
  endfacet
  facet normal 0 0 -1
    outer loop
      vertex 50.9581 -16.626 -7.62939e-07
      vertex 66.5 -20 -7.62939e-07
      vertex 50.9993 -16.6986 -7.62939e-07
    endloop
  endfacet
  facet normal 0 0 -1
    outer loop
      vertex 66.5 20 -7.62939e-07
      vertex 51.0368 16.7732 -7.62939e-07
      vertex 51.0706 16.8494 -7.62939e-07
    endloop
  endfacet
  facet normal 0 0 -1
    outer loop
      vertex 50.9135 -16.5555 -7.62939e-07
      vertex 66.5 -20 -7.62939e-07
      vertex 50.9581 -16.626 -7.62939e-07
    endloop
  endfacet
  facet normal 0 0 -1
    outer loop
      vertex 66.5 20 -7.62939e-07
      vertex 50.9993 16.6986 -7.62939e-07
      vertex 51.0368 16.7732 -7.62939e-07
    endloop
  endfacet
  facet normal 0 0 -1
    outer loop
      vertex 50.8655 -16.4873 -7.62939e-07
      vertex 66.5 -20 -7.62939e-07
      vertex 50.9135 -16.5555 -7.62939e-07
    endloop
  endfacet
  facet normal 0 0 -1
    outer loop
      vertex 66.5 20 -7.62939e-07
      vertex 50.9581 16.626 -7.62939e-07
      vertex 50.9993 16.6986 -7.62939e-07
    endloop
  endfacet
  facet normal 0 0 -1
    outer loop
      vertex 50.8141 -16.4215 -7.62939e-07
      vertex 66.5 -20 -7.62939e-07
      vertex 50.8655 -16.4873 -7.62939e-07
    endloop
  endfacet
  facet normal 0 0 -1
    outer loop
      vertex 66.5 20 -7.62939e-07
      vertex 50.9135 16.5555 -7.62939e-07
      vertex 50.9581 16.626 -7.62939e-07
    endloop
  endfacet
  facet normal 0 0 -1
    outer loop
      vertex 50.7596 -16.3583 -7.62939e-07
      vertex 66.5 -20 -7.62939e-07
      vertex 50.8141 -16.4215 -7.62939e-07
    endloop
  endfacet
  facet normal 0 0 -1
    outer loop
      vertex 66.5 20 -7.62939e-07
      vertex 50.8655 16.4873 -7.62939e-07
      vertex 50.9135 16.5555 -7.62939e-07
    endloop
  endfacet
  facet normal 0 0 -1
    outer loop
      vertex 50.7021 -16.2979 -7.62939e-07
      vertex 66.5 -20 -7.62939e-07
      vertex 50.7596 -16.3583 -7.62939e-07
    endloop
  endfacet
  facet normal 0 0 -1
    outer loop
      vertex 66.5 20 -7.62939e-07
      vertex 50.8141 16.4215 -7.62939e-07
      vertex 50.8655 16.4873 -7.62939e-07
    endloop
  endfacet
  facet normal 0 0 -1
    outer loop
      vertex 50.6417 -16.2404 -7.62939e-07
      vertex 66.5 -20 -7.62939e-07
      vertex 50.7021 -16.2979 -7.62939e-07
    endloop
  endfacet
  facet normal 0 0 -1
    outer loop
      vertex 66.5 20 -7.62939e-07
      vertex 50.7596 16.3583 -7.62939e-07
      vertex 50.8141 16.4215 -7.62939e-07
    endloop
  endfacet
  facet normal 0 0 -1
    outer loop
      vertex 50.5785 -16.1859 -7.62939e-07
      vertex 66.5 -20 -7.62939e-07
      vertex 50.6417 -16.2404 -7.62939e-07
    endloop
  endfacet
  facet normal 0 0 -1
    outer loop
      vertex 66.5 20 -7.62939e-07
      vertex 50.7021 16.2979 -7.62939e-07
      vertex 50.7596 16.3583 -7.62939e-07
    endloop
  endfacet
  facet normal 0 0 -1
    outer loop
      vertex 50.5127 -16.1345 -7.62939e-07
      vertex 66.5 -20 -7.62939e-07
      vertex 50.5785 -16.1859 -7.62939e-07
    endloop
  endfacet
  facet normal 0 0 -1
    outer loop
      vertex 66.5 20 -7.62939e-07
      vertex 50.6417 16.2404 -7.62939e-07
      vertex 50.7021 16.2979 -7.62939e-07
    endloop
  endfacet
  facet normal 0 0 -1
    outer loop
      vertex 66.5 -20 -7.62939e-07
      vertex 50.5127 -16.1345 -7.62939e-07
      vertex 66.5 20 -7.62939e-07
    endloop
  endfacet
  facet normal 0 0 -1
    outer loop
      vertex 66.5 20 -7.62939e-07
      vertex 50.5785 16.1859 -7.62939e-07
      vertex 50.6417 16.2404 -7.62939e-07
    endloop
  endfacet
  facet normal 0 0 -1
    outer loop
      vertex 50.5127 16.1345 -7.62939e-07
      vertex 66.5 20 -7.62939e-07
      vertex 50.5127 -16.1345 -7.62939e-07
    endloop
  endfacet
  facet normal 0 0 -1
    outer loop
      vertex 66.5 20 -7.62939e-07
      vertex 50.5127 16.1345 -7.62939e-07
      vertex 50.5785 16.1859 -7.62939e-07
    endloop
  endfacet
  facet normal 0 0 -1
    outer loop
      vertex 50.4445 -16.0865 -7.62939e-07
      vertex 50.5127 16.1345 -7.62939e-07
      vertex 50.5127 -16.1345 -7.62939e-07
    endloop
  endfacet
  facet normal 0 0 -1
    outer loop
      vertex 50.4445 -16.0865 -7.62939e-07
      vertex 50.4445 16.0865 -7.62939e-07
      vertex 50.5127 16.1345 -7.62939e-07
    endloop
  endfacet
  facet normal 0 0 -1
    outer loop
      vertex 50.374 -16.0419 -7.62939e-07
      vertex 50.4445 16.0865 -7.62939e-07
      vertex 50.4445 -16.0865 -7.62939e-07
    endloop
  endfacet
  facet normal 0 0 -1
    outer loop
      vertex 50.374 -16.0419 -7.62939e-07
      vertex 50.374 16.0419 -7.62939e-07
      vertex 50.4445 16.0865 -7.62939e-07
    endloop
  endfacet
  facet normal 0 0 -1
    outer loop
      vertex 50.3014 -16.0007 -7.62939e-07
      vertex 50.374 16.0419 -7.62939e-07
      vertex 50.374 -16.0419 -7.62939e-07
    endloop
  endfacet
  facet normal 0 0 -1
    outer loop
      vertex 50.3014 -16.0007 -7.62939e-07
      vertex 50.3014 16.0007 -7.62939e-07
      vertex 50.374 16.0419 -7.62939e-07
    endloop
  endfacet
  facet normal 0 0 -1
    outer loop
      vertex 50.2268 -15.9632 -7.62939e-07
      vertex 50.3014 16.0007 -7.62939e-07
      vertex 50.3014 -16.0007 -7.62939e-07
    endloop
  endfacet
  facet normal 0 0 -1
    outer loop
      vertex 50.2268 -15.9632 -7.62939e-07
      vertex 50.2268 15.9632 -7.62939e-07
      vertex 50.3014 16.0007 -7.62939e-07
    endloop
  endfacet
  facet normal 0 0 -1
    outer loop
      vertex 50.1506 -15.9294 -7.62939e-07
      vertex 50.2268 15.9632 -7.62939e-07
      vertex 50.2268 -15.9632 -7.62939e-07
    endloop
  endfacet
  facet normal 0 0 -1
    outer loop
      vertex 50.1506 -15.9294 -7.62939e-07
      vertex 50.1506 15.9294 -7.62939e-07
      vertex 50.2268 15.9632 -7.62939e-07
    endloop
  endfacet
  facet normal 0 0 -1
    outer loop
      vertex 50.0727 -15.8994 -7.62939e-07
      vertex 50.1506 15.9294 -7.62939e-07
      vertex 50.1506 -15.9294 -7.62939e-07
    endloop
  endfacet
  facet normal 0 0 -1
    outer loop
      vertex 50.0727 -15.8994 -7.62939e-07
      vertex 50.0727 15.8994 -7.62939e-07
      vertex 50.1506 15.9294 -7.62939e-07
    endloop
  endfacet
  facet normal 0 0 -1
    outer loop
      vertex 49.9935 -15.8732 -7.62939e-07
      vertex 50.0727 15.8994 -7.62939e-07
      vertex 50.0727 -15.8994 -7.62939e-07
    endloop
  endfacet
  facet normal 0 0 -1
    outer loop
      vertex 49.9935 -15.8732 -7.62939e-07
      vertex 49.9935 15.8732 -7.62939e-07
      vertex 50.0727 15.8994 -7.62939e-07
    endloop
  endfacet
  facet normal 0 0 -1
    outer loop
      vertex 49.9131 -15.8509 -7.62939e-07
      vertex 49.9935 15.8732 -7.62939e-07
      vertex 49.9935 -15.8732 -7.62939e-07
    endloop
  endfacet
  facet normal 0 0 -1
    outer loop
      vertex 49.9131 -15.8509 -7.62939e-07
      vertex 49.9131 15.8509 -7.62939e-07
      vertex 49.9935 15.8732 -7.62939e-07
    endloop
  endfacet
  facet normal 0 0 -1
    outer loop
      vertex 49.8317 -15.8327 -7.62939e-07
      vertex 49.9131 15.8509 -7.62939e-07
      vertex 49.9131 -15.8509 -7.62939e-07
    endloop
  endfacet
  facet normal 0 0 -1
    outer loop
      vertex 49.8317 -15.8327 -7.62939e-07
      vertex 49.8317 15.8327 -7.62939e-07
      vertex 49.9131 15.8509 -7.62939e-07
    endloop
  endfacet
  facet normal 0 0 -1
    outer loop
      vertex 39 -8 -7.62939e-07
      vertex 49.8317 -15.8327 -7.62939e-07
      vertex 49.7494 -15.8184 -7.62939e-07
    endloop
  endfacet
  facet normal 0 0 -1
    outer loop
      vertex 49.8317 -15.8327 -7.62939e-07
      vertex 39 -8 -7.62939e-07
      vertex 49.8317 15.8327 -7.62939e-07
    endloop
  endfacet
  facet normal 0 0 -1
    outer loop
      vertex 39 -8 -7.62939e-07
      vertex 49.7494 -15.8184 -7.62939e-07
      vertex 49.6666 -15.8082 -7.62939e-07
    endloop
  endfacet
  facet normal 0 0 -1
    outer loop
      vertex 39 8 -7.62939e-07
      vertex 49.8317 15.8327 -7.62939e-07
      vertex 39 -8 -7.62939e-07
    endloop
  endfacet
  facet normal 0 0 -1
    outer loop
      vertex 39 -8 -7.62939e-07
      vertex 49.6666 -15.8082 -7.62939e-07
      vertex 49.5834 -15.802 -7.62939e-07
    endloop
  endfacet
  facet normal 0 0 -1
    outer loop
      vertex 49.8317 15.8327 -7.62939e-07
      vertex 39 8 -7.62939e-07
      vertex 49.7494 15.8184 -7.62939e-07
    endloop
  endfacet
  facet normal 0 0 -1
    outer loop
      vertex 39 -8 -7.62939e-07
      vertex 49.5834 -15.802 -7.62939e-07
      vertex 49.5 -15.8 -7.62939e-07
    endloop
  endfacet
  facet normal 0 0 -1
    outer loop
      vertex 49.7494 15.8184 -7.62939e-07
      vertex 39 8 -7.62939e-07
      vertex 49.6666 15.8082 -7.62939e-07
    endloop
  endfacet
  facet normal 0 0 -1
    outer loop
      vertex 39 -8 -7.62939e-07
      vertex 49.5 -15.8 -7.62939e-07
      vertex 49.4166 -15.802 -7.62939e-07
    endloop
  endfacet
  facet normal 0 0 -1
    outer loop
      vertex 49.6666 15.8082 -7.62939e-07
      vertex 39 8 -7.62939e-07
      vertex 49.5834 15.802 -7.62939e-07
    endloop
  endfacet
  facet normal 0 0 -1
    outer loop
      vertex 39 -8 -7.62939e-07
      vertex 49.4166 -15.802 -7.62939e-07
      vertex 49.3334 -15.8082 -7.62939e-07
    endloop
  endfacet
  facet normal 0 0 -1
    outer loop
      vertex 49.5834 15.802 -7.62939e-07
      vertex 39 8 -7.62939e-07
      vertex 49.5 15.8 -7.62939e-07
    endloop
  endfacet
  facet normal 0 0 -1
    outer loop
      vertex 39 -8 -7.62939e-07
      vertex 49.3334 -15.8082 -7.62939e-07
      vertex 49.2506 -15.8184 -7.62939e-07
    endloop
  endfacet
  facet normal -0 0 -1
    outer loop
      vertex 49.5 15.8 -7.62939e-07
      vertex 39 8 -7.62939e-07
      vertex 49.4166 15.802 -7.62939e-07
    endloop
  endfacet
  facet normal 0 0 -1
    outer loop
      vertex 39 -8 -7.62939e-07
      vertex 49.2506 -15.8184 -7.62939e-07
      vertex 49.1683 -15.8327 -7.62939e-07
    endloop
  endfacet
  facet normal -0 0 -1
    outer loop
      vertex 49.4166 15.802 -7.62939e-07
      vertex 39 8 -7.62939e-07
      vertex 49.3334 15.8082 -7.62939e-07
    endloop
  endfacet
  facet normal 0 0 -1
    outer loop
      vertex 39 -8 -7.62939e-07
      vertex 49.1683 -15.8327 -7.62939e-07
      vertex 49.0869 -15.8509 -7.62939e-07
    endloop
  endfacet
  facet normal -0 0 -1
    outer loop
      vertex 49.3334 15.8082 -7.62939e-07
      vertex 39 8 -7.62939e-07
      vertex 49.2506 15.8184 -7.62939e-07
    endloop
  endfacet
  facet normal 0 0 -1
    outer loop
      vertex 39 -8 -7.62939e-07
      vertex 49.0869 -15.8509 -7.62939e-07
      vertex 49.0065 -15.8732 -7.62939e-07
    endloop
  endfacet
  facet normal -0 0 -1
    outer loop
      vertex 49.2506 15.8184 -7.62939e-07
      vertex 39 8 -7.62939e-07
      vertex 49.1683 15.8327 -7.62939e-07
    endloop
  endfacet
  facet normal 0 0 -1
    outer loop
      vertex 39 -8 -7.62939e-07
      vertex 49.0065 -15.8732 -7.62939e-07
      vertex 48.9273 -15.8994 -7.62939e-07
    endloop
  endfacet
  facet normal -0 0 -1
    outer loop
      vertex 49.1683 15.8327 -7.62939e-07
      vertex 39 8 -7.62939e-07
      vertex 49.0869 15.8509 -7.62939e-07
    endloop
  endfacet
  facet normal 0 0 -1
    outer loop
      vertex 39 -8 -7.62939e-07
      vertex 48.9273 -15.8994 -7.62939e-07
      vertex 48.8494 -15.9294 -7.62939e-07
    endloop
  endfacet
  facet normal -0 0 -1
    outer loop
      vertex 49.0869 15.8509 -7.62939e-07
      vertex 39 8 -7.62939e-07
      vertex 49.0065 15.8732 -7.62939e-07
    endloop
  endfacet
  facet normal 0 0 -1
    outer loop
      vertex 39 -8 -7.62939e-07
      vertex 48.8494 -15.9294 -7.62939e-07
      vertex 48.7732 -15.9632 -7.62939e-07
    endloop
  endfacet
  facet normal -0 0 -1
    outer loop
      vertex 49.0065 15.8732 -7.62939e-07
      vertex 39 8 -7.62939e-07
      vertex 48.9273 15.8994 -7.62939e-07
    endloop
  endfacet
  facet normal 0 0 -1
    outer loop
      vertex 39 -8 -7.62939e-07
      vertex 48.7732 -15.9632 -7.62939e-07
      vertex 48.6986 -16.0007 -7.62939e-07
    endloop
  endfacet
  facet normal -0 0 -1
    outer loop
      vertex 48.9273 15.8994 -7.62939e-07
      vertex 39 8 -7.62939e-07
      vertex 48.8494 15.9294 -7.62939e-07
    endloop
  endfacet
  facet normal 0 0 -1
    outer loop
      vertex 39 -8 -7.62939e-07
      vertex 48.6986 -16.0007 -7.62939e-07
      vertex 48.626 -16.0419 -7.62939e-07
    endloop
  endfacet
  facet normal -0 0 -1
    outer loop
      vertex 48.8494 15.9294 -7.62939e-07
      vertex 39 8 -7.62939e-07
      vertex 48.7732 15.9632 -7.62939e-07
    endloop
  endfacet
  facet normal 0 0 -1
    outer loop
      vertex 39 -8 -7.62939e-07
      vertex 48.626 -16.0419 -7.62939e-07
      vertex 48.5555 -16.0865 -7.62939e-07
    endloop
  endfacet
  facet normal -0 0 -1
    outer loop
      vertex 48.7732 15.9632 -7.62939e-07
      vertex 39 8 -7.62939e-07
      vertex 48.6986 16.0007 -7.62939e-07
    endloop
  endfacet
  facet normal 0 0 -1
    outer loop
      vertex 39 -8 -7.62939e-07
      vertex 48.5555 -16.0865 -7.62939e-07
      vertex 48.4873 -16.1345 -7.62939e-07
    endloop
  endfacet
  facet normal -0 0 -1
    outer loop
      vertex 48.6986 16.0007 -7.62939e-07
      vertex 39 8 -7.62939e-07
      vertex 48.626 16.0419 -7.62939e-07
    endloop
  endfacet
  facet normal 0 0 -1
    outer loop
      vertex 39 -8 -7.62939e-07
      vertex 48.4873 -16.1345 -7.62939e-07
      vertex 48.4215 -16.1859 -7.62939e-07
    endloop
  endfacet
  facet normal -0 0 -1
    outer loop
      vertex 48.626 16.0419 -7.62939e-07
      vertex 39 8 -7.62939e-07
      vertex 48.5555 16.0865 -7.62939e-07
    endloop
  endfacet
  facet normal 0 0 -1
    outer loop
      vertex 39 -8 -7.62939e-07
      vertex 48.4215 -16.1859 -7.62939e-07
      vertex 48.3583 -16.2404 -7.62939e-07
    endloop
  endfacet
  facet normal -0 0 -1
    outer loop
      vertex 48.5555 16.0865 -7.62939e-07
      vertex 39 8 -7.62939e-07
      vertex 48.4873 16.1345 -7.62939e-07
    endloop
  endfacet
  facet normal 0 0 -1
    outer loop
      vertex 39 -8 -7.62939e-07
      vertex 48.3583 -16.2404 -7.62939e-07
      vertex 48.2979 -16.2979 -7.62939e-07
    endloop
  endfacet
  facet normal -0 0 -1
    outer loop
      vertex 48.4873 16.1345 -7.62939e-07
      vertex 39 8 -7.62939e-07
      vertex 48.4215 16.1859 -7.62939e-07
    endloop
  endfacet
  facet normal 0 0 -1
    outer loop
      vertex 39 -8 -7.62939e-07
      vertex 48.2979 -16.2979 -7.62939e-07
      vertex 48.2404 -16.3583 -7.62939e-07
    endloop
  endfacet
  facet normal -0 0 -1
    outer loop
      vertex 48.4215 16.1859 -7.62939e-07
      vertex 39 8 -7.62939e-07
      vertex 48.3583 16.2404 -7.62939e-07
    endloop
  endfacet
  facet normal 0 0 -1
    outer loop
      vertex 39 -8 -7.62939e-07
      vertex 48.2404 -16.3583 -7.62939e-07
      vertex 48.1859 -16.4215 -7.62939e-07
    endloop
  endfacet
  facet normal -0 0 -1
    outer loop
      vertex 48.3583 16.2404 -7.62939e-07
      vertex 39 8 -7.62939e-07
      vertex 48.2979 16.2979 -7.62939e-07
    endloop
  endfacet
  facet normal 0 0 -1
    outer loop
      vertex 39 -8 -7.62939e-07
      vertex 48.1859 -16.4215 -7.62939e-07
      vertex 48.1345 -16.4873 -7.62939e-07
    endloop
  endfacet
  facet normal -0 0 -1
    outer loop
      vertex 48.2979 16.2979 -7.62939e-07
      vertex 39 8 -7.62939e-07
      vertex 48.2404 16.3583 -7.62939e-07
    endloop
  endfacet
  facet normal 0 0 -1
    outer loop
      vertex 39 -8 -7.62939e-07
      vertex 48.1345 -16.4873 -7.62939e-07
      vertex 48.0865 -16.5555 -7.62939e-07
    endloop
  endfacet
  facet normal -0 0 -1
    outer loop
      vertex 48.2404 16.3583 -7.62939e-07
      vertex 39 8 -7.62939e-07
      vertex 48.1859 16.4215 -7.62939e-07
    endloop
  endfacet
  facet normal 0 0 -1
    outer loop
      vertex 39 -8 -7.62939e-07
      vertex 48.0865 -16.5555 -7.62939e-07
      vertex 48.0419 -16.626 -7.62939e-07
    endloop
  endfacet
  facet normal -0 0 -1
    outer loop
      vertex 48.1859 16.4215 -7.62939e-07
      vertex 39 8 -7.62939e-07
      vertex 48.1345 16.4873 -7.62939e-07
    endloop
  endfacet
  facet normal 0 0 -1
    outer loop
      vertex 39 -8 -7.62939e-07
      vertex 48.0419 -16.626 -7.62939e-07
      vertex 48.0007 -16.6986 -7.62939e-07
    endloop
  endfacet
  facet normal -0 0 -1
    outer loop
      vertex 48.1345 16.4873 -7.62939e-07
      vertex 39 8 -7.62939e-07
      vertex 48.0865 16.5555 -7.62939e-07
    endloop
  endfacet
  facet normal 0 0 -1
    outer loop
      vertex 39 -8 -7.62939e-07
      vertex 48.0007 -16.6986 -7.62939e-07
      vertex 47.9632 -16.7732 -7.62939e-07
    endloop
  endfacet
  facet normal -0 0 -1
    outer loop
      vertex 48.0865 16.5555 -7.62939e-07
      vertex 39 8 -7.62939e-07
      vertex 48.0419 16.626 -7.62939e-07
    endloop
  endfacet
  facet normal 0 0 -1
    outer loop
      vertex 39 -8 -7.62939e-07
      vertex 47.9632 -16.7732 -7.62939e-07
      vertex 47.9294 -16.8494 -7.62939e-07
    endloop
  endfacet
  facet normal -0 0 -1
    outer loop
      vertex 48.0419 16.626 -7.62939e-07
      vertex 39 8 -7.62939e-07
      vertex 48.0007 16.6986 -7.62939e-07
    endloop
  endfacet
  facet normal 0 0 -1
    outer loop
      vertex 39 -8 -7.62939e-07
      vertex 47.9294 -16.8494 -7.62939e-07
      vertex 47.8994 -16.9273 -7.62939e-07
    endloop
  endfacet
  facet normal -0 0 -1
    outer loop
      vertex 48.0007 16.6986 -7.62939e-07
      vertex 39 8 -7.62939e-07
      vertex 47.9632 16.7732 -7.62939e-07
    endloop
  endfacet
  facet normal 0 0 -1
    outer loop
      vertex 39 -8 -7.62939e-07
      vertex 47.8994 -16.9273 -7.62939e-07
      vertex 47.8732 -17.0065 -7.62939e-07
    endloop
  endfacet
  facet normal -0 0 -1
    outer loop
      vertex 47.9632 16.7732 -7.62939e-07
      vertex 39 8 -7.62939e-07
      vertex 47.9294 16.8494 -7.62939e-07
    endloop
  endfacet
  facet normal 0 0 -1
    outer loop
      vertex 39 -8 -7.62939e-07
      vertex 47.8732 -17.0065 -7.62939e-07
      vertex 47.8509 -17.0869 -7.62939e-07
    endloop
  endfacet
  facet normal -0 0 -1
    outer loop
      vertex 47.9294 16.8494 -7.62939e-07
      vertex 39 8 -7.62939e-07
      vertex 47.8994 16.9273 -7.62939e-07
    endloop
  endfacet
  facet normal 0 0 -1
    outer loop
      vertex 39 -8 -7.62939e-07
      vertex 47.8509 -17.0869 -7.62939e-07
      vertex 47.8327 -17.1683 -7.62939e-07
    endloop
  endfacet
  facet normal -0 0 -1
    outer loop
      vertex 47.8994 16.9273 -7.62939e-07
      vertex 39 8 -7.62939e-07
      vertex 47.8732 17.0065 -7.62939e-07
    endloop
  endfacet
  facet normal 0 0 -1
    outer loop
      vertex 39 -8 -7.62939e-07
      vertex 47.8327 -17.1683 -7.62939e-07
      vertex 47.8184 -17.2506 -7.62939e-07
    endloop
  endfacet
  facet normal -0 0 -1
    outer loop
      vertex 47.8732 17.0065 -7.62939e-07
      vertex 39 8 -7.62939e-07
      vertex 47.8509 17.0869 -7.62939e-07
    endloop
  endfacet
  facet normal 0 0 -1
    outer loop
      vertex 39 -8 -7.62939e-07
      vertex 47.8184 -17.2506 -7.62939e-07
      vertex 47.8082 -17.3334 -7.62939e-07
    endloop
  endfacet
  facet normal -0 0 -1
    outer loop
      vertex 47.8509 17.0869 -7.62939e-07
      vertex 39 8 -7.62939e-07
      vertex 47.8327 17.1683 -7.62939e-07
    endloop
  endfacet
  facet normal 0 0 -1
    outer loop
      vertex 39 -8 -7.62939e-07
      vertex 47.8082 -17.3334 -7.62939e-07
      vertex 47.802 -17.4166 -7.62939e-07
    endloop
  endfacet
  facet normal -0 0 -1
    outer loop
      vertex 47.8327 17.1683 -7.62939e-07
      vertex 39 8 -7.62939e-07
      vertex 47.8184 17.2506 -7.62939e-07
    endloop
  endfacet
  facet normal 0 0 -1
    outer loop
      vertex 32 -23 -7.62939e-07
      vertex 47.802 -17.4166 -7.62939e-07
      vertex 47.8 -17.5 -7.62939e-07
    endloop
  endfacet
  facet normal -0 0 -1
    outer loop
      vertex 47.8184 17.2506 -7.62939e-07
      vertex 39 8 -7.62939e-07
      vertex 47.8082 17.3334 -7.62939e-07
    endloop
  endfacet
  facet normal 0 0 -1
    outer loop
      vertex 63.5 -23 -7.62939e-07
      vertex 66.5 -20 -7.62939e-07
      vertex 66.4964 -20.1472 -7.62939e-07
    endloop
  endfacet
  facet normal 0 0 -1
    outer loop
      vertex 51.1918 -17.3334 -7.62939e-07
      vertex 63.5 -23 -7.62939e-07
      vertex 51.198 -17.4166 -7.62939e-07
    endloop
  endfacet
  facet normal 0 0 -1
    outer loop
      vertex 63.5 -23 -7.62939e-07
      vertex 66.4964 -20.1472 -7.62939e-07
      vertex 66.4855 -20.294 -7.62939e-07
    endloop
  endfacet
  facet normal 0 0 -1
    outer loop
      vertex 51.1816 -17.2506 -7.62939e-07
      vertex 63.5 -23 -7.62939e-07
      vertex 51.1918 -17.3334 -7.62939e-07
    endloop
  endfacet
  facet normal 0 0 -1
    outer loop
      vertex 63.5 -23 -7.62939e-07
      vertex 66.4855 -20.294 -7.62939e-07
      vertex 66.4675 -20.4402 -7.62939e-07
    endloop
  endfacet
  facet normal 0 -0 -1
    outer loop
      vertex 63.5 23 -7.62939e-07
      vertex 66.5 20 -7.62939e-07
      vertex 51.2 17.5 -7.62939e-07
    endloop
  endfacet
  facet normal 0 0 -1
    outer loop
      vertex 63.5 -23 -7.62939e-07
      vertex 66.4675 -20.4402 -7.62939e-07
      vertex 66.4424 -20.5853 -7.62939e-07
    endloop
  endfacet
  facet normal 0 0 -1
    outer loop
      vertex 66.5 20 -7.62939e-07
      vertex 63.5 23 -7.62939e-07
      vertex 66.4964 20.1472 -7.62939e-07
    endloop
  endfacet
  facet normal 0 0 -1
    outer loop
      vertex 63.5 -23 -7.62939e-07
      vertex 66.4424 -20.5853 -7.62939e-07
      vertex 66.4101 -20.7289 -7.62939e-07
    endloop
  endfacet
  facet normal 0 0 -1
    outer loop
      vertex 66.4964 20.1472 -7.62939e-07
      vertex 63.5 23 -7.62939e-07
      vertex 66.4855 20.294 -7.62939e-07
    endloop
  endfacet
  facet normal 0 0 -1
    outer loop
      vertex 63.5 -23 -7.62939e-07
      vertex 66.4101 -20.7289 -7.62939e-07
      vertex 66.3708 -20.8708 -7.62939e-07
    endloop
  endfacet
  facet normal 0 0 -1
    outer loop
      vertex 66.4855 20.294 -7.62939e-07
      vertex 63.5 23 -7.62939e-07
      vertex 66.4675 20.4402 -7.62939e-07
    endloop
  endfacet
  facet normal 0 0 -1
    outer loop
      vertex 63.5 -23 -7.62939e-07
      vertex 66.3708 -20.8708 -7.62939e-07
      vertex 66.3246 -21.0107 -7.62939e-07
    endloop
  endfacet
  facet normal 0 0 -1
    outer loop
      vertex 66.4675 20.4402 -7.62939e-07
      vertex 63.5 23 -7.62939e-07
      vertex 66.4424 20.5853 -7.62939e-07
    endloop
  endfacet
  facet normal 0 0 -1
    outer loop
      vertex 63.5 -23 -7.62939e-07
      vertex 66.3246 -21.0107 -7.62939e-07
      vertex 66.2716 -21.148 -7.62939e-07
    endloop
  endfacet
  facet normal 0 0 -1
    outer loop
      vertex 66.4424 20.5853 -7.62939e-07
      vertex 63.5 23 -7.62939e-07
      vertex 66.4101 20.7289 -7.62939e-07
    endloop
  endfacet
  facet normal 0 0 -1
    outer loop
      vertex 63.5 -23 -7.62939e-07
      vertex 66.2716 -21.148 -7.62939e-07
      vertex 66.212 -21.2827 -7.62939e-07
    endloop
  endfacet
  facet normal 0 0 -1
    outer loop
      vertex 66.4101 20.7289 -7.62939e-07
      vertex 63.5 23 -7.62939e-07
      vertex 66.3708 20.8708 -7.62939e-07
    endloop
  endfacet
  facet normal 0 0 -1
    outer loop
      vertex 63.5 -23 -7.62939e-07
      vertex 66.212 -21.2827 -7.62939e-07
      vertex 66.1458 -21.4142 -7.62939e-07
    endloop
  endfacet
  facet normal 0 0 -1
    outer loop
      vertex 66.3708 20.8708 -7.62939e-07
      vertex 63.5 23 -7.62939e-07
      vertex 66.3246 21.0107 -7.62939e-07
    endloop
  endfacet
  facet normal 0 0 -1
    outer loop
      vertex 63.5 -23 -7.62939e-07
      vertex 66.1458 -21.4142 -7.62939e-07
      vertex 66.0732 -21.5423 -7.62939e-07
    endloop
  endfacet
  facet normal 0 0 -1
    outer loop
      vertex 66.3246 21.0107 -7.62939e-07
      vertex 63.5 23 -7.62939e-07
      vertex 66.2716 21.148 -7.62939e-07
    endloop
  endfacet
  facet normal 0 0 -1
    outer loop
      vertex 63.5 -23 -7.62939e-07
      vertex 66.0732 -21.5423 -7.62939e-07
      vertex 65.9944 -21.6667 -7.62939e-07
    endloop
  endfacet
  facet normal 0 0 -1
    outer loop
      vertex 66.2716 21.148 -7.62939e-07
      vertex 63.5 23 -7.62939e-07
      vertex 66.212 21.2827 -7.62939e-07
    endloop
  endfacet
  facet normal 0 0 -1
    outer loop
      vertex 63.5 -23 -7.62939e-07
      vertex 65.9944 -21.6667 -7.62939e-07
      vertex 65.9096 -21.7871 -7.62939e-07
    endloop
  endfacet
  facet normal 0 0 -1
    outer loop
      vertex 66.212 21.2827 -7.62939e-07
      vertex 63.5 23 -7.62939e-07
      vertex 66.1458 21.4142 -7.62939e-07
    endloop
  endfacet
  facet normal 0 0 -1
    outer loop
      vertex 63.5 -23 -7.62939e-07
      vertex 65.9096 -21.7871 -7.62939e-07
      vertex 65.819 -21.9032 -7.62939e-07
    endloop
  endfacet
  facet normal 0 0 -1
    outer loop
      vertex 66.1458 21.4142 -7.62939e-07
      vertex 63.5 23 -7.62939e-07
      vertex 66.0732 21.5423 -7.62939e-07
    endloop
  endfacet
  facet normal 0 0 -1
    outer loop
      vertex 63.5 -23 -7.62939e-07
      vertex 65.819 -21.9032 -7.62939e-07
      vertex 65.7228 -22.0147 -7.62939e-07
    endloop
  endfacet
  facet normal 0 0 -1
    outer loop
      vertex 66.0732 21.5423 -7.62939e-07
      vertex 63.5 23 -7.62939e-07
      vertex 65.9944 21.6667 -7.62939e-07
    endloop
  endfacet
  facet normal 0 0 -1
    outer loop
      vertex 63.5 -23 -7.62939e-07
      vertex 65.7228 -22.0147 -7.62939e-07
      vertex 65.6213 -22.1213 -7.62939e-07
    endloop
  endfacet
  facet normal 0 0 -1
    outer loop
      vertex 65.9944 21.6667 -7.62939e-07
      vertex 63.5 23 -7.62939e-07
      vertex 65.9096 21.7871 -7.62939e-07
    endloop
  endfacet
  facet normal 0 0 -1
    outer loop
      vertex 63.5 -23 -7.62939e-07
      vertex 65.6213 -22.1213 -7.62939e-07
      vertex 65.5147 -22.2228 -7.62939e-07
    endloop
  endfacet
  facet normal 0 0 -1
    outer loop
      vertex 65.9096 21.7871 -7.62939e-07
      vertex 63.5 23 -7.62939e-07
      vertex 65.819 21.9032 -7.62939e-07
    endloop
  endfacet
  facet normal 0 0 -1
    outer loop
      vertex 63.5 -23 -7.62939e-07
      vertex 65.5147 -22.2228 -7.62939e-07
      vertex 65.4032 -22.319 -7.62939e-07
    endloop
  endfacet
  facet normal 0 0 -1
    outer loop
      vertex 65.819 21.9032 -7.62939e-07
      vertex 63.5 23 -7.62939e-07
      vertex 65.7228 22.0147 -7.62939e-07
    endloop
  endfacet
  facet normal 0 0 -1
    outer loop
      vertex 63.5 -23 -7.62939e-07
      vertex 65.4032 -22.319 -7.62939e-07
      vertex 65.2871 -22.4096 -7.62939e-07
    endloop
  endfacet
  facet normal 0 0 -1
    outer loop
      vertex 65.7228 22.0147 -7.62939e-07
      vertex 63.5 23 -7.62939e-07
      vertex 65.6213 22.1213 -7.62939e-07
    endloop
  endfacet
  facet normal 0 0 -1
    outer loop
      vertex 63.5 -23 -7.62939e-07
      vertex 65.2871 -22.4096 -7.62939e-07
      vertex 65.1667 -22.4944 -7.62939e-07
    endloop
  endfacet
  facet normal 0 0 -1
    outer loop
      vertex 65.6213 22.1213 -7.62939e-07
      vertex 63.5 23 -7.62939e-07
      vertex 65.5147 22.2228 -7.62939e-07
    endloop
  endfacet
  facet normal 0 0 -1
    outer loop
      vertex 63.5 -23 -7.62939e-07
      vertex 65.1667 -22.4944 -7.62939e-07
      vertex 65.0423 -22.5732 -7.62939e-07
    endloop
  endfacet
  facet normal 0 0 -1
    outer loop
      vertex 65.5147 22.2228 -7.62939e-07
      vertex 63.5 23 -7.62939e-07
      vertex 65.4032 22.319 -7.62939e-07
    endloop
  endfacet
  facet normal 0 0 -1
    outer loop
      vertex 63.5 -23 -7.62939e-07
      vertex 65.0423 -22.5732 -7.62939e-07
      vertex 64.9142 -22.6458 -7.62939e-07
    endloop
  endfacet
  facet normal 0 0 -1
    outer loop
      vertex 65.4032 22.319 -7.62939e-07
      vertex 63.5 23 -7.62939e-07
      vertex 65.2871 22.4096 -7.62939e-07
    endloop
  endfacet
  facet normal 0 0 -1
    outer loop
      vertex 63.5 -23 -7.62939e-07
      vertex 64.9142 -22.6458 -7.62939e-07
      vertex 64.7827 -22.712 -7.62939e-07
    endloop
  endfacet
  facet normal 0 0 -1
    outer loop
      vertex 65.2871 22.4096 -7.62939e-07
      vertex 63.5 23 -7.62939e-07
      vertex 65.1667 22.4944 -7.62939e-07
    endloop
  endfacet
  facet normal 0 0 -1
    outer loop
      vertex 63.5 -23 -7.62939e-07
      vertex 64.7827 -22.712 -7.62939e-07
      vertex 64.648 -22.7716 -7.62939e-07
    endloop
  endfacet
  facet normal 0 0 -1
    outer loop
      vertex 65.1667 22.4944 -7.62939e-07
      vertex 63.5 23 -7.62939e-07
      vertex 65.0423 22.5732 -7.62939e-07
    endloop
  endfacet
  facet normal 0 0 -1
    outer loop
      vertex 63.5 -23 -7.62939e-07
      vertex 64.648 -22.7716 -7.62939e-07
      vertex 64.5107 -22.8246 -7.62939e-07
    endloop
  endfacet
  facet normal 0 0 -1
    outer loop
      vertex 65.0423 22.5732 -7.62939e-07
      vertex 63.5 23 -7.62939e-07
      vertex 64.9142 22.6458 -7.62939e-07
    endloop
  endfacet
  facet normal 0 0 -1
    outer loop
      vertex 63.5 -23 -7.62939e-07
      vertex 64.5107 -22.8246 -7.62939e-07
      vertex 64.3708 -22.8708 -7.62939e-07
    endloop
  endfacet
  facet normal 0 0 -1
    outer loop
      vertex 64.9142 22.6458 -7.62939e-07
      vertex 63.5 23 -7.62939e-07
      vertex 64.7827 22.712 -7.62939e-07
    endloop
  endfacet
  facet normal 0 0 -1
    outer loop
      vertex 63.5 -23 -7.62939e-07
      vertex 64.3708 -22.8708 -7.62939e-07
      vertex 64.2289 -22.9101 -7.62939e-07
    endloop
  endfacet
  facet normal 0 0 -1
    outer loop
      vertex 64.7827 22.712 -7.62939e-07
      vertex 63.5 23 -7.62939e-07
      vertex 64.648 22.7716 -7.62939e-07
    endloop
  endfacet
  facet normal 0 0 -1
    outer loop
      vertex 63.5 -23 -7.62939e-07
      vertex 64.2289 -22.9101 -7.62939e-07
      vertex 64.0853 -22.9424 -7.62939e-07
    endloop
  endfacet
  facet normal 0 0 -1
    outer loop
      vertex 64.648 22.7716 -7.62939e-07
      vertex 63.5 23 -7.62939e-07
      vertex 64.5107 22.8246 -7.62939e-07
    endloop
  endfacet
  facet normal 0 0 -1
    outer loop
      vertex 63.5 -23 -7.62939e-07
      vertex 64.0853 -22.9424 -7.62939e-07
      vertex 63.9402 -22.9675 -7.62939e-07
    endloop
  endfacet
  facet normal 0 0 -1
    outer loop
      vertex 64.5107 22.8246 -7.62939e-07
      vertex 63.5 23 -7.62939e-07
      vertex 64.3708 22.8708 -7.62939e-07
    endloop
  endfacet
  facet normal 0 0 -1
    outer loop
      vertex 63.5 -23 -7.62939e-07
      vertex 63.9402 -22.9675 -7.62939e-07
      vertex 63.794 -22.9855 -7.62939e-07
    endloop
  endfacet
  facet normal 0 0 -1
    outer loop
      vertex 64.3708 22.8708 -7.62939e-07
      vertex 63.5 23 -7.62939e-07
      vertex 64.2289 22.9101 -7.62939e-07
    endloop
  endfacet
  facet normal 0 0 -1
    outer loop
      vertex 63.5 -23 -7.62939e-07
      vertex 63.794 -22.9855 -7.62939e-07
      vertex 63.6472 -22.9964 -7.62939e-07
    endloop
  endfacet
  facet normal 0 0 -1
    outer loop
      vertex 64.2289 22.9101 -7.62939e-07
      vertex 63.5 23 -7.62939e-07
      vertex 64.0853 22.9424 -7.62939e-07
    endloop
  endfacet
  facet normal 0 0 -1
    outer loop
      vertex 51.198 -17.4166 -7.62939e-07
      vertex 63.5 -23 -7.62939e-07
      vertex 51.2 -17.5 -7.62939e-07
    endloop
  endfacet
  facet normal 0 0 -1
    outer loop
      vertex 64.0853 22.9424 -7.62939e-07
      vertex 63.5 23 -7.62939e-07
      vertex 63.9402 22.9675 -7.62939e-07
    endloop
  endfacet
  facet normal 0 0 -1
    outer loop
      vertex 63.9402 22.9675 -7.62939e-07
      vertex 63.5 23 -7.62939e-07
      vertex 63.794 22.9855 -7.62939e-07
    endloop
  endfacet
  facet normal 0 0 -1
    outer loop
      vertex 63.5 -23 -7.62939e-07
      vertex 51.198 -17.5834 -7.62939e-07
      vertex 51.2 -17.5 -7.62939e-07
    endloop
  endfacet
  facet normal 0 0 -1
    outer loop
      vertex 63.5 -23 -7.62939e-07
      vertex 51.1918 -17.6666 -7.62939e-07
      vertex 51.198 -17.5834 -7.62939e-07
    endloop
  endfacet
  facet normal 0 0 -1
    outer loop
      vertex 63.5 -23 -7.62939e-07
      vertex 51.1816 -17.7494 -7.62939e-07
      vertex 51.1918 -17.6666 -7.62939e-07
    endloop
  endfacet
  facet normal 0 0 -1
    outer loop
      vertex 63.5 -23 -7.62939e-07
      vertex 51.1673 -17.8317 -7.62939e-07
      vertex 51.1816 -17.7494 -7.62939e-07
    endloop
  endfacet
  facet normal 0 0 -1
    outer loop
      vertex 63.5 -23 -7.62939e-07
      vertex 51.1491 -17.9131 -7.62939e-07
      vertex 51.1673 -17.8317 -7.62939e-07
    endloop
  endfacet
  facet normal 0 0 -1
    outer loop
      vertex 63.5 -23 -7.62939e-07
      vertex 51.1268 -17.9935 -7.62939e-07
      vertex 51.1491 -17.9131 -7.62939e-07
    endloop
  endfacet
  facet normal 0 0 -1
    outer loop
      vertex 63.5 -23 -7.62939e-07
      vertex 51.1006 -18.0727 -7.62939e-07
      vertex 51.1268 -17.9935 -7.62939e-07
    endloop
  endfacet
  facet normal 0 0 -1
    outer loop
      vertex 63.5 -23 -7.62939e-07
      vertex 51.0706 -18.1506 -7.62939e-07
      vertex 51.1006 -18.0727 -7.62939e-07
    endloop
  endfacet
  facet normal 0 0 -1
    outer loop
      vertex 63.5 -23 -7.62939e-07
      vertex 51.0368 -18.2268 -7.62939e-07
      vertex 51.0706 -18.1506 -7.62939e-07
    endloop
  endfacet
  facet normal 0 0 -1
    outer loop
      vertex 63.5 -23 -7.62939e-07
      vertex 50.9993 -18.3014 -7.62939e-07
      vertex 51.0368 -18.2268 -7.62939e-07
    endloop
  endfacet
  facet normal 0 0 -1
    outer loop
      vertex 63.5 -23 -7.62939e-07
      vertex 50.9581 -18.374 -7.62939e-07
      vertex 50.9993 -18.3014 -7.62939e-07
    endloop
  endfacet
  facet normal 0 0 -1
    outer loop
      vertex 63.5 -23 -7.62939e-07
      vertex 50.9135 -18.4445 -7.62939e-07
      vertex 50.9581 -18.374 -7.62939e-07
    endloop
  endfacet
  facet normal 0 0 -1
    outer loop
      vertex 63.5 -23 -7.62939e-07
      vertex 50.8655 -18.5127 -7.62939e-07
      vertex 50.9135 -18.4445 -7.62939e-07
    endloop
  endfacet
  facet normal 0 0 -1
    outer loop
      vertex 63.5 -23 -7.62939e-07
      vertex 50.8141 -18.5785 -7.62939e-07
      vertex 50.8655 -18.5127 -7.62939e-07
    endloop
  endfacet
  facet normal 0 0 -1
    outer loop
      vertex 63.5 -23 -7.62939e-07
      vertex 50.7596 -18.6417 -7.62939e-07
      vertex 50.8141 -18.5785 -7.62939e-07
    endloop
  endfacet
  facet normal 0 0 -1
    outer loop
      vertex 63.5 -23 -7.62939e-07
      vertex 50.7021 -18.7021 -7.62939e-07
      vertex 50.7596 -18.6417 -7.62939e-07
    endloop
  endfacet
  facet normal 0 0 -1
    outer loop
      vertex 63.5 -23 -7.62939e-07
      vertex 50.6417 -18.7596 -7.62939e-07
      vertex 50.7021 -18.7021 -7.62939e-07
    endloop
  endfacet
  facet normal 0 0 -1
    outer loop
      vertex 63.5 -23 -7.62939e-07
      vertex 50.5785 -18.8141 -7.62939e-07
      vertex 50.6417 -18.7596 -7.62939e-07
    endloop
  endfacet
  facet normal 0 0 -1
    outer loop
      vertex 63.5 -23 -7.62939e-07
      vertex 50.5127 -18.8655 -7.62939e-07
      vertex 50.5785 -18.8141 -7.62939e-07
    endloop
  endfacet
  facet normal 0 0 -1
    outer loop
      vertex 63.5 -23 -7.62939e-07
      vertex 50.4445 -18.9135 -7.62939e-07
      vertex 50.5127 -18.8655 -7.62939e-07
    endloop
  endfacet
  facet normal 0 0 -1
    outer loop
      vertex 63.5 -23 -7.62939e-07
      vertex 50.374 -18.9581 -7.62939e-07
      vertex 50.4445 -18.9135 -7.62939e-07
    endloop
  endfacet
  facet normal 0 0 -1
    outer loop
      vertex 63.5 -23 -7.62939e-07
      vertex 50.3014 -18.9993 -7.62939e-07
      vertex 50.374 -18.9581 -7.62939e-07
    endloop
  endfacet
  facet normal 0 0 -1
    outer loop
      vertex 63.5 -23 -7.62939e-07
      vertex 50.2268 -19.0368 -7.62939e-07
      vertex 50.3014 -18.9993 -7.62939e-07
    endloop
  endfacet
  facet normal 0 0 -1
    outer loop
      vertex 63.5 -23 -7.62939e-07
      vertex 50.1506 -19.0706 -7.62939e-07
      vertex 50.2268 -19.0368 -7.62939e-07
    endloop
  endfacet
  facet normal 0 0 -1
    outer loop
      vertex 63.5 -23 -7.62939e-07
      vertex 50.0727 -19.1006 -7.62939e-07
      vertex 50.1506 -19.0706 -7.62939e-07
    endloop
  endfacet
  facet normal 0 0 -1
    outer loop
      vertex 63.5 -23 -7.62939e-07
      vertex 49.9935 -19.1268 -7.62939e-07
      vertex 50.0727 -19.1006 -7.62939e-07
    endloop
  endfacet
  facet normal 0 0 -1
    outer loop
      vertex 63.5 -23 -7.62939e-07
      vertex 49.9131 -19.1491 -7.62939e-07
      vertex 49.9935 -19.1268 -7.62939e-07
    endloop
  endfacet
  facet normal 0 0 -1
    outer loop
      vertex 63.5 -23 -7.62939e-07
      vertex 49.8317 -19.1673 -7.62939e-07
      vertex 49.9131 -19.1491 -7.62939e-07
    endloop
  endfacet
  facet normal 0 0 -1
    outer loop
      vertex 63.5 -23 -7.62939e-07
      vertex 49.7494 -19.1816 -7.62939e-07
      vertex 49.8317 -19.1673 -7.62939e-07
    endloop
  endfacet
  facet normal 0 0 -1
    outer loop
      vertex 63.5 -23 -7.62939e-07
      vertex 49.6666 -19.1918 -7.62939e-07
      vertex 49.7494 -19.1816 -7.62939e-07
    endloop
  endfacet
  facet normal 0 0 -1
    outer loop
      vertex 63.5 -23 -7.62939e-07
      vertex 49.5834 -19.198 -7.62939e-07
      vertex 49.6666 -19.1918 -7.62939e-07
    endloop
  endfacet
  facet normal 0 0 -1
    outer loop
      vertex 63.5 -23 -7.62939e-07
      vertex 49.5 -19.2 -7.62939e-07
      vertex 49.5834 -19.198 -7.62939e-07
    endloop
  endfacet
  facet normal 0 0 -1
    outer loop
      vertex 63.5 -23 -7.62939e-07
      vertex 49.4166 -19.198 -7.62939e-07
      vertex 49.5 -19.2 -7.62939e-07
    endloop
  endfacet
  facet normal 0 0 -1
    outer loop
      vertex 32 -23 -7.62939e-07
      vertex 49.4166 -19.198 -7.62939e-07
      vertex 63.5 -23 -7.62939e-07
    endloop
  endfacet
  facet normal -0 0 -1
    outer loop
      vertex 49.4166 -19.198 -7.62939e-07
      vertex 32 -23 -7.62939e-07
      vertex 49.3334 -19.1918 -7.62939e-07
    endloop
  endfacet
  facet normal -0 0 -1
    outer loop
      vertex 49.3334 -19.1918 -7.62939e-07
      vertex 32 -23 -7.62939e-07
      vertex 49.2506 -19.1816 -7.62939e-07
    endloop
  endfacet
  facet normal -0 0 -1
    outer loop
      vertex 49.2506 -19.1816 -7.62939e-07
      vertex 32 -23 -7.62939e-07
      vertex 49.1683 -19.1673 -7.62939e-07
    endloop
  endfacet
  facet normal -0 0 -1
    outer loop
      vertex 47.8082 17.3334 -7.62939e-07
      vertex 39 8 -7.62939e-07
      vertex 47.802 17.4166 -7.62939e-07
    endloop
  endfacet
  facet normal 0 0 -1
    outer loop
      vertex 32 -23 -7.62939e-07
      vertex 47.8 -17.5 -7.62939e-07
      vertex 47.802 -17.5834 -7.62939e-07
    endloop
  endfacet
  facet normal 0 0 -1
    outer loop
      vertex 32 -23 -7.62939e-07
      vertex 47.802 -17.5834 -7.62939e-07
      vertex 47.8082 -17.6666 -7.62939e-07
    endloop
  endfacet
  facet normal 0 0 -1
    outer loop
      vertex 32 -23 -7.62939e-07
      vertex 47.8082 -17.6666 -7.62939e-07
      vertex 47.8184 -17.7494 -7.62939e-07
    endloop
  endfacet
  facet normal 0 0 -1
    outer loop
      vertex 32 -23 -7.62939e-07
      vertex 47.8184 -17.7494 -7.62939e-07
      vertex 47.8327 -17.8317 -7.62939e-07
    endloop
  endfacet
  facet normal 0 0 -1
    outer loop
      vertex 32 -23 -7.62939e-07
      vertex 47.8327 -17.8317 -7.62939e-07
      vertex 47.8509 -17.9131 -7.62939e-07
    endloop
  endfacet
  facet normal 0 0 -1
    outer loop
      vertex 32 -23 -7.62939e-07
      vertex 47.8509 -17.9131 -7.62939e-07
      vertex 47.8732 -17.9935 -7.62939e-07
    endloop
  endfacet
  facet normal 0 0 -1
    outer loop
      vertex 32 -23 -7.62939e-07
      vertex 47.8732 -17.9935 -7.62939e-07
      vertex 47.8994 -18.0727 -7.62939e-07
    endloop
  endfacet
  facet normal 0 0 -1
    outer loop
      vertex 32 -23 -7.62939e-07
      vertex 47.8994 -18.0727 -7.62939e-07
      vertex 47.9294 -18.1506 -7.62939e-07
    endloop
  endfacet
  facet normal 0 0 -1
    outer loop
      vertex 32 -23 -7.62939e-07
      vertex 47.9294 -18.1506 -7.62939e-07
      vertex 47.9632 -18.2268 -7.62939e-07
    endloop
  endfacet
  facet normal 0 0 -1
    outer loop
      vertex 32 -23 -7.62939e-07
      vertex 47.9632 -18.2268 -7.62939e-07
      vertex 48.0007 -18.3014 -7.62939e-07
    endloop
  endfacet
  facet normal 0 0 -1
    outer loop
      vertex 32 -23 -7.62939e-07
      vertex 48.0007 -18.3014 -7.62939e-07
      vertex 48.0419 -18.374 -7.62939e-07
    endloop
  endfacet
  facet normal 0 0 -1
    outer loop
      vertex 32 -23 -7.62939e-07
      vertex 48.0419 -18.374 -7.62939e-07
      vertex 48.0865 -18.4445 -7.62939e-07
    endloop
  endfacet
  facet normal 0 0 -1
    outer loop
      vertex 32 -23 -7.62939e-07
      vertex 48.0865 -18.4445 -7.62939e-07
      vertex 48.1345 -18.5127 -7.62939e-07
    endloop
  endfacet
  facet normal 0 0 -1
    outer loop
      vertex 32 -23 -7.62939e-07
      vertex 48.1345 -18.5127 -7.62939e-07
      vertex 48.1859 -18.5785 -7.62939e-07
    endloop
  endfacet
  facet normal 0 0 -1
    outer loop
      vertex 32 -23 -7.62939e-07
      vertex 48.1859 -18.5785 -7.62939e-07
      vertex 48.2404 -18.6417 -7.62939e-07
    endloop
  endfacet
  facet normal -0 0 -1
    outer loop
      vertex 49.1683 -19.1673 -7.62939e-07
      vertex 32 -23 -7.62939e-07
      vertex 49.0869 -19.1491 -7.62939e-07
    endloop
  endfacet
  facet normal 0 0 -1
    outer loop
      vertex 32 -23 -7.62939e-07
      vertex 49.0065 -19.1268 -7.62939e-07
      vertex 49.0869 -19.1491 -7.62939e-07
    endloop
  endfacet
  facet normal 0 0 -1
    outer loop
      vertex 32 -23 -7.62939e-07
      vertex 48.9273 -19.1006 -7.62939e-07
      vertex 49.0065 -19.1268 -7.62939e-07
    endloop
  endfacet
  facet normal 0 0 -1
    outer loop
      vertex 32 -23 -7.62939e-07
      vertex 48.8494 -19.0706 -7.62939e-07
      vertex 48.9273 -19.1006 -7.62939e-07
    endloop
  endfacet
  facet normal 0 0 -1
    outer loop
      vertex 32 -23 -7.62939e-07
      vertex 48.7732 -19.0368 -7.62939e-07
      vertex 48.8494 -19.0706 -7.62939e-07
    endloop
  endfacet
  facet normal 0 0 -1
    outer loop
      vertex 32 -23 -7.62939e-07
      vertex 48.6986 -18.9993 -7.62939e-07
      vertex 48.7732 -19.0368 -7.62939e-07
    endloop
  endfacet
  facet normal 0 0 -1
    outer loop
      vertex 32 -23 -7.62939e-07
      vertex 48.626 -18.9581 -7.62939e-07
      vertex 48.6986 -18.9993 -7.62939e-07
    endloop
  endfacet
  facet normal 0 0 -1
    outer loop
      vertex 32 -23 -7.62939e-07
      vertex 48.5555 -18.9135 -7.62939e-07
      vertex 48.626 -18.9581 -7.62939e-07
    endloop
  endfacet
  facet normal 0 0 -1
    outer loop
      vertex 32 -23 -7.62939e-07
      vertex 48.4873 -18.8655 -7.62939e-07
      vertex 48.5555 -18.9135 -7.62939e-07
    endloop
  endfacet
  facet normal 0 0 -1
    outer loop
      vertex 32 -23 -7.62939e-07
      vertex 48.4215 -18.8141 -7.62939e-07
      vertex 48.4873 -18.8655 -7.62939e-07
    endloop
  endfacet
  facet normal 0 0 -1
    outer loop
      vertex 32 -23 -7.62939e-07
      vertex 48.3583 -18.7596 -7.62939e-07
      vertex 48.4215 -18.8141 -7.62939e-07
    endloop
  endfacet
  facet normal 0 0 -1
    outer loop
      vertex 32 -23 -7.62939e-07
      vertex 48.2979 -18.7021 -7.62939e-07
      vertex 48.3583 -18.7596 -7.62939e-07
    endloop
  endfacet
  facet normal 0 0 -1
    outer loop
      vertex 32 -23 -7.62939e-07
      vertex 48.2404 -18.6417 -7.62939e-07
      vertex 48.2979 -18.7021 -7.62939e-07
    endloop
  endfacet
  facet normal -0 0 -1
    outer loop
      vertex 47.802 -17.4166 -7.62939e-07
      vertex 32 -23 -7.62939e-07
      vertex 39 -8 -7.62939e-07
    endloop
  endfacet
  facet normal 0 0 -1
    outer loop
      vertex 29 -20 -7.62939e-07
      vertex 32 -23 -7.62939e-07
      vertex 31.8528 -22.9964 -7.62939e-07
    endloop
  endfacet
  facet normal 0 0 -1
    outer loop
      vertex 29 -20 -7.62939e-07
      vertex 31.8528 -22.9964 -7.62939e-07
      vertex 31.7059 -22.9855 -7.62939e-07
    endloop
  endfacet
  facet normal 0 0 -1
    outer loop
      vertex 29 -20 -7.62939e-07
      vertex 31.7059 -22.9855 -7.62939e-07
      vertex 31.5598 -22.9675 -7.62939e-07
    endloop
  endfacet
  facet normal 0 0 -1
    outer loop
      vertex 29 -20 -7.62939e-07
      vertex 31.5598 -22.9675 -7.62939e-07
      vertex 31.4147 -22.9424 -7.62939e-07
    endloop
  endfacet
  facet normal 0 0 -1
    outer loop
      vertex 29 -20 -7.62939e-07
      vertex 31.4147 -22.9424 -7.62939e-07
      vertex 31.2711 -22.9101 -7.62939e-07
    endloop
  endfacet
  facet normal 0 0 -1
    outer loop
      vertex 29 -20 -7.62939e-07
      vertex 31.2711 -22.9101 -7.62939e-07
      vertex 31.1291 -22.8708 -7.62939e-07
    endloop
  endfacet
  facet normal 0 0 -1
    outer loop
      vertex 29 -20 -7.62939e-07
      vertex 31.1291 -22.8708 -7.62939e-07
      vertex 30.9893 -22.8246 -7.62939e-07
    endloop
  endfacet
  facet normal 0 0 -1
    outer loop
      vertex 29 -20 -7.62939e-07
      vertex 30.9893 -22.8246 -7.62939e-07
      vertex 30.8519 -22.7716 -7.62939e-07
    endloop
  endfacet
  facet normal 0 0 -1
    outer loop
      vertex 29 -20 -7.62939e-07
      vertex 30.8519 -22.7716 -7.62939e-07
      vertex 30.7173 -22.712 -7.62939e-07
    endloop
  endfacet
  facet normal 0 0 -1
    outer loop
      vertex 29 -20 -7.62939e-07
      vertex 30.7173 -22.712 -7.62939e-07
      vertex 30.5858 -22.6458 -7.62939e-07
    endloop
  endfacet
  facet normal 0 0 -1
    outer loop
      vertex 29 -20 -7.62939e-07
      vertex 30.5858 -22.6458 -7.62939e-07
      vertex 30.4577 -22.5732 -7.62939e-07
    endloop
  endfacet
  facet normal 0 0 -1
    outer loop
      vertex 29 -20 -7.62939e-07
      vertex 30.4577 -22.5732 -7.62939e-07
      vertex 30.3333 -22.4944 -7.62939e-07
    endloop
  endfacet
  facet normal 0 0 -1
    outer loop
      vertex 29 -20 -7.62939e-07
      vertex 30.3333 -22.4944 -7.62939e-07
      vertex 30.2129 -22.4096 -7.62939e-07
    endloop
  endfacet
  facet normal 0 0 -1
    outer loop
      vertex 29 -20 -7.62939e-07
      vertex 30.2129 -22.4096 -7.62939e-07
      vertex 30.0968 -22.319 -7.62939e-07
    endloop
  endfacet
  facet normal 0 0 -1
    outer loop
      vertex 29 -20 -7.62939e-07
      vertex 30.0968 -22.319 -7.62939e-07
      vertex 29.9853 -22.2228 -7.62939e-07
    endloop
  endfacet
  facet normal 0 0 -1
    outer loop
      vertex 29 -20 -7.62939e-07
      vertex 29.9853 -22.2228 -7.62939e-07
      vertex 29.8787 -22.1213 -7.62939e-07
    endloop
  endfacet
  facet normal 0 0 -1
    outer loop
      vertex 29 -20 -7.62939e-07
      vertex 29.8787 -22.1213 -7.62939e-07
      vertex 29.7771 -22.0147 -7.62939e-07
    endloop
  endfacet
  facet normal 0 0 -1
    outer loop
      vertex 29 -20 -7.62939e-07
      vertex 29.7771 -22.0147 -7.62939e-07
      vertex 29.681 -21.9032 -7.62939e-07
    endloop
  endfacet
  facet normal 0 0 -1
    outer loop
      vertex 29 -20 -7.62939e-07
      vertex 29.681 -21.9032 -7.62939e-07
      vertex 29.5904 -21.7871 -7.62939e-07
    endloop
  endfacet
  facet normal 0 0 -1
    outer loop
      vertex 29 -20 -7.62939e-07
      vertex 29.5904 -21.7871 -7.62939e-07
      vertex 29.5056 -21.6667 -7.62939e-07
    endloop
  endfacet
  facet normal 0 0 -1
    outer loop
      vertex 29 -20 -7.62939e-07
      vertex 29.5056 -21.6667 -7.62939e-07
      vertex 29.4268 -21.5423 -7.62939e-07
    endloop
  endfacet
  facet normal 0 0 -1
    outer loop
      vertex 29 -20 -7.62939e-07
      vertex 29.4268 -21.5423 -7.62939e-07
      vertex 29.3542 -21.4142 -7.62939e-07
    endloop
  endfacet
  facet normal 0 0 -1
    outer loop
      vertex 29 -20 -7.62939e-07
      vertex 29.3542 -21.4142 -7.62939e-07
      vertex 29.288 -21.2827 -7.62939e-07
    endloop
  endfacet
  facet normal 0 0 -1
    outer loop
      vertex 29 -20 -7.62939e-07
      vertex 29.288 -21.2827 -7.62939e-07
      vertex 29.2283 -21.148 -7.62939e-07
    endloop
  endfacet
  facet normal 0 0 -1
    outer loop
      vertex 29 -20 -7.62939e-07
      vertex 29.2283 -21.148 -7.62939e-07
      vertex 29.1754 -21.0107 -7.62939e-07
    endloop
  endfacet
  facet normal 0 0 -1
    outer loop
      vertex 29 -20 -7.62939e-07
      vertex 29.1754 -21.0107 -7.62939e-07
      vertex 29.1292 -20.8708 -7.62939e-07
    endloop
  endfacet
  facet normal 0 0 -1
    outer loop
      vertex 29 -20 -7.62939e-07
      vertex 29.1292 -20.8708 -7.62939e-07
      vertex 29.0899 -20.7289 -7.62939e-07
    endloop
  endfacet
  facet normal 0 0 -1
    outer loop
      vertex 29 -20 -7.62939e-07
      vertex 29.0899 -20.7289 -7.62939e-07
      vertex 29.0576 -20.5853 -7.62939e-07
    endloop
  endfacet
  facet normal 0 0 -1
    outer loop
      vertex 29 -20 -7.62939e-07
      vertex 29.0576 -20.5853 -7.62939e-07
      vertex 29.0325 -20.4402 -7.62939e-07
    endloop
  endfacet
  facet normal 0 0 -1
    outer loop
      vertex 29 -20 -7.62939e-07
      vertex 29.0325 -20.4402 -7.62939e-07
      vertex 29.0144 -20.294 -7.62939e-07
    endloop
  endfacet
  facet normal 0 0 -1
    outer loop
      vertex 29 -20 -7.62939e-07
      vertex 29.0144 -20.294 -7.62939e-07
      vertex 29.0036 -20.1472 -7.62939e-07
    endloop
  endfacet
  facet normal 0 0 -1
    outer loop
      vertex 32 -23 -7.62939e-07
      vertex 29 -20 -7.62939e-07
      vertex 39 -8 -7.62939e-07
    endloop
  endfacet
  facet normal -0 0 -1
    outer loop
      vertex 39 -8 -7.62939e-07
      vertex 29 -20 -7.62939e-07
      vertex 29 -8 -7.62939e-07
    endloop
  endfacet
  facet normal 0 0 -1
    outer loop
      vertex 63.794 22.9855 -7.62939e-07
      vertex 63.5 23 -7.62939e-07
      vertex 63.6472 22.9964 -7.62939e-07
    endloop
  endfacet
  facet normal 0 0 -1
    outer loop
      vertex 51.198 17.5834 -7.62939e-07
      vertex 63.5 23 -7.62939e-07
      vertex 51.2 17.5 -7.62939e-07
    endloop
  endfacet
  facet normal 0 0 -1
    outer loop
      vertex 51.1918 17.6666 -7.62939e-07
      vertex 63.5 23 -7.62939e-07
      vertex 51.198 17.5834 -7.62939e-07
    endloop
  endfacet
  facet normal 0 0 -1
    outer loop
      vertex 51.1816 17.7494 -7.62939e-07
      vertex 63.5 23 -7.62939e-07
      vertex 51.1918 17.6666 -7.62939e-07
    endloop
  endfacet
  facet normal 0 0 -1
    outer loop
      vertex 51.1673 17.8317 -7.62939e-07
      vertex 63.5 23 -7.62939e-07
      vertex 51.1816 17.7494 -7.62939e-07
    endloop
  endfacet
  facet normal 0 0 -1
    outer loop
      vertex 51.1491 17.9131 -7.62939e-07
      vertex 63.5 23 -7.62939e-07
      vertex 51.1673 17.8317 -7.62939e-07
    endloop
  endfacet
  facet normal 0 0 -1
    outer loop
      vertex 51.1268 17.9935 -7.62939e-07
      vertex 63.5 23 -7.62939e-07
      vertex 51.1491 17.9131 -7.62939e-07
    endloop
  endfacet
  facet normal 0 0 -1
    outer loop
      vertex 51.1006 18.0727 -7.62939e-07
      vertex 63.5 23 -7.62939e-07
      vertex 51.1268 17.9935 -7.62939e-07
    endloop
  endfacet
  facet normal 0 0 -1
    outer loop
      vertex 51.0706 18.1506 -7.62939e-07
      vertex 63.5 23 -7.62939e-07
      vertex 51.1006 18.0727 -7.62939e-07
    endloop
  endfacet
  facet normal 0 0 -1
    outer loop
      vertex 51.0368 18.2268 -7.62939e-07
      vertex 63.5 23 -7.62939e-07
      vertex 51.0706 18.1506 -7.62939e-07
    endloop
  endfacet
  facet normal 0 0 -1
    outer loop
      vertex 50.9993 18.3014 -7.62939e-07
      vertex 63.5 23 -7.62939e-07
      vertex 51.0368 18.2268 -7.62939e-07
    endloop
  endfacet
  facet normal 0 0 -1
    outer loop
      vertex 50.9581 18.374 -7.62939e-07
      vertex 63.5 23 -7.62939e-07
      vertex 50.9993 18.3014 -7.62939e-07
    endloop
  endfacet
  facet normal 0 0 -1
    outer loop
      vertex 50.9135 18.4445 -7.62939e-07
      vertex 63.5 23 -7.62939e-07
      vertex 50.9581 18.374 -7.62939e-07
    endloop
  endfacet
  facet normal 0 0 -1
    outer loop
      vertex 50.8655 18.5127 -7.62939e-07
      vertex 63.5 23 -7.62939e-07
      vertex 50.9135 18.4445 -7.62939e-07
    endloop
  endfacet
  facet normal 0 0 -1
    outer loop
      vertex 50.8141 18.5785 -7.62939e-07
      vertex 63.5 23 -7.62939e-07
      vertex 50.8655 18.5127 -7.62939e-07
    endloop
  endfacet
  facet normal 0 0 -1
    outer loop
      vertex 50.7596 18.6417 -7.62939e-07
      vertex 63.5 23 -7.62939e-07
      vertex 50.8141 18.5785 -7.62939e-07
    endloop
  endfacet
  facet normal 0 0 -1
    outer loop
      vertex 50.7021 18.7021 -7.62939e-07
      vertex 63.5 23 -7.62939e-07
      vertex 50.7596 18.6417 -7.62939e-07
    endloop
  endfacet
  facet normal 0 0 -1
    outer loop
      vertex 50.6417 18.7596 -7.62939e-07
      vertex 63.5 23 -7.62939e-07
      vertex 50.7021 18.7021 -7.62939e-07
    endloop
  endfacet
  facet normal 0 0 -1
    outer loop
      vertex 50.5785 18.8141 -7.62939e-07
      vertex 63.5 23 -7.62939e-07
      vertex 50.6417 18.7596 -7.62939e-07
    endloop
  endfacet
  facet normal 0 0 -1
    outer loop
      vertex 50.5127 18.8655 -7.62939e-07
      vertex 63.5 23 -7.62939e-07
      vertex 50.5785 18.8141 -7.62939e-07
    endloop
  endfacet
  facet normal 0 0 -1
    outer loop
      vertex 50.4445 18.9135 -7.62939e-07
      vertex 63.5 23 -7.62939e-07
      vertex 50.5127 18.8655 -7.62939e-07
    endloop
  endfacet
  facet normal 0 0 -1
    outer loop
      vertex 50.374 18.9581 -7.62939e-07
      vertex 63.5 23 -7.62939e-07
      vertex 50.4445 18.9135 -7.62939e-07
    endloop
  endfacet
  facet normal 0 0 -1
    outer loop
      vertex 50.3014 18.9993 -7.62939e-07
      vertex 63.5 23 -7.62939e-07
      vertex 50.374 18.9581 -7.62939e-07
    endloop
  endfacet
  facet normal 0 0 -1
    outer loop
      vertex 50.2268 19.0368 -7.62939e-07
      vertex 63.5 23 -7.62939e-07
      vertex 50.3014 18.9993 -7.62939e-07
    endloop
  endfacet
  facet normal 0 0 -1
    outer loop
      vertex 50.1506 19.0706 -7.62939e-07
      vertex 63.5 23 -7.62939e-07
      vertex 50.2268 19.0368 -7.62939e-07
    endloop
  endfacet
  facet normal 0 0 -1
    outer loop
      vertex 50.0727 19.1006 -7.62939e-07
      vertex 63.5 23 -7.62939e-07
      vertex 50.1506 19.0706 -7.62939e-07
    endloop
  endfacet
  facet normal 0 0 -1
    outer loop
      vertex 49.9935 19.1268 -7.62939e-07
      vertex 63.5 23 -7.62939e-07
      vertex 50.0727 19.1006 -7.62939e-07
    endloop
  endfacet
  facet normal 0 0 -1
    outer loop
      vertex 49.9131 19.1491 -7.62939e-07
      vertex 63.5 23 -7.62939e-07
      vertex 49.9935 19.1268 -7.62939e-07
    endloop
  endfacet
  facet normal 0 0 -1
    outer loop
      vertex 49.8317 19.1673 -7.62939e-07
      vertex 63.5 23 -7.62939e-07
      vertex 49.9131 19.1491 -7.62939e-07
    endloop
  endfacet
  facet normal 0 0 -1
    outer loop
      vertex 49.7494 19.1816 -7.62939e-07
      vertex 63.5 23 -7.62939e-07
      vertex 49.8317 19.1673 -7.62939e-07
    endloop
  endfacet
  facet normal 0 0 -1
    outer loop
      vertex 49.6666 19.1918 -7.62939e-07
      vertex 63.5 23 -7.62939e-07
      vertex 49.7494 19.1816 -7.62939e-07
    endloop
  endfacet
  facet normal 0 0 -1
    outer loop
      vertex 49.5834 19.198 -7.62939e-07
      vertex 63.5 23 -7.62939e-07
      vertex 49.6666 19.1918 -7.62939e-07
    endloop
  endfacet
  facet normal 0 0 -1
    outer loop
      vertex 49.5 19.2 -7.62939e-07
      vertex 63.5 23 -7.62939e-07
      vertex 49.5834 19.198 -7.62939e-07
    endloop
  endfacet
  facet normal 0 0 -1
    outer loop
      vertex 49.4166 19.198 -7.62939e-07
      vertex 63.5 23 -7.62939e-07
      vertex 49.5 19.2 -7.62939e-07
    endloop
  endfacet
  facet normal 0 0 -1
    outer loop
      vertex 32 23 -7.62939e-07
      vertex 49.4166 19.198 -7.62939e-07
      vertex 49.3334 19.1918 -7.62939e-07
    endloop
  endfacet
  facet normal 0 0 -1
    outer loop
      vertex 32 23 -7.62939e-07
      vertex 49.3334 19.1918 -7.62939e-07
      vertex 49.2506 19.1816 -7.62939e-07
    endloop
  endfacet
  facet normal 0 0 -1
    outer loop
      vertex 32 23 -7.62939e-07
      vertex 49.2506 19.1816 -7.62939e-07
      vertex 49.1683 19.1673 -7.62939e-07
    endloop
  endfacet
  facet normal 0 0 -1
    outer loop
      vertex 32 23 -7.62939e-07
      vertex 49.1683 19.1673 -7.62939e-07
      vertex 49.0869 19.1491 -7.62939e-07
    endloop
  endfacet
  facet normal 0 0 -1
    outer loop
      vertex 32 23 -7.62939e-07
      vertex 47.802 17.4166 -7.62939e-07
      vertex 39 8 -7.62939e-07
    endloop
  endfacet
  facet normal 0 0 -1
    outer loop
      vertex 47.802 17.4166 -7.62939e-07
      vertex 32 23 -7.62939e-07
      vertex 47.8 17.5 -7.62939e-07
    endloop
  endfacet
  facet normal 0 0 -1
    outer loop
      vertex 47.8 17.5 -7.62939e-07
      vertex 32 23 -7.62939e-07
      vertex 47.802 17.5834 -7.62939e-07
    endloop
  endfacet
  facet normal 0 0 -1
    outer loop
      vertex 47.802 17.5834 -7.62939e-07
      vertex 32 23 -7.62939e-07
      vertex 47.8082 17.6666 -7.62939e-07
    endloop
  endfacet
  facet normal 0 0 -1
    outer loop
      vertex 47.8082 17.6666 -7.62939e-07
      vertex 32 23 -7.62939e-07
      vertex 47.8184 17.7494 -7.62939e-07
    endloop
  endfacet
  facet normal 0 0 -1
    outer loop
      vertex 47.8184 17.7494 -7.62939e-07
      vertex 32 23 -7.62939e-07
      vertex 47.8327 17.8317 -7.62939e-07
    endloop
  endfacet
  facet normal 0 0 -1
    outer loop
      vertex 47.8327 17.8317 -7.62939e-07
      vertex 32 23 -7.62939e-07
      vertex 47.8509 17.9131 -7.62939e-07
    endloop
  endfacet
  facet normal 0 0 -1
    outer loop
      vertex 47.8509 17.9131 -7.62939e-07
      vertex 32 23 -7.62939e-07
      vertex 47.8732 17.9935 -7.62939e-07
    endloop
  endfacet
  facet normal 0 0 -1
    outer loop
      vertex 47.8732 17.9935 -7.62939e-07
      vertex 32 23 -7.62939e-07
      vertex 47.8994 18.0727 -7.62939e-07
    endloop
  endfacet
  facet normal 0 0 -1
    outer loop
      vertex 47.8994 18.0727 -7.62939e-07
      vertex 32 23 -7.62939e-07
      vertex 47.9294 18.1506 -7.62939e-07
    endloop
  endfacet
  facet normal 0 0 -1
    outer loop
      vertex 47.9294 18.1506 -7.62939e-07
      vertex 32 23 -7.62939e-07
      vertex 47.9632 18.2268 -7.62939e-07
    endloop
  endfacet
  facet normal 0 0 -1
    outer loop
      vertex 47.9632 18.2268 -7.62939e-07
      vertex 32 23 -7.62939e-07
      vertex 48.0007 18.3014 -7.62939e-07
    endloop
  endfacet
  facet normal 0 0 -1
    outer loop
      vertex 48.0007 18.3014 -7.62939e-07
      vertex 32 23 -7.62939e-07
      vertex 48.0419 18.374 -7.62939e-07
    endloop
  endfacet
  facet normal 0 0 -1
    outer loop
      vertex 48.0419 18.374 -7.62939e-07
      vertex 32 23 -7.62939e-07
      vertex 48.0865 18.4445 -7.62939e-07
    endloop
  endfacet
  facet normal 0 0 -1
    outer loop
      vertex 48.0865 18.4445 -7.62939e-07
      vertex 32 23 -7.62939e-07
      vertex 48.1345 18.5127 -7.62939e-07
    endloop
  endfacet
  facet normal 0 0 -1
    outer loop
      vertex 48.1345 18.5127 -7.62939e-07
      vertex 32 23 -7.62939e-07
      vertex 48.1859 18.5785 -7.62939e-07
    endloop
  endfacet
  facet normal 0 0 -1
    outer loop
      vertex 49.4166 19.198 -7.62939e-07
      vertex 32 23 -7.62939e-07
      vertex 63.5 23 -7.62939e-07
    endloop
  endfacet
  facet normal 0 0 -1
    outer loop
      vertex 49.0065 19.1268 -7.62939e-07
      vertex 32 23 -7.62939e-07
      vertex 49.0869 19.1491 -7.62939e-07
    endloop
  endfacet
  facet normal 0 0 -1
    outer loop
      vertex 48.9273 19.1006 -7.62939e-07
      vertex 32 23 -7.62939e-07
      vertex 49.0065 19.1268 -7.62939e-07
    endloop
  endfacet
  facet normal 0 0 -1
    outer loop
      vertex 48.8494 19.0706 -7.62939e-07
      vertex 32 23 -7.62939e-07
      vertex 48.9273 19.1006 -7.62939e-07
    endloop
  endfacet
  facet normal 0 0 -1
    outer loop
      vertex 48.7732 19.0368 -7.62939e-07
      vertex 32 23 -7.62939e-07
      vertex 48.8494 19.0706 -7.62939e-07
    endloop
  endfacet
  facet normal 0 0 -1
    outer loop
      vertex 48.6986 18.9993 -7.62939e-07
      vertex 32 23 -7.62939e-07
      vertex 48.7732 19.0368 -7.62939e-07
    endloop
  endfacet
  facet normal 0 0 -1
    outer loop
      vertex 48.626 18.9581 -7.62939e-07
      vertex 32 23 -7.62939e-07
      vertex 48.6986 18.9993 -7.62939e-07
    endloop
  endfacet
  facet normal 0 0 -1
    outer loop
      vertex 48.5555 18.9135 -7.62939e-07
      vertex 32 23 -7.62939e-07
      vertex 48.626 18.9581 -7.62939e-07
    endloop
  endfacet
  facet normal 0 0 -1
    outer loop
      vertex 48.4873 18.8655 -7.62939e-07
      vertex 32 23 -7.62939e-07
      vertex 48.5555 18.9135 -7.62939e-07
    endloop
  endfacet
  facet normal 0 0 -1
    outer loop
      vertex 48.4215 18.8141 -7.62939e-07
      vertex 32 23 -7.62939e-07
      vertex 48.4873 18.8655 -7.62939e-07
    endloop
  endfacet
  facet normal 0 0 -1
    outer loop
      vertex 48.3583 18.7596 -7.62939e-07
      vertex 32 23 -7.62939e-07
      vertex 48.4215 18.8141 -7.62939e-07
    endloop
  endfacet
  facet normal 0 0 -1
    outer loop
      vertex 48.2979 18.7021 -7.62939e-07
      vertex 32 23 -7.62939e-07
      vertex 48.3583 18.7596 -7.62939e-07
    endloop
  endfacet
  facet normal 0 0 -1
    outer loop
      vertex 48.2404 18.6417 -7.62939e-07
      vertex 32 23 -7.62939e-07
      vertex 48.2979 18.7021 -7.62939e-07
    endloop
  endfacet
  facet normal 0 0 -1
    outer loop
      vertex 48.1859 18.5785 -7.62939e-07
      vertex 32 23 -7.62939e-07
      vertex 48.2404 18.6417 -7.62939e-07
    endloop
  endfacet
  facet normal 0 0 -1
    outer loop
      vertex 29 20 -7.62939e-07
      vertex 32 23 -7.62939e-07
      vertex 39 8 -7.62939e-07
    endloop
  endfacet
  facet normal 0 0 -1
    outer loop
      vertex 32 23 -7.62939e-07
      vertex 29 20 -7.62939e-07
      vertex 31.8528 22.9964 -7.62939e-07
    endloop
  endfacet
  facet normal 0 0 -1
    outer loop
      vertex 31.8528 22.9964 -7.62939e-07
      vertex 29 20 -7.62939e-07
      vertex 31.7059 22.9855 -7.62939e-07
    endloop
  endfacet
  facet normal 0 0 -1
    outer loop
      vertex 31.7059 22.9855 -7.62939e-07
      vertex 29 20 -7.62939e-07
      vertex 31.5598 22.9675 -7.62939e-07
    endloop
  endfacet
  facet normal 0 0 -1
    outer loop
      vertex 31.5598 22.9675 -7.62939e-07
      vertex 29 20 -7.62939e-07
      vertex 31.4147 22.9424 -7.62939e-07
    endloop
  endfacet
  facet normal 0 0 -1
    outer loop
      vertex 31.4147 22.9424 -7.62939e-07
      vertex 29 20 -7.62939e-07
      vertex 31.2711 22.9101 -7.62939e-07
    endloop
  endfacet
  facet normal 0 0 -1
    outer loop
      vertex 31.2711 22.9101 -7.62939e-07
      vertex 29 20 -7.62939e-07
      vertex 31.1291 22.8708 -7.62939e-07
    endloop
  endfacet
  facet normal 0 0 -1
    outer loop
      vertex 31.1291 22.8708 -7.62939e-07
      vertex 29 20 -7.62939e-07
      vertex 30.9893 22.8246 -7.62939e-07
    endloop
  endfacet
  facet normal 0 0 -1
    outer loop
      vertex 30.9893 22.8246 -7.62939e-07
      vertex 29 20 -7.62939e-07
      vertex 30.8519 22.7716 -7.62939e-07
    endloop
  endfacet
  facet normal 0 0 -1
    outer loop
      vertex 30.8519 22.7716 -7.62939e-07
      vertex 29 20 -7.62939e-07
      vertex 30.7173 22.712 -7.62939e-07
    endloop
  endfacet
  facet normal 0 0 -1
    outer loop
      vertex 30.7173 22.712 -7.62939e-07
      vertex 29 20 -7.62939e-07
      vertex 30.5858 22.6458 -7.62939e-07
    endloop
  endfacet
  facet normal 0 0 -1
    outer loop
      vertex 30.5858 22.6458 -7.62939e-07
      vertex 29 20 -7.62939e-07
      vertex 30.4577 22.5732 -7.62939e-07
    endloop
  endfacet
  facet normal 0 0 -1
    outer loop
      vertex 30.4577 22.5732 -7.62939e-07
      vertex 29 20 -7.62939e-07
      vertex 30.3333 22.4944 -7.62939e-07
    endloop
  endfacet
  facet normal 0 0 -1
    outer loop
      vertex 30.3333 22.4944 -7.62939e-07
      vertex 29 20 -7.62939e-07
      vertex 30.2129 22.4096 -7.62939e-07
    endloop
  endfacet
  facet normal 0 0 -1
    outer loop
      vertex 30.2129 22.4096 -7.62939e-07
      vertex 29 20 -7.62939e-07
      vertex 30.0968 22.319 -7.62939e-07
    endloop
  endfacet
  facet normal 0 0 -1
    outer loop
      vertex 30.0968 22.319 -7.62939e-07
      vertex 29 20 -7.62939e-07
      vertex 29.9853 22.2228 -7.62939e-07
    endloop
  endfacet
  facet normal 0 0 -1
    outer loop
      vertex 29.9853 22.2228 -7.62939e-07
      vertex 29 20 -7.62939e-07
      vertex 29.8787 22.1213 -7.62939e-07
    endloop
  endfacet
  facet normal 0 0 -1
    outer loop
      vertex 29.8787 22.1213 -7.62939e-07
      vertex 29 20 -7.62939e-07
      vertex 29.7771 22.0147 -7.62939e-07
    endloop
  endfacet
  facet normal 0 0 -1
    outer loop
      vertex 29.7771 22.0147 -7.62939e-07
      vertex 29 20 -7.62939e-07
      vertex 29.681 21.9032 -7.62939e-07
    endloop
  endfacet
  facet normal 0 0 -1
    outer loop
      vertex 29.681 21.9032 -7.62939e-07
      vertex 29 20 -7.62939e-07
      vertex 29.5904 21.7871 -7.62939e-07
    endloop
  endfacet
  facet normal 0 0 -1
    outer loop
      vertex 29.5904 21.7871 -7.62939e-07
      vertex 29 20 -7.62939e-07
      vertex 29.5056 21.6667 -7.62939e-07
    endloop
  endfacet
  facet normal 0 0 -1
    outer loop
      vertex 29.5056 21.6667 -7.62939e-07
      vertex 29 20 -7.62939e-07
      vertex 29.4268 21.5423 -7.62939e-07
    endloop
  endfacet
  facet normal 0 0 -1
    outer loop
      vertex 29.4268 21.5423 -7.62939e-07
      vertex 29 20 -7.62939e-07
      vertex 29.3542 21.4142 -7.62939e-07
    endloop
  endfacet
  facet normal 0 0 -1
    outer loop
      vertex 29.3542 21.4142 -7.62939e-07
      vertex 29 20 -7.62939e-07
      vertex 29.288 21.2827 -7.62939e-07
    endloop
  endfacet
  facet normal 0 0 -1
    outer loop
      vertex 29.288 21.2827 -7.62939e-07
      vertex 29 20 -7.62939e-07
      vertex 29.2283 21.148 -7.62939e-07
    endloop
  endfacet
  facet normal 0 0 -1
    outer loop
      vertex 29.2283 21.148 -7.62939e-07
      vertex 29 20 -7.62939e-07
      vertex 29.1754 21.0107 -7.62939e-07
    endloop
  endfacet
  facet normal 0 0 -1
    outer loop
      vertex 29.1754 21.0107 -7.62939e-07
      vertex 29 20 -7.62939e-07
      vertex 29.1292 20.8708 -7.62939e-07
    endloop
  endfacet
  facet normal 0 0 -1
    outer loop
      vertex 29.1292 20.8708 -7.62939e-07
      vertex 29 20 -7.62939e-07
      vertex 29.0899 20.7289 -7.62939e-07
    endloop
  endfacet
  facet normal 0 0 -1
    outer loop
      vertex 29.0899 20.7289 -7.62939e-07
      vertex 29 20 -7.62939e-07
      vertex 29.0576 20.5853 -7.62939e-07
    endloop
  endfacet
  facet normal 0 0 -1
    outer loop
      vertex 29.0576 20.5853 -7.62939e-07
      vertex 29 20 -7.62939e-07
      vertex 29.0325 20.4402 -7.62939e-07
    endloop
  endfacet
  facet normal 0 0 -1
    outer loop
      vertex 29.0325 20.4402 -7.62939e-07
      vertex 29 20 -7.62939e-07
      vertex 29.0144 20.294 -7.62939e-07
    endloop
  endfacet
  facet normal 0 0 -1
    outer loop
      vertex 29 20 -7.62939e-07
      vertex 39 8 -7.62939e-07
      vertex 29 8 -7.62939e-07
    endloop
  endfacet
  facet normal 0 0 -1
    outer loop
      vertex 29.0144 20.294 -7.62939e-07
      vertex 29 20 -7.62939e-07
      vertex 29.0036 20.1472 -7.62939e-07
    endloop
  endfacet
  facet normal -0.122279 -0.992496 0
    outer loop
      vertex 31.5598 -22.9675 -7.62939e-07
      vertex 31.7059 -22.9855 2.5
      vertex 31.5598 -22.9675 2.5
    endloop
  endfacet
  facet normal -0.122279 -0.992496 -0
    outer loop
      vertex 31.7059 -22.9855 2.5
      vertex 31.5598 -22.9675 -7.62939e-07
      vertex 31.7059 -22.9855 -7.62939e-07
    endloop
  endfacet
  facet normal -0.219448 -0.975624 0
    outer loop
      vertex 31.2711 -22.9101 -7.62939e-07
      vertex 31.4147 -22.9424 2.5
      vertex 31.2711 -22.9101 2.5
    endloop
  endfacet
  facet normal -0.219448 -0.975624 -0
    outer loop
      vertex 31.4147 -22.9424 2.5
      vertex 31.2711 -22.9101 -7.62939e-07
      vertex 31.4147 -22.9424 -7.62939e-07
    endloop
  endfacet
  facet normal -0.170453 -0.985366 0
    outer loop
      vertex 31.4147 -22.9424 -7.62939e-07
      vertex 31.5598 -22.9675 2.5
      vertex 31.4147 -22.9424 2.5
    endloop
  endfacet
  facet normal -0.170453 -0.985366 -0
    outer loop
      vertex 31.5598 -22.9675 2.5
      vertex 31.4147 -22.9424 -7.62939e-07
      vertex 31.5598 -22.9675 -7.62939e-07
    endloop
  endfacet
  facet normal 0.0244492 -0.999701 0
    outer loop
      vertex 63.5 -23 -7.62939e-07
      vertex 63.6472 -22.9964 2.5
      vertex 63.5 -23 2.5
    endloop
  endfacet
  facet normal 0.0244492 -0.999701 0
    outer loop
      vertex 63.6472 -22.9964 2.5
      vertex 63.5 -23 -7.62939e-07
      vertex 63.6472 -22.9964 -7.62939e-07
    endloop
  endfacet
  facet normal 0.0740468 -0.997255 0
    outer loop
      vertex 63.6472 -22.9964 -7.62939e-07
      vertex 63.794 -22.9855 2.5
      vertex 63.6472 -22.9964 2.5
    endloop
  endfacet
  facet normal 0.0740468 -0.997255 0
    outer loop
      vertex 63.794 -22.9855 2.5
      vertex 63.6472 -22.9964 -7.62939e-07
      vertex 63.794 -22.9855 -7.62939e-07
    endloop
  endfacet
  facet normal -0.0739967 -0.997258 0
    outer loop
      vertex 31.7059 -22.9855 -7.62939e-07
      vertex 31.8528 -22.9964 2.5
      vertex 31.7059 -22.9855 2.5
    endloop
  endfacet
  facet normal -0.0739967 -0.997258 -0
    outer loop
      vertex 31.8528 -22.9964 2.5
      vertex 31.7059 -22.9855 -7.62939e-07
      vertex 31.8528 -22.9964 -7.62939e-07
    endloop
  endfacet
  facet normal 0 -1 0
    outer loop
      vertex 32 -23 -7.62939e-07
      vertex 63.5 -23 2.5
      vertex 32 -23 2.5
    endloop
  endfacet
  facet normal 0 -1 -0
    outer loop
      vertex 63.5 -23 2.5
      vertex 32 -23 -7.62939e-07
      vertex 63.5 -23 -7.62939e-07
    endloop
  endfacet
  facet normal 0.0740468 0.997255 -0
    outer loop
      vertex 63.794 22.9855 -7.62939e-07
      vertex 63.6472 22.9964 2.5
      vertex 63.794 22.9855 2.5
    endloop
  endfacet
  facet normal 0.0740468 0.997255 0
    outer loop
      vertex 63.6472 22.9964 2.5
      vertex 63.794 22.9855 -7.62939e-07
      vertex 63.6472 22.9964 -7.62939e-07
    endloop
  endfacet
  facet normal -0.57583 0.81757 0
    outer loop
      vertex 30.3333 22.4944 -7.62939e-07
      vertex 30.2129 22.4096 2.5
      vertex 30.3333 22.4944 2.5
    endloop
  endfacet
  facet normal -0.57583 0.81757 0
    outer loop
      vertex 30.2129 22.4096 2.5
      vertex 30.3333 22.4944 -7.62939e-07
      vertex 30.2129 22.4096 -7.62939e-07
    endloop
  endfacet
  facet normal -0.0244492 0.999701 0
    outer loop
      vertex 32 23 -7.62939e-07
      vertex 31.8528 22.9964 2.5
      vertex 32 23 2.5
    endloop
  endfacet
  facet normal -0.0244492 0.999701 0
    outer loop
      vertex 31.8528 22.9964 2.5
      vertex 32 23 -7.62939e-07
      vertex 31.8528 22.9964 -7.62939e-07
    endloop
  endfacet
  facet normal -0.999701 -0.0244492 0
    outer loop
      vertex 29.0036 -20.1472 -7.62939e-07
      vertex 29 -20 2.5
      vertex 29 -20 -7.62939e-07
    endloop
  endfacet
  facet normal -0.999701 -0.0244492 0
    outer loop
      vertex 29 -20 2.5
      vertex 29.0036 -20.1472 -7.62939e-07
      vertex 29.0036 -20.1472 2.5
    endloop
  endfacet
  facet normal -0.723879 0.689926 0
    outer loop
      vertex 29.7771 22.0147 -7.62939e-07
      vertex 29.8787 22.1213 2.5
      vertex 29.8787 22.1213 -7.62939e-07
    endloop
  endfacet
  facet normal -0.723879 0.689926 0
    outer loop
      vertex 29.8787 22.1213 2.5
      vertex 29.7771 22.0147 -7.62939e-07
      vertex 29.7771 22.0147 2.5
    endloop
  endfacet
  facet normal 0 0 1
    outer loop
      vertex 52.8632 17.0011 2.5
      vertex 66.5 20 2.5
      vertex 52.8836 17.1667 2.5
    endloop
  endfacet
  facet normal 0 0 1
    outer loop
      vertex 66.5 -20 2.5
      vertex 52.8959 -17.3332 2.5
      vertex 52.9 -17.5 2.5
    endloop
  endfacet
  facet normal 0 0 1
    outer loop
      vertex 52.8347 16.8367 2.5
      vertex 66.5 20 2.5
      vertex 52.8632 17.0011 2.5
    endloop
  endfacet
  facet normal 0 0 1
    outer loop
      vertex 66.5 -20 2.5
      vertex 52.8836 -17.1667 2.5
      vertex 52.8959 -17.3332 2.5
    endloop
  endfacet
  facet normal 0 0 1
    outer loop
      vertex 52.7981 16.6739 2.5
      vertex 66.5 20 2.5
      vertex 52.8347 16.8367 2.5
    endloop
  endfacet
  facet normal 0 0 1
    outer loop
      vertex 66.5 -20 2.5
      vertex 52.8632 -17.0011 2.5
      vertex 52.8836 -17.1667 2.5
    endloop
  endfacet
  facet normal 0 0 1
    outer loop
      vertex 52.7536 16.513 2.5
      vertex 66.5 20 2.5
      vertex 52.7981 16.6739 2.5
    endloop
  endfacet
  facet normal 0 0 1
    outer loop
      vertex 66.5 -20 2.5
      vertex 52.8347 -16.8367 2.5
      vertex 52.8632 -17.0011 2.5
    endloop
  endfacet
  facet normal 0 0 1
    outer loop
      vertex 52.7012 16.3546 2.5
      vertex 66.5 20 2.5
      vertex 52.7536 16.513 2.5
    endloop
  endfacet
  facet normal 0 0 1
    outer loop
      vertex 66.5 -20 2.5
      vertex 52.7981 -16.6739 2.5
      vertex 52.8347 -16.8367 2.5
    endloop
  endfacet
  facet normal 0 0 1
    outer loop
      vertex 52.6412 16.1989 2.5
      vertex 66.5 20 2.5
      vertex 52.7012 16.3546 2.5
    endloop
  endfacet
  facet normal 0 0 1
    outer loop
      vertex 66.5 -20 2.5
      vertex 52.7536 -16.513 2.5
      vertex 52.7981 -16.6739 2.5
    endloop
  endfacet
  facet normal 0 0 1
    outer loop
      vertex 52.5736 16.0463 2.5
      vertex 66.5 20 2.5
      vertex 52.6412 16.1989 2.5
    endloop
  endfacet
  facet normal 0 0 1
    outer loop
      vertex 66.5 -20 2.5
      vertex 52.7012 -16.3546 2.5
      vertex 52.7536 -16.513 2.5
    endloop
  endfacet
  facet normal 0 0 1
    outer loop
      vertex 52.4985 15.8973 2.5
      vertex 66.5 20 2.5
      vertex 52.5736 16.0463 2.5
    endloop
  endfacet
  facet normal 0 0 1
    outer loop
      vertex 66.5 -20 2.5
      vertex 52.6412 -16.1989 2.5
      vertex 52.7012 -16.3546 2.5
    endloop
  endfacet
  facet normal 0 0 1
    outer loop
      vertex 52.4163 15.7521 2.5
      vertex 66.5 20 2.5
      vertex 52.4985 15.8973 2.5
    endloop
  endfacet
  facet normal 0 0 1
    outer loop
      vertex 66.5 -20 2.5
      vertex 52.5736 -16.0463 2.5
      vertex 52.6412 -16.1989 2.5
    endloop
  endfacet
  facet normal 0 0 1
    outer loop
      vertex 52.327 15.6111 2.5
      vertex 66.5 20 2.5
      vertex 52.4163 15.7521 2.5
    endloop
  endfacet
  facet normal 0 0 1
    outer loop
      vertex 66.5 -20 2.5
      vertex 52.4985 -15.8973 2.5
      vertex 52.5736 -16.0463 2.5
    endloop
  endfacet
  facet normal 0 0 1
    outer loop
      vertex 52.2309 15.4746 2.5
      vertex 66.5 20 2.5
      vertex 52.327 15.6111 2.5
    endloop
  endfacet
  facet normal 0 0 1
    outer loop
      vertex 66.5 -20 2.5
      vertex 52.4163 -15.7521 2.5
      vertex 52.4985 -15.8973 2.5
    endloop
  endfacet
  facet normal 0 0 1
    outer loop
      vertex 52.1282 15.3431 2.5
      vertex 66.5 20 2.5
      vertex 52.2309 15.4746 2.5
    endloop
  endfacet
  facet normal 0 0 1
    outer loop
      vertex 66.5 -20 2.5
      vertex 52.327 -15.6111 2.5
      vertex 52.4163 -15.7521 2.5
    endloop
  endfacet
  facet normal 0 0 1
    outer loop
      vertex 52.0192 15.2167 2.5
      vertex 66.5 20 2.5
      vertex 52.1282 15.3431 2.5
    endloop
  endfacet
  facet normal 0 0 1
    outer loop
      vertex 66.5 -20 2.5
      vertex 52.2309 -15.4746 2.5
      vertex 52.327 -15.6111 2.5
    endloop
  endfacet
  facet normal 0 0 1
    outer loop
      vertex 51.9042 15.0958 2.5
      vertex 66.5 20 2.5
      vertex 52.0192 15.2167 2.5
    endloop
  endfacet
  facet normal 0 0 1
    outer loop
      vertex 66.5 -20 2.5
      vertex 52.1282 -15.3431 2.5
      vertex 52.2309 -15.4746 2.5
    endloop
  endfacet
  facet normal 0 0 1
    outer loop
      vertex 51.7833 14.9808 2.5
      vertex 66.5 20 2.5
      vertex 51.9042 15.0958 2.5
    endloop
  endfacet
  facet normal 0 0 1
    outer loop
      vertex 66.5 -20 2.5
      vertex 52.0192 -15.2167 2.5
      vertex 52.1282 -15.3431 2.5
    endloop
  endfacet
  facet normal 0 0 1
    outer loop
      vertex 66.5 20 2.5
      vertex 51.7833 14.9808 2.5
      vertex 66.5 -20 2.5
    endloop
  endfacet
  facet normal 0 0 1
    outer loop
      vertex 66.5 -20 2.5
      vertex 51.9042 -15.0958 2.5
      vertex 52.0192 -15.2167 2.5
    endloop
  endfacet
  facet normal -0 0 1
    outer loop
      vertex 51.7833 -14.9808 2.5
      vertex 66.5 -20 2.5
      vertex 51.7833 14.9808 2.5
    endloop
  endfacet
  facet normal 0 0 1
    outer loop
      vertex 66.5 -20 2.5
      vertex 51.7833 -14.9808 2.5
      vertex 51.9042 -15.0958 2.5
    endloop
  endfacet
  facet normal -0 0 1
    outer loop
      vertex 51.6569 14.8718 2.5
      vertex 51.7833 -14.9808 2.5
      vertex 51.7833 14.9808 2.5
    endloop
  endfacet
  facet normal 0 0 1
    outer loop
      vertex 51.6569 14.8718 2.5
      vertex 51.6569 -14.8718 2.5
      vertex 51.7833 -14.9808 2.5
    endloop
  endfacet
  facet normal -0 0 1
    outer loop
      vertex 51.5254 14.7691 2.5
      vertex 51.6569 -14.8718 2.5
      vertex 51.6569 14.8718 2.5
    endloop
  endfacet
  facet normal 0 0 1
    outer loop
      vertex 51.5254 14.7691 2.5
      vertex 51.5254 -14.7691 2.5
      vertex 51.6569 -14.8718 2.5
    endloop
  endfacet
  facet normal -0 0 1
    outer loop
      vertex 51.3889 14.673 2.5
      vertex 51.5254 -14.7691 2.5
      vertex 51.5254 14.7691 2.5
    endloop
  endfacet
  facet normal 0 0 1
    outer loop
      vertex 51.3889 14.673 2.5
      vertex 51.3889 -14.673 2.5
      vertex 51.5254 -14.7691 2.5
    endloop
  endfacet
  facet normal -0 0 1
    outer loop
      vertex 51.2479 14.5837 2.5
      vertex 51.3889 -14.673 2.5
      vertex 51.3889 14.673 2.5
    endloop
  endfacet
  facet normal 0 0 1
    outer loop
      vertex 51.2479 14.5837 2.5
      vertex 51.2479 -14.5837 2.5
      vertex 51.3889 -14.673 2.5
    endloop
  endfacet
  facet normal -0 0 1
    outer loop
      vertex 51.1027 14.5015 2.5
      vertex 51.2479 -14.5837 2.5
      vertex 51.2479 14.5837 2.5
    endloop
  endfacet
  facet normal 0 0 1
    outer loop
      vertex 51.1027 14.5015 2.5
      vertex 51.1027 -14.5015 2.5
      vertex 51.2479 -14.5837 2.5
    endloop
  endfacet
  facet normal -0 0 1
    outer loop
      vertex 50.9537 14.4264 2.5
      vertex 51.1027 -14.5015 2.5
      vertex 51.1027 14.5015 2.5
    endloop
  endfacet
  facet normal 0 0 1
    outer loop
      vertex 50.9537 14.4264 2.5
      vertex 50.9537 -14.4264 2.5
      vertex 51.1027 -14.5015 2.5
    endloop
  endfacet
  facet normal -0 0 1
    outer loop
      vertex 50.8011 14.3588 2.5
      vertex 50.9537 -14.4264 2.5
      vertex 50.9537 14.4264 2.5
    endloop
  endfacet
  facet normal 0 0 1
    outer loop
      vertex 50.8011 14.3588 2.5
      vertex 50.8011 -14.3588 2.5
      vertex 50.9537 -14.4264 2.5
    endloop
  endfacet
  facet normal -0 0 1
    outer loop
      vertex 50.6454 14.2988 2.5
      vertex 50.8011 -14.3588 2.5
      vertex 50.8011 14.3588 2.5
    endloop
  endfacet
  facet normal 0 0 1
    outer loop
      vertex 50.6454 14.2988 2.5
      vertex 50.6454 -14.2988 2.5
      vertex 50.8011 -14.3588 2.5
    endloop
  endfacet
  facet normal -0 0 1
    outer loop
      vertex 50.487 14.2464 2.5
      vertex 50.6454 -14.2988 2.5
      vertex 50.6454 14.2988 2.5
    endloop
  endfacet
  facet normal 0 0 1
    outer loop
      vertex 50.487 14.2464 2.5
      vertex 50.487 -14.2464 2.5
      vertex 50.6454 -14.2988 2.5
    endloop
  endfacet
  facet normal -0 0 1
    outer loop
      vertex 50.3261 14.2019 2.5
      vertex 50.487 -14.2464 2.5
      vertex 50.487 14.2464 2.5
    endloop
  endfacet
  facet normal 0 0 1
    outer loop
      vertex 50.3261 14.2019 2.5
      vertex 50.3261 -14.2019 2.5
      vertex 50.487 -14.2464 2.5
    endloop
  endfacet
  facet normal -0 0 1
    outer loop
      vertex 50.1633 14.1653 2.5
      vertex 50.3261 -14.2019 2.5
      vertex 50.3261 14.2019 2.5
    endloop
  endfacet
  facet normal 0 0 1
    outer loop
      vertex 50.1633 14.1653 2.5
      vertex 50.1633 -14.1653 2.5
      vertex 50.3261 -14.2019 2.5
    endloop
  endfacet
  facet normal -0 0 1
    outer loop
      vertex 49.9989 14.1368 2.5
      vertex 50.1633 -14.1653 2.5
      vertex 50.1633 14.1653 2.5
    endloop
  endfacet
  facet normal 0 0 1
    outer loop
      vertex 49.9989 14.1368 2.5
      vertex 49.9989 -14.1368 2.5
      vertex 50.1633 -14.1653 2.5
    endloop
  endfacet
  facet normal -0 0 1
    outer loop
      vertex 49.8333 14.1164 2.5
      vertex 49.9989 -14.1368 2.5
      vertex 49.9989 14.1368 2.5
    endloop
  endfacet
  facet normal 0 0 1
    outer loop
      vertex 49.8333 14.1164 2.5
      vertex 49.8333 -14.1164 2.5
      vertex 49.9989 -14.1368 2.5
    endloop
  endfacet
  facet normal -0 0 1
    outer loop
      vertex 49.6668 14.1041 2.5
      vertex 49.8333 -14.1164 2.5
      vertex 49.8333 14.1164 2.5
    endloop
  endfacet
  facet normal 0 0 1
    outer loop
      vertex 49.6668 14.1041 2.5
      vertex 49.6668 -14.1041 2.5
      vertex 49.8333 -14.1164 2.5
    endloop
  endfacet
  facet normal 0 0 1
    outer loop
      vertex 39 8 2.5
      vertex 49.6668 14.1041 2.5
      vertex 49.5 14.1 2.5
    endloop
  endfacet
  facet normal 0 0 1
    outer loop
      vertex 49.6668 14.1041 2.5
      vertex 39 8 2.5
      vertex 49.6668 -14.1041 2.5
    endloop
  endfacet
  facet normal 0 0 1
    outer loop
      vertex 39 8 2.5
      vertex 49.5 14.1 2.5
      vertex 49.3332 14.1041 2.5
    endloop
  endfacet
  facet normal -0 0 1
    outer loop
      vertex 39 -8 2.5
      vertex 49.6668 -14.1041 2.5
      vertex 39 8 2.5
    endloop
  endfacet
  facet normal 0 0 1
    outer loop
      vertex 39 8 2.5
      vertex 49.3332 14.1041 2.5
      vertex 49.1667 14.1164 2.5
    endloop
  endfacet
  facet normal 0 0 1
    outer loop
      vertex 49.6668 -14.1041 2.5
      vertex 39 -8 2.5
      vertex 49.5 -14.1 2.5
    endloop
  endfacet
  facet normal 0 0 1
    outer loop
      vertex 39 8 2.5
      vertex 49.1667 14.1164 2.5
      vertex 49.0011 14.1368 2.5
    endloop
  endfacet
  facet normal 0 0 1
    outer loop
      vertex 49.5 -14.1 2.5
      vertex 39 -8 2.5
      vertex 49.3332 -14.1041 2.5
    endloop
  endfacet
  facet normal 0 0 1
    outer loop
      vertex 39 8 2.5
      vertex 49.0011 14.1368 2.5
      vertex 48.8367 14.1653 2.5
    endloop
  endfacet
  facet normal 0 0 1
    outer loop
      vertex 49.3332 -14.1041 2.5
      vertex 39 -8 2.5
      vertex 49.1667 -14.1164 2.5
    endloop
  endfacet
  facet normal 0 0 1
    outer loop
      vertex 39 8 2.5
      vertex 48.8367 14.1653 2.5
      vertex 48.6739 14.2019 2.5
    endloop
  endfacet
  facet normal 0 0 1
    outer loop
      vertex 49.1667 -14.1164 2.5
      vertex 39 -8 2.5
      vertex 49.0011 -14.1368 2.5
    endloop
  endfacet
  facet normal 0 0 1
    outer loop
      vertex 39 8 2.5
      vertex 48.6739 14.2019 2.5
      vertex 48.513 14.2464 2.5
    endloop
  endfacet
  facet normal 0 0 1
    outer loop
      vertex 49.0011 -14.1368 2.5
      vertex 39 -8 2.5
      vertex 48.8367 -14.1653 2.5
    endloop
  endfacet
  facet normal 0 0 1
    outer loop
      vertex 39 8 2.5
      vertex 48.513 14.2464 2.5
      vertex 48.3546 14.2988 2.5
    endloop
  endfacet
  facet normal 0 0 1
    outer loop
      vertex 48.8367 -14.1653 2.5
      vertex 39 -8 2.5
      vertex 48.6739 -14.2019 2.5
    endloop
  endfacet
  facet normal 0 0 1
    outer loop
      vertex 39 8 2.5
      vertex 48.3546 14.2988 2.5
      vertex 48.1989 14.3588 2.5
    endloop
  endfacet
  facet normal 0 0 1
    outer loop
      vertex 48.6739 -14.2019 2.5
      vertex 39 -8 2.5
      vertex 48.513 -14.2464 2.5
    endloop
  endfacet
  facet normal 0 0 1
    outer loop
      vertex 39 8 2.5
      vertex 48.1989 14.3588 2.5
      vertex 48.0463 14.4264 2.5
    endloop
  endfacet
  facet normal 0 0 1
    outer loop
      vertex 48.513 -14.2464 2.5
      vertex 39 -8 2.5
      vertex 48.3546 -14.2988 2.5
    endloop
  endfacet
  facet normal 0 0 1
    outer loop
      vertex 39 8 2.5
      vertex 48.0463 14.4264 2.5
      vertex 47.8973 14.5015 2.5
    endloop
  endfacet
  facet normal 0 0 1
    outer loop
      vertex 48.3546 -14.2988 2.5
      vertex 39 -8 2.5
      vertex 48.1989 -14.3588 2.5
    endloop
  endfacet
  facet normal 0 0 1
    outer loop
      vertex 39 8 2.5
      vertex 47.8973 14.5015 2.5
      vertex 47.7521 14.5837 2.5
    endloop
  endfacet
  facet normal 0 0 1
    outer loop
      vertex 48.1989 -14.3588 2.5
      vertex 39 -8 2.5
      vertex 48.0463 -14.4264 2.5
    endloop
  endfacet
  facet normal 0 0 1
    outer loop
      vertex 39 8 2.5
      vertex 47.7521 14.5837 2.5
      vertex 47.6111 14.673 2.5
    endloop
  endfacet
  facet normal 0 0 1
    outer loop
      vertex 48.0463 -14.4264 2.5
      vertex 39 -8 2.5
      vertex 47.8973 -14.5015 2.5
    endloop
  endfacet
  facet normal 0 0 1
    outer loop
      vertex 39 8 2.5
      vertex 47.6111 14.673 2.5
      vertex 47.4746 14.7691 2.5
    endloop
  endfacet
  facet normal 0 0 1
    outer loop
      vertex 47.8973 -14.5015 2.5
      vertex 39 -8 2.5
      vertex 47.7521 -14.5837 2.5
    endloop
  endfacet
  facet normal 0 0 1
    outer loop
      vertex 39 8 2.5
      vertex 47.4746 14.7691 2.5
      vertex 47.3431 14.8718 2.5
    endloop
  endfacet
  facet normal 0 0 1
    outer loop
      vertex 47.7521 -14.5837 2.5
      vertex 39 -8 2.5
      vertex 47.6111 -14.673 2.5
    endloop
  endfacet
  facet normal 0 0 1
    outer loop
      vertex 39 8 2.5
      vertex 47.3431 14.8718 2.5
      vertex 47.2167 14.9808 2.5
    endloop
  endfacet
  facet normal 0 0 1
    outer loop
      vertex 47.6111 -14.673 2.5
      vertex 39 -8 2.5
      vertex 47.4746 -14.7691 2.5
    endloop
  endfacet
  facet normal 0 0 1
    outer loop
      vertex 39 8 2.5
      vertex 47.2167 14.9808 2.5
      vertex 47.0958 15.0958 2.5
    endloop
  endfacet
  facet normal 0 0 1
    outer loop
      vertex 47.4746 -14.7691 2.5
      vertex 39 -8 2.5
      vertex 47.3431 -14.8718 2.5
    endloop
  endfacet
  facet normal 0 0 1
    outer loop
      vertex 39 8 2.5
      vertex 47.0958 15.0958 2.5
      vertex 46.9808 15.2167 2.5
    endloop
  endfacet
  facet normal 0 0 1
    outer loop
      vertex 47.3431 -14.8718 2.5
      vertex 39 -8 2.5
      vertex 47.2167 -14.9808 2.5
    endloop
  endfacet
  facet normal 0 0 1
    outer loop
      vertex 39 8 2.5
      vertex 46.9808 15.2167 2.5
      vertex 46.8718 15.3431 2.5
    endloop
  endfacet
  facet normal 0 0 1
    outer loop
      vertex 47.2167 -14.9808 2.5
      vertex 39 -8 2.5
      vertex 47.0958 -15.0958 2.5
    endloop
  endfacet
  facet normal 0 0 1
    outer loop
      vertex 39 8 2.5
      vertex 46.8718 15.3431 2.5
      vertex 46.7691 15.4746 2.5
    endloop
  endfacet
  facet normal 0 0 1
    outer loop
      vertex 47.0958 -15.0958 2.5
      vertex 39 -8 2.5
      vertex 46.9808 -15.2167 2.5
    endloop
  endfacet
  facet normal 0 0 1
    outer loop
      vertex 39 8 2.5
      vertex 46.7691 15.4746 2.5
      vertex 46.673 15.6111 2.5
    endloop
  endfacet
  facet normal 0 0 1
    outer loop
      vertex 46.9808 -15.2167 2.5
      vertex 39 -8 2.5
      vertex 46.8718 -15.3431 2.5
    endloop
  endfacet
  facet normal 0 0 1
    outer loop
      vertex 39 8 2.5
      vertex 46.673 15.6111 2.5
      vertex 46.5837 15.7521 2.5
    endloop
  endfacet
  facet normal 0 0 1
    outer loop
      vertex 46.8718 -15.3431 2.5
      vertex 39 -8 2.5
      vertex 46.7691 -15.4746 2.5
    endloop
  endfacet
  facet normal 0 0 1
    outer loop
      vertex 39 8 2.5
      vertex 46.5837 15.7521 2.5
      vertex 46.5015 15.8973 2.5
    endloop
  endfacet
  facet normal 0 0 1
    outer loop
      vertex 46.7691 -15.4746 2.5
      vertex 39 -8 2.5
      vertex 46.673 -15.6111 2.5
    endloop
  endfacet
  facet normal 0 0 1
    outer loop
      vertex 39 8 2.5
      vertex 46.5015 15.8973 2.5
      vertex 46.4264 16.0463 2.5
    endloop
  endfacet
  facet normal 0 0 1
    outer loop
      vertex 46.673 -15.6111 2.5
      vertex 39 -8 2.5
      vertex 46.5837 -15.7521 2.5
    endloop
  endfacet
  facet normal 0 0 1
    outer loop
      vertex 39 8 2.5
      vertex 46.4264 16.0463 2.5
      vertex 46.3588 16.1989 2.5
    endloop
  endfacet
  facet normal 0 0 1
    outer loop
      vertex 46.5837 -15.7521 2.5
      vertex 39 -8 2.5
      vertex 46.5015 -15.8973 2.5
    endloop
  endfacet
  facet normal 0 0 1
    outer loop
      vertex 39 8 2.5
      vertex 46.3588 16.1989 2.5
      vertex 46.2988 16.3546 2.5
    endloop
  endfacet
  facet normal 0 0 1
    outer loop
      vertex 46.5015 -15.8973 2.5
      vertex 39 -8 2.5
      vertex 46.4264 -16.0463 2.5
    endloop
  endfacet
  facet normal 0 0 1
    outer loop
      vertex 39 8 2.5
      vertex 46.2988 16.3546 2.5
      vertex 46.2464 16.513 2.5
    endloop
  endfacet
  facet normal 0 0 1
    outer loop
      vertex 46.4264 -16.0463 2.5
      vertex 39 -8 2.5
      vertex 46.3588 -16.1989 2.5
    endloop
  endfacet
  facet normal 0 0 1
    outer loop
      vertex 39 8 2.5
      vertex 46.2464 16.513 2.5
      vertex 46.2019 16.6739 2.5
    endloop
  endfacet
  facet normal 0 0 1
    outer loop
      vertex 46.3588 -16.1989 2.5
      vertex 39 -8 2.5
      vertex 46.2988 -16.3546 2.5
    endloop
  endfacet
  facet normal 0 0 1
    outer loop
      vertex 39 8 2.5
      vertex 46.2019 16.6739 2.5
      vertex 46.1653 16.8367 2.5
    endloop
  endfacet
  facet normal 0 0 1
    outer loop
      vertex 46.2988 -16.3546 2.5
      vertex 39 -8 2.5
      vertex 46.2464 -16.513 2.5
    endloop
  endfacet
  facet normal 0 0 1
    outer loop
      vertex 39 8 2.5
      vertex 46.1653 16.8367 2.5
      vertex 46.1368 17.0011 2.5
    endloop
  endfacet
  facet normal 0 0 1
    outer loop
      vertex 46.2464 -16.513 2.5
      vertex 39 -8 2.5
      vertex 46.2019 -16.6739 2.5
    endloop
  endfacet
  facet normal 0 0 1
    outer loop
      vertex 39 8 2.5
      vertex 46.1368 17.0011 2.5
      vertex 46.1164 17.1667 2.5
    endloop
  endfacet
  facet normal 0 0 1
    outer loop
      vertex 46.2019 -16.6739 2.5
      vertex 39 -8 2.5
      vertex 46.1653 -16.8367 2.5
    endloop
  endfacet
  facet normal 0 0 1
    outer loop
      vertex 32 23 2.5
      vertex 46.1164 17.1667 2.5
      vertex 46.1041 17.3332 2.5
    endloop
  endfacet
  facet normal 0 0 1
    outer loop
      vertex 46.1653 -16.8367 2.5
      vertex 39 -8 2.5
      vertex 46.1368 -17.0011 2.5
    endloop
  endfacet
  facet normal 0 0 1
    outer loop
      vertex 32 23 2.5
      vertex 46.1041 17.3332 2.5
      vertex 46.1 17.5 2.5
    endloop
  endfacet
  facet normal 0 0 1
    outer loop
      vertex 46.1368 -17.0011 2.5
      vertex 39 -8 2.5
      vertex 46.1164 -17.1667 2.5
    endloop
  endfacet
  facet normal 0 0 1
    outer loop
      vertex 63.5 23 2.5
      vertex 66.5 20 2.5
      vertex 66.4964 20.1472 2.5
    endloop
  endfacet
  facet normal 0 0 1
    outer loop
      vertex 52.8836 17.1667 2.5
      vertex 63.5 23 2.5
      vertex 52.8959 17.3332 2.5
    endloop
  endfacet
  facet normal 0 0 1
    outer loop
      vertex 63.5 23 2.5
      vertex 66.4964 20.1472 2.5
      vertex 66.4855 20.294 2.5
    endloop
  endfacet
  facet normal 0 0 1
    outer loop
      vertex 63.5 23 2.5
      vertex 52.8836 17.1667 2.5
      vertex 66.5 20 2.5
    endloop
  endfacet
  facet normal 0 0 1
    outer loop
      vertex 63.5 23 2.5
      vertex 66.4855 20.294 2.5
      vertex 66.4675 20.4402 2.5
    endloop
  endfacet
  facet normal 0 -0 1
    outer loop
      vertex 63.5 -23 2.5
      vertex 66.5 -20 2.5
      vertex 52.9 -17.5 2.5
    endloop
  endfacet
  facet normal 0 0 1
    outer loop
      vertex 63.5 23 2.5
      vertex 66.4675 20.4402 2.5
      vertex 66.4424 20.5853 2.5
    endloop
  endfacet
  facet normal 0 0 1
    outer loop
      vertex 66.5 -20 2.5
      vertex 63.5 -23 2.5
      vertex 66.4964 -20.1472 2.5
    endloop
  endfacet
  facet normal 0 0 1
    outer loop
      vertex 63.5 23 2.5
      vertex 66.4424 20.5853 2.5
      vertex 66.4101 20.7289 2.5
    endloop
  endfacet
  facet normal 0 0 1
    outer loop
      vertex 66.4964 -20.1472 2.5
      vertex 63.5 -23 2.5
      vertex 66.4855 -20.294 2.5
    endloop
  endfacet
  facet normal 0 0 1
    outer loop
      vertex 63.5 23 2.5
      vertex 66.4101 20.7289 2.5
      vertex 66.3708 20.8708 2.5
    endloop
  endfacet
  facet normal 0 0 1
    outer loop
      vertex 66.4855 -20.294 2.5
      vertex 63.5 -23 2.5
      vertex 66.4675 -20.4402 2.5
    endloop
  endfacet
  facet normal 0 0 1
    outer loop
      vertex 63.5 23 2.5
      vertex 66.3708 20.8708 2.5
      vertex 66.3246 21.0107 2.5
    endloop
  endfacet
  facet normal 0 0 1
    outer loop
      vertex 66.4675 -20.4402 2.5
      vertex 63.5 -23 2.5
      vertex 66.4424 -20.5853 2.5
    endloop
  endfacet
  facet normal 0 0 1
    outer loop
      vertex 63.5 23 2.5
      vertex 66.3246 21.0107 2.5
      vertex 66.2716 21.148 2.5
    endloop
  endfacet
  facet normal 0 0 1
    outer loop
      vertex 66.4424 -20.5853 2.5
      vertex 63.5 -23 2.5
      vertex 66.4101 -20.7289 2.5
    endloop
  endfacet
  facet normal 0 0 1
    outer loop
      vertex 63.5 23 2.5
      vertex 66.2716 21.148 2.5
      vertex 66.212 21.2827 2.5
    endloop
  endfacet
  facet normal 0 0 1
    outer loop
      vertex 66.4101 -20.7289 2.5
      vertex 63.5 -23 2.5
      vertex 66.3708 -20.8708 2.5
    endloop
  endfacet
  facet normal 0 0 1
    outer loop
      vertex 63.5 23 2.5
      vertex 66.212 21.2827 2.5
      vertex 66.1458 21.4142 2.5
    endloop
  endfacet
  facet normal 0 0 1
    outer loop
      vertex 66.3708 -20.8708 2.5
      vertex 63.5 -23 2.5
      vertex 66.3246 -21.0107 2.5
    endloop
  endfacet
  facet normal 0 0 1
    outer loop
      vertex 63.5 23 2.5
      vertex 66.1458 21.4142 2.5
      vertex 66.0732 21.5423 2.5
    endloop
  endfacet
  facet normal 0 0 1
    outer loop
      vertex 66.3246 -21.0107 2.5
      vertex 63.5 -23 2.5
      vertex 66.2716 -21.148 2.5
    endloop
  endfacet
  facet normal 0 0 1
    outer loop
      vertex 63.5 23 2.5
      vertex 66.0732 21.5423 2.5
      vertex 65.9944 21.6667 2.5
    endloop
  endfacet
  facet normal 0 0 1
    outer loop
      vertex 66.2716 -21.148 2.5
      vertex 63.5 -23 2.5
      vertex 66.212 -21.2827 2.5
    endloop
  endfacet
  facet normal 0 0 1
    outer loop
      vertex 63.5 23 2.5
      vertex 65.9944 21.6667 2.5
      vertex 65.9096 21.7871 2.5
    endloop
  endfacet
  facet normal 0 0 1
    outer loop
      vertex 66.212 -21.2827 2.5
      vertex 63.5 -23 2.5
      vertex 66.1458 -21.4142 2.5
    endloop
  endfacet
  facet normal 0 0 1
    outer loop
      vertex 63.5 23 2.5
      vertex 65.9096 21.7871 2.5
      vertex 65.819 21.9032 2.5
    endloop
  endfacet
  facet normal 0 0 1
    outer loop
      vertex 66.1458 -21.4142 2.5
      vertex 63.5 -23 2.5
      vertex 66.0732 -21.5423 2.5
    endloop
  endfacet
  facet normal 0 0 1
    outer loop
      vertex 63.5 23 2.5
      vertex 65.819 21.9032 2.5
      vertex 65.7228 22.0147 2.5
    endloop
  endfacet
  facet normal 0 0 1
    outer loop
      vertex 66.0732 -21.5423 2.5
      vertex 63.5 -23 2.5
      vertex 65.9944 -21.6667 2.5
    endloop
  endfacet
  facet normal 0 0 1
    outer loop
      vertex 63.5 23 2.5
      vertex 65.7228 22.0147 2.5
      vertex 65.6213 22.1213 2.5
    endloop
  endfacet
  facet normal 0 0 1
    outer loop
      vertex 65.9944 -21.6667 2.5
      vertex 63.5 -23 2.5
      vertex 65.9096 -21.7871 2.5
    endloop
  endfacet
  facet normal 0 0 1
    outer loop
      vertex 63.5 23 2.5
      vertex 65.6213 22.1213 2.5
      vertex 65.5147 22.2228 2.5
    endloop
  endfacet
  facet normal 0 0 1
    outer loop
      vertex 65.9096 -21.7871 2.5
      vertex 63.5 -23 2.5
      vertex 65.819 -21.9032 2.5
    endloop
  endfacet
  facet normal 0 0 1
    outer loop
      vertex 63.5 23 2.5
      vertex 65.5147 22.2228 2.5
      vertex 65.4032 22.319 2.5
    endloop
  endfacet
  facet normal 0 0 1
    outer loop
      vertex 65.819 -21.9032 2.5
      vertex 63.5 -23 2.5
      vertex 65.7228 -22.0147 2.5
    endloop
  endfacet
  facet normal 0 0 1
    outer loop
      vertex 63.5 23 2.5
      vertex 65.4032 22.319 2.5
      vertex 65.2871 22.4096 2.5
    endloop
  endfacet
  facet normal 0 0 1
    outer loop
      vertex 65.7228 -22.0147 2.5
      vertex 63.5 -23 2.5
      vertex 65.6213 -22.1213 2.5
    endloop
  endfacet
  facet normal 0 0 1
    outer loop
      vertex 63.5 23 2.5
      vertex 65.2871 22.4096 2.5
      vertex 65.1667 22.4944 2.5
    endloop
  endfacet
  facet normal 0 0 1
    outer loop
      vertex 65.6213 -22.1213 2.5
      vertex 63.5 -23 2.5
      vertex 65.5147 -22.2228 2.5
    endloop
  endfacet
  facet normal 0 0 1
    outer loop
      vertex 63.5 23 2.5
      vertex 65.1667 22.4944 2.5
      vertex 65.0423 22.5732 2.5
    endloop
  endfacet
  facet normal 0 0 1
    outer loop
      vertex 65.5147 -22.2228 2.5
      vertex 63.5 -23 2.5
      vertex 65.4032 -22.319 2.5
    endloop
  endfacet
  facet normal 0 0 1
    outer loop
      vertex 63.5 23 2.5
      vertex 65.0423 22.5732 2.5
      vertex 64.9142 22.6458 2.5
    endloop
  endfacet
  facet normal 0 0 1
    outer loop
      vertex 65.4032 -22.319 2.5
      vertex 63.5 -23 2.5
      vertex 65.2871 -22.4096 2.5
    endloop
  endfacet
  facet normal 0 0 1
    outer loop
      vertex 63.5 23 2.5
      vertex 64.9142 22.6458 2.5
      vertex 64.7827 22.712 2.5
    endloop
  endfacet
  facet normal 0 0 1
    outer loop
      vertex 65.2871 -22.4096 2.5
      vertex 63.5 -23 2.5
      vertex 65.1667 -22.4944 2.5
    endloop
  endfacet
  facet normal 0 0 1
    outer loop
      vertex 63.5 23 2.5
      vertex 64.7827 22.712 2.5
      vertex 64.648 22.7716 2.5
    endloop
  endfacet
  facet normal 0 0 1
    outer loop
      vertex 65.1667 -22.4944 2.5
      vertex 63.5 -23 2.5
      vertex 65.0423 -22.5732 2.5
    endloop
  endfacet
  facet normal 0 0 1
    outer loop
      vertex 63.5 23 2.5
      vertex 64.648 22.7716 2.5
      vertex 64.5107 22.8246 2.5
    endloop
  endfacet
  facet normal 0 0 1
    outer loop
      vertex 65.0423 -22.5732 2.5
      vertex 63.5 -23 2.5
      vertex 64.9142 -22.6458 2.5
    endloop
  endfacet
  facet normal 0 0 1
    outer loop
      vertex 63.5 23 2.5
      vertex 64.5107 22.8246 2.5
      vertex 64.3708 22.8708 2.5
    endloop
  endfacet
  facet normal 0 0 1
    outer loop
      vertex 64.9142 -22.6458 2.5
      vertex 63.5 -23 2.5
      vertex 64.7827 -22.712 2.5
    endloop
  endfacet
  facet normal 0 0 1
    outer loop
      vertex 63.5 23 2.5
      vertex 64.3708 22.8708 2.5
      vertex 64.2289 22.9101 2.5
    endloop
  endfacet
  facet normal 0 0 1
    outer loop
      vertex 64.7827 -22.712 2.5
      vertex 63.5 -23 2.5
      vertex 64.648 -22.7716 2.5
    endloop
  endfacet
  facet normal 0 0 1
    outer loop
      vertex 63.5 23 2.5
      vertex 64.2289 22.9101 2.5
      vertex 64.0853 22.9424 2.5
    endloop
  endfacet
  facet normal 0 0 1
    outer loop
      vertex 64.648 -22.7716 2.5
      vertex 63.5 -23 2.5
      vertex 64.5107 -22.8246 2.5
    endloop
  endfacet
  facet normal 0 0 1
    outer loop
      vertex 63.5 23 2.5
      vertex 64.0853 22.9424 2.5
      vertex 63.9402 22.9675 2.5
    endloop
  endfacet
  facet normal 0 0 1
    outer loop
      vertex 64.5107 -22.8246 2.5
      vertex 63.5 -23 2.5
      vertex 64.3708 -22.8708 2.5
    endloop
  endfacet
  facet normal 0 0 1
    outer loop
      vertex 63.5 23 2.5
      vertex 63.9402 22.9675 2.5
      vertex 63.794 22.9855 2.5
    endloop
  endfacet
  facet normal 0 0 1
    outer loop
      vertex 64.3708 -22.8708 2.5
      vertex 63.5 -23 2.5
      vertex 64.2289 -22.9101 2.5
    endloop
  endfacet
  facet normal 0 0 1
    outer loop
      vertex 63.5 23 2.5
      vertex 63.794 22.9855 2.5
      vertex 63.6472 22.9964 2.5
    endloop
  endfacet
  facet normal 0 0 1
    outer loop
      vertex 64.2289 -22.9101 2.5
      vertex 63.5 -23 2.5
      vertex 64.0853 -22.9424 2.5
    endloop
  endfacet
  facet normal 0 0 1
    outer loop
      vertex 52.8959 17.3332 2.5
      vertex 63.5 23 2.5
      vertex 52.9 17.5 2.5
    endloop
  endfacet
  facet normal 0 0 1
    outer loop
      vertex 64.0853 -22.9424 2.5
      vertex 63.5 -23 2.5
      vertex 63.9402 -22.9675 2.5
    endloop
  endfacet
  facet normal 0 0 1
    outer loop
      vertex 63.9402 -22.9675 2.5
      vertex 63.5 -23 2.5
      vertex 63.794 -22.9855 2.5
    endloop
  endfacet
  facet normal 0 0 1
    outer loop
      vertex 63.5 23 2.5
      vertex 52.8959 17.6668 2.5
      vertex 52.9 17.5 2.5
    endloop
  endfacet
  facet normal 0 0 1
    outer loop
      vertex 63.5 23 2.5
      vertex 52.8836 17.8333 2.5
      vertex 52.8959 17.6668 2.5
    endloop
  endfacet
  facet normal 0 0 1
    outer loop
      vertex 63.5 23 2.5
      vertex 52.8632 17.9989 2.5
      vertex 52.8836 17.8333 2.5
    endloop
  endfacet
  facet normal 0 0 1
    outer loop
      vertex 63.5 23 2.5
      vertex 52.8347 18.1633 2.5
      vertex 52.8632 17.9989 2.5
    endloop
  endfacet
  facet normal 0 0 1
    outer loop
      vertex 63.5 23 2.5
      vertex 52.7981 18.3261 2.5
      vertex 52.8347 18.1633 2.5
    endloop
  endfacet
  facet normal 0 0 1
    outer loop
      vertex 63.5 23 2.5
      vertex 52.7536 18.487 2.5
      vertex 52.7981 18.3261 2.5
    endloop
  endfacet
  facet normal 0 0 1
    outer loop
      vertex 63.5 23 2.5
      vertex 52.7012 18.6454 2.5
      vertex 52.7536 18.487 2.5
    endloop
  endfacet
  facet normal 0 0 1
    outer loop
      vertex 63.5 23 2.5
      vertex 52.6412 18.8011 2.5
      vertex 52.7012 18.6454 2.5
    endloop
  endfacet
  facet normal 0 0 1
    outer loop
      vertex 63.5 23 2.5
      vertex 52.5736 18.9537 2.5
      vertex 52.6412 18.8011 2.5
    endloop
  endfacet
  facet normal 0 0 1
    outer loop
      vertex 63.5 23 2.5
      vertex 52.4985 19.1027 2.5
      vertex 52.5736 18.9537 2.5
    endloop
  endfacet
  facet normal 0 0 1
    outer loop
      vertex 63.5 23 2.5
      vertex 52.4163 19.2479 2.5
      vertex 52.4985 19.1027 2.5
    endloop
  endfacet
  facet normal 0 0 1
    outer loop
      vertex 63.5 23 2.5
      vertex 52.327 19.3889 2.5
      vertex 52.4163 19.2479 2.5
    endloop
  endfacet
  facet normal 0 0 1
    outer loop
      vertex 63.5 23 2.5
      vertex 52.2309 19.5254 2.5
      vertex 52.327 19.3889 2.5
    endloop
  endfacet
  facet normal 0 0 1
    outer loop
      vertex 63.5 23 2.5
      vertex 52.1282 19.6569 2.5
      vertex 52.2309 19.5254 2.5
    endloop
  endfacet
  facet normal 0 0 1
    outer loop
      vertex 63.5 23 2.5
      vertex 52.0192 19.7833 2.5
      vertex 52.1282 19.6569 2.5
    endloop
  endfacet
  facet normal 0 0 1
    outer loop
      vertex 63.5 23 2.5
      vertex 51.9042 19.9042 2.5
      vertex 52.0192 19.7833 2.5
    endloop
  endfacet
  facet normal 0 0 1
    outer loop
      vertex 63.5 23 2.5
      vertex 51.7833 20.0192 2.5
      vertex 51.9042 19.9042 2.5
    endloop
  endfacet
  facet normal 0 0 1
    outer loop
      vertex 63.5 23 2.5
      vertex 51.6569 20.1282 2.5
      vertex 51.7833 20.0192 2.5
    endloop
  endfacet
  facet normal 0 0 1
    outer loop
      vertex 63.5 23 2.5
      vertex 51.5254 20.2309 2.5
      vertex 51.6569 20.1282 2.5
    endloop
  endfacet
  facet normal 0 0 1
    outer loop
      vertex 63.5 23 2.5
      vertex 51.3889 20.327 2.5
      vertex 51.5254 20.2309 2.5
    endloop
  endfacet
  facet normal 0 0 1
    outer loop
      vertex 63.5 23 2.5
      vertex 51.2479 20.4163 2.5
      vertex 51.3889 20.327 2.5
    endloop
  endfacet
  facet normal 0 0 1
    outer loop
      vertex 63.5 23 2.5
      vertex 51.1027 20.4985 2.5
      vertex 51.2479 20.4163 2.5
    endloop
  endfacet
  facet normal 0 0 1
    outer loop
      vertex 63.5 23 2.5
      vertex 50.9537 20.5736 2.5
      vertex 51.1027 20.4985 2.5
    endloop
  endfacet
  facet normal 0 0 1
    outer loop
      vertex 63.5 23 2.5
      vertex 50.8011 20.6412 2.5
      vertex 50.9537 20.5736 2.5
    endloop
  endfacet
  facet normal 0 0 1
    outer loop
      vertex 63.5 23 2.5
      vertex 50.6454 20.7012 2.5
      vertex 50.8011 20.6412 2.5
    endloop
  endfacet
  facet normal 0 0 1
    outer loop
      vertex 63.5 23 2.5
      vertex 50.487 20.7536 2.5
      vertex 50.6454 20.7012 2.5
    endloop
  endfacet
  facet normal 0 0 1
    outer loop
      vertex 63.5 23 2.5
      vertex 50.3261 20.7981 2.5
      vertex 50.487 20.7536 2.5
    endloop
  endfacet
  facet normal 0 0 1
    outer loop
      vertex 63.5 23 2.5
      vertex 50.1633 20.8347 2.5
      vertex 50.3261 20.7981 2.5
    endloop
  endfacet
  facet normal 0 0 1
    outer loop
      vertex 63.5 23 2.5
      vertex 49.9989 20.8632 2.5
      vertex 50.1633 20.8347 2.5
    endloop
  endfacet
  facet normal 0 0 1
    outer loop
      vertex 63.5 23 2.5
      vertex 49.8333 20.8836 2.5
      vertex 49.9989 20.8632 2.5
    endloop
  endfacet
  facet normal 0 0 1
    outer loop
      vertex 63.5 23 2.5
      vertex 49.6668 20.8959 2.5
      vertex 49.8333 20.8836 2.5
    endloop
  endfacet
  facet normal 0 0 1
    outer loop
      vertex 63.5 23 2.5
      vertex 49.5 20.9 2.5
      vertex 49.6668 20.8959 2.5
    endloop
  endfacet
  facet normal 0 0 1
    outer loop
      vertex 63.5 23 2.5
      vertex 49.3332 20.8959 2.5
      vertex 49.5 20.9 2.5
    endloop
  endfacet
  facet normal -0 0 1
    outer loop
      vertex 32 23 2.5
      vertex 49.3332 20.8959 2.5
      vertex 63.5 23 2.5
    endloop
  endfacet
  facet normal 0 0 1
    outer loop
      vertex 49.3332 20.8959 2.5
      vertex 32 23 2.5
      vertex 49.1667 20.8836 2.5
    endloop
  endfacet
  facet normal 0 0 1
    outer loop
      vertex 32 -23 2.5
      vertex 46.1164 -17.1667 2.5
      vertex 39 -8 2.5
    endloop
  endfacet
  facet normal 0 0 1
    outer loop
      vertex 32 23 2.5
      vertex 46.1 17.5 2.5
      vertex 46.1041 17.6668 2.5
    endloop
  endfacet
  facet normal 0 0 1
    outer loop
      vertex 32 23 2.5
      vertex 46.1041 17.6668 2.5
      vertex 46.1164 17.8333 2.5
    endloop
  endfacet
  facet normal 0 0 1
    outer loop
      vertex 32 23 2.5
      vertex 46.1164 17.8333 2.5
      vertex 46.1368 17.9989 2.5
    endloop
  endfacet
  facet normal 0 0 1
    outer loop
      vertex 32 23 2.5
      vertex 46.1368 17.9989 2.5
      vertex 46.1653 18.1633 2.5
    endloop
  endfacet
  facet normal 0 0 1
    outer loop
      vertex 32 23 2.5
      vertex 46.1653 18.1633 2.5
      vertex 46.2019 18.3261 2.5
    endloop
  endfacet
  facet normal 0 0 1
    outer loop
      vertex 32 23 2.5
      vertex 46.2019 18.3261 2.5
      vertex 46.2464 18.487 2.5
    endloop
  endfacet
  facet normal 0 0 1
    outer loop
      vertex 32 23 2.5
      vertex 46.2464 18.487 2.5
      vertex 46.2988 18.6454 2.5
    endloop
  endfacet
  facet normal 0 0 1
    outer loop
      vertex 32 23 2.5
      vertex 46.2988 18.6454 2.5
      vertex 46.3588 18.8011 2.5
    endloop
  endfacet
  facet normal 0 0 1
    outer loop
      vertex 32 23 2.5
      vertex 46.3588 18.8011 2.5
      vertex 46.4264 18.9537 2.5
    endloop
  endfacet
  facet normal 0 0 1
    outer loop
      vertex 32 23 2.5
      vertex 46.4264 18.9537 2.5
      vertex 46.5015 19.1027 2.5
    endloop
  endfacet
  facet normal 0 0 1
    outer loop
      vertex 32 23 2.5
      vertex 46.5015 19.1027 2.5
      vertex 46.5837 19.2479 2.5
    endloop
  endfacet
  facet normal 0 0 1
    outer loop
      vertex 32 23 2.5
      vertex 46.5837 19.2479 2.5
      vertex 46.673 19.3889 2.5
    endloop
  endfacet
  facet normal 0 0 1
    outer loop
      vertex 49.1667 20.8836 2.5
      vertex 32 23 2.5
      vertex 49.0011 20.8632 2.5
    endloop
  endfacet
  facet normal 0 0 1
    outer loop
      vertex 32 23 2.5
      vertex 48.8367 20.8347 2.5
      vertex 49.0011 20.8632 2.5
    endloop
  endfacet
  facet normal 0 0 1
    outer loop
      vertex 32 23 2.5
      vertex 48.6739 20.7981 2.5
      vertex 48.8367 20.8347 2.5
    endloop
  endfacet
  facet normal 0 0 1
    outer loop
      vertex 32 23 2.5
      vertex 48.513 20.7536 2.5
      vertex 48.6739 20.7981 2.5
    endloop
  endfacet
  facet normal 0 0 1
    outer loop
      vertex 32 23 2.5
      vertex 48.3546 20.7012 2.5
      vertex 48.513 20.7536 2.5
    endloop
  endfacet
  facet normal 0 0 1
    outer loop
      vertex 32 23 2.5
      vertex 48.1989 20.6412 2.5
      vertex 48.3546 20.7012 2.5
    endloop
  endfacet
  facet normal 0 0 1
    outer loop
      vertex 32 23 2.5
      vertex 48.0463 20.5736 2.5
      vertex 48.1989 20.6412 2.5
    endloop
  endfacet
  facet normal 0 0 1
    outer loop
      vertex 32 23 2.5
      vertex 47.8973 20.4985 2.5
      vertex 48.0463 20.5736 2.5
    endloop
  endfacet
  facet normal 0 0 1
    outer loop
      vertex 32 23 2.5
      vertex 47.7521 20.4163 2.5
      vertex 47.8973 20.4985 2.5
    endloop
  endfacet
  facet normal 0 0 1
    outer loop
      vertex 32 23 2.5
      vertex 47.6111 20.327 2.5
      vertex 47.7521 20.4163 2.5
    endloop
  endfacet
  facet normal 0 0 1
    outer loop
      vertex 32 23 2.5
      vertex 47.4746 20.2309 2.5
      vertex 47.6111 20.327 2.5
    endloop
  endfacet
  facet normal 0 0 1
    outer loop
      vertex 32 23 2.5
      vertex 47.3431 20.1282 2.5
      vertex 47.4746 20.2309 2.5
    endloop
  endfacet
  facet normal 0 0 1
    outer loop
      vertex 32 23 2.5
      vertex 47.2167 20.0192 2.5
      vertex 47.3431 20.1282 2.5
    endloop
  endfacet
  facet normal 0 0 1
    outer loop
      vertex 32 23 2.5
      vertex 47.0958 19.9042 2.5
      vertex 47.2167 20.0192 2.5
    endloop
  endfacet
  facet normal 0 0 1
    outer loop
      vertex 32 23 2.5
      vertex 46.9808 19.7833 2.5
      vertex 47.0958 19.9042 2.5
    endloop
  endfacet
  facet normal 0 0 1
    outer loop
      vertex 32 23 2.5
      vertex 46.8718 19.6569 2.5
      vertex 46.9808 19.7833 2.5
    endloop
  endfacet
  facet normal 0 0 1
    outer loop
      vertex 32 23 2.5
      vertex 46.7691 19.5254 2.5
      vertex 46.8718 19.6569 2.5
    endloop
  endfacet
  facet normal 0 0 1
    outer loop
      vertex 32 23 2.5
      vertex 46.673 19.3889 2.5
      vertex 46.7691 19.5254 2.5
    endloop
  endfacet
  facet normal 0 0 1
    outer loop
      vertex 46.1164 17.1667 2.5
      vertex 32 23 2.5
      vertex 39 8 2.5
    endloop
  endfacet
  facet normal 0 0 1
    outer loop
      vertex 29 20 2.5
      vertex 32 23 2.5
      vertex 31.8528 22.9964 2.5
    endloop
  endfacet
  facet normal 0 0 1
    outer loop
      vertex 29 20 2.5
      vertex 31.8528 22.9964 2.5
      vertex 31.7059 22.9855 2.5
    endloop
  endfacet
  facet normal 0 0 1
    outer loop
      vertex 29 20 2.5
      vertex 31.7059 22.9855 2.5
      vertex 31.5598 22.9675 2.5
    endloop
  endfacet
  facet normal 0 0 1
    outer loop
      vertex 29 20 2.5
      vertex 31.5598 22.9675 2.5
      vertex 31.4147 22.9424 2.5
    endloop
  endfacet
  facet normal 0 0 1
    outer loop
      vertex 29 20 2.5
      vertex 31.4147 22.9424 2.5
      vertex 31.2711 22.9101 2.5
    endloop
  endfacet
  facet normal 0 0 1
    outer loop
      vertex 29 20 2.5
      vertex 31.2711 22.9101 2.5
      vertex 31.1291 22.8708 2.5
    endloop
  endfacet
  facet normal 0 0 1
    outer loop
      vertex 29 20 2.5
      vertex 31.1291 22.8708 2.5
      vertex 30.9893 22.8246 2.5
    endloop
  endfacet
  facet normal 0 0 1
    outer loop
      vertex 29 20 2.5
      vertex 30.9893 22.8246 2.5
      vertex 30.8519 22.7716 2.5
    endloop
  endfacet
  facet normal 0 0 1
    outer loop
      vertex 29 20 2.5
      vertex 30.8519 22.7716 2.5
      vertex 30.7173 22.712 2.5
    endloop
  endfacet
  facet normal 0 0 1
    outer loop
      vertex 29 20 2.5
      vertex 30.7173 22.712 2.5
      vertex 30.5858 22.6458 2.5
    endloop
  endfacet
  facet normal 0 0 1
    outer loop
      vertex 29 20 2.5
      vertex 30.5858 22.6458 2.5
      vertex 30.4577 22.5732 2.5
    endloop
  endfacet
  facet normal 0 0 1
    outer loop
      vertex 29 20 2.5
      vertex 30.4577 22.5732 2.5
      vertex 30.3333 22.4944 2.5
    endloop
  endfacet
  facet normal 0 0 1
    outer loop
      vertex 29 20 2.5
      vertex 30.3333 22.4944 2.5
      vertex 30.2129 22.4096 2.5
    endloop
  endfacet
  facet normal 0 0 1
    outer loop
      vertex 29 20 2.5
      vertex 30.2129 22.4096 2.5
      vertex 30.0968 22.319 2.5
    endloop
  endfacet
  facet normal 0 0 1
    outer loop
      vertex 29 20 2.5
      vertex 30.0968 22.319 2.5
      vertex 29.9853 22.2228 2.5
    endloop
  endfacet
  facet normal 0 0 1
    outer loop
      vertex 29 20 2.5
      vertex 29.9853 22.2228 2.5
      vertex 29.8787 22.1213 2.5
    endloop
  endfacet
  facet normal 0 0 1
    outer loop
      vertex 29 20 2.5
      vertex 29.8787 22.1213 2.5
      vertex 29.7771 22.0147 2.5
    endloop
  endfacet
  facet normal 0 0 1
    outer loop
      vertex 29 20 2.5
      vertex 29.7771 22.0147 2.5
      vertex 29.681 21.9032 2.5
    endloop
  endfacet
  facet normal 0 0 1
    outer loop
      vertex 29 20 2.5
      vertex 29.681 21.9032 2.5
      vertex 29.5904 21.7871 2.5
    endloop
  endfacet
  facet normal 0 0 1
    outer loop
      vertex 29 20 2.5
      vertex 29.5904 21.7871 2.5
      vertex 29.5056 21.6667 2.5
    endloop
  endfacet
  facet normal 0 0 1
    outer loop
      vertex 29 20 2.5
      vertex 29.5056 21.6667 2.5
      vertex 29.4268 21.5423 2.5
    endloop
  endfacet
  facet normal 0 0 1
    outer loop
      vertex 29 20 2.5
      vertex 29.4268 21.5423 2.5
      vertex 29.3542 21.4142 2.5
    endloop
  endfacet
  facet normal 0 0 1
    outer loop
      vertex 29 20 2.5
      vertex 29.3542 21.4142 2.5
      vertex 29.288 21.2827 2.5
    endloop
  endfacet
  facet normal 0 0 1
    outer loop
      vertex 29 20 2.5
      vertex 29.288 21.2827 2.5
      vertex 29.2283 21.148 2.5
    endloop
  endfacet
  facet normal 0 0 1
    outer loop
      vertex 29 20 2.5
      vertex 29.2283 21.148 2.5
      vertex 29.1754 21.0107 2.5
    endloop
  endfacet
  facet normal 0 0 1
    outer loop
      vertex 29 20 2.5
      vertex 29.1754 21.0107 2.5
      vertex 29.1292 20.8708 2.5
    endloop
  endfacet
  facet normal 0 0 1
    outer loop
      vertex 29 20 2.5
      vertex 29.1292 20.8708 2.5
      vertex 29.0899 20.7289 2.5
    endloop
  endfacet
  facet normal 0 0 1
    outer loop
      vertex 29 20 2.5
      vertex 29.0899 20.7289 2.5
      vertex 29.0576 20.5853 2.5
    endloop
  endfacet
  facet normal 0 0 1
    outer loop
      vertex 29 20 2.5
      vertex 29.0576 20.5853 2.5
      vertex 29.0325 20.4402 2.5
    endloop
  endfacet
  facet normal 0 0 1
    outer loop
      vertex 29 20 2.5
      vertex 29.0325 20.4402 2.5
      vertex 29.0144 20.294 2.5
    endloop
  endfacet
  facet normal 0 0 1
    outer loop
      vertex 29 20 2.5
      vertex 29.0144 20.294 2.5
      vertex 29.0036 20.1472 2.5
    endloop
  endfacet
  facet normal 0 0 1
    outer loop
      vertex 32 23 2.5
      vertex 29 20 2.5
      vertex 39 8 2.5
    endloop
  endfacet
  facet normal 0 0 1
    outer loop
      vertex 39 8 2.5
      vertex 29 20 2.5
      vertex 29 8 2.5
    endloop
  endfacet
  facet normal 0 0 1
    outer loop
      vertex 63.794 -22.9855 2.5
      vertex 63.5 -23 2.5
      vertex 63.6472 -22.9964 2.5
    endloop
  endfacet
  facet normal -0 0 1
    outer loop
      vertex 52.8959 -17.6668 2.5
      vertex 63.5 -23 2.5
      vertex 52.9 -17.5 2.5
    endloop
  endfacet
  facet normal -0 0 1
    outer loop
      vertex 52.8836 -17.8333 2.5
      vertex 63.5 -23 2.5
      vertex 52.8959 -17.6668 2.5
    endloop
  endfacet
  facet normal -0 0 1
    outer loop
      vertex 52.8632 -17.9989 2.5
      vertex 63.5 -23 2.5
      vertex 52.8836 -17.8333 2.5
    endloop
  endfacet
  facet normal -0 0 1
    outer loop
      vertex 52.8347 -18.1633 2.5
      vertex 63.5 -23 2.5
      vertex 52.8632 -17.9989 2.5
    endloop
  endfacet
  facet normal -0 0 1
    outer loop
      vertex 52.7981 -18.3261 2.5
      vertex 63.5 -23 2.5
      vertex 52.8347 -18.1633 2.5
    endloop
  endfacet
  facet normal -0 0 1
    outer loop
      vertex 52.7536 -18.487 2.5
      vertex 63.5 -23 2.5
      vertex 52.7981 -18.3261 2.5
    endloop
  endfacet
  facet normal -0 0 1
    outer loop
      vertex 52.7012 -18.6454 2.5
      vertex 63.5 -23 2.5
      vertex 52.7536 -18.487 2.5
    endloop
  endfacet
  facet normal -0 0 1
    outer loop
      vertex 52.6412 -18.8011 2.5
      vertex 63.5 -23 2.5
      vertex 52.7012 -18.6454 2.5
    endloop
  endfacet
  facet normal -0 0 1
    outer loop
      vertex 52.5736 -18.9537 2.5
      vertex 63.5 -23 2.5
      vertex 52.6412 -18.8011 2.5
    endloop
  endfacet
  facet normal -0 0 1
    outer loop
      vertex 52.4985 -19.1027 2.5
      vertex 63.5 -23 2.5
      vertex 52.5736 -18.9537 2.5
    endloop
  endfacet
  facet normal -0 0 1
    outer loop
      vertex 52.4163 -19.2479 2.5
      vertex 63.5 -23 2.5
      vertex 52.4985 -19.1027 2.5
    endloop
  endfacet
  facet normal -0 0 1
    outer loop
      vertex 52.327 -19.3889 2.5
      vertex 63.5 -23 2.5
      vertex 52.4163 -19.2479 2.5
    endloop
  endfacet
  facet normal -0 0 1
    outer loop
      vertex 52.2309 -19.5254 2.5
      vertex 63.5 -23 2.5
      vertex 52.327 -19.3889 2.5
    endloop
  endfacet
  facet normal -0 0 1
    outer loop
      vertex 52.1282 -19.6569 2.5
      vertex 63.5 -23 2.5
      vertex 52.2309 -19.5254 2.5
    endloop
  endfacet
  facet normal -0 0 1
    outer loop
      vertex 52.0192 -19.7833 2.5
      vertex 63.5 -23 2.5
      vertex 52.1282 -19.6569 2.5
    endloop
  endfacet
  facet normal -0 0 1
    outer loop
      vertex 51.9042 -19.9042 2.5
      vertex 63.5 -23 2.5
      vertex 52.0192 -19.7833 2.5
    endloop
  endfacet
  facet normal -0 0 1
    outer loop
      vertex 51.7833 -20.0192 2.5
      vertex 63.5 -23 2.5
      vertex 51.9042 -19.9042 2.5
    endloop
  endfacet
  facet normal -0 0 1
    outer loop
      vertex 51.6569 -20.1282 2.5
      vertex 63.5 -23 2.5
      vertex 51.7833 -20.0192 2.5
    endloop
  endfacet
  facet normal -0 0 1
    outer loop
      vertex 51.5254 -20.2309 2.5
      vertex 63.5 -23 2.5
      vertex 51.6569 -20.1282 2.5
    endloop
  endfacet
  facet normal -0 0 1
    outer loop
      vertex 51.3889 -20.327 2.5
      vertex 63.5 -23 2.5
      vertex 51.5254 -20.2309 2.5
    endloop
  endfacet
  facet normal -0 0 1
    outer loop
      vertex 51.2479 -20.4163 2.5
      vertex 63.5 -23 2.5
      vertex 51.3889 -20.327 2.5
    endloop
  endfacet
  facet normal -0 0 1
    outer loop
      vertex 51.1027 -20.4985 2.5
      vertex 63.5 -23 2.5
      vertex 51.2479 -20.4163 2.5
    endloop
  endfacet
  facet normal -0 0 1
    outer loop
      vertex 50.9537 -20.5736 2.5
      vertex 63.5 -23 2.5
      vertex 51.1027 -20.4985 2.5
    endloop
  endfacet
  facet normal -0 0 1
    outer loop
      vertex 50.8011 -20.6412 2.5
      vertex 63.5 -23 2.5
      vertex 50.9537 -20.5736 2.5
    endloop
  endfacet
  facet normal -0 0 1
    outer loop
      vertex 50.6454 -20.7012 2.5
      vertex 63.5 -23 2.5
      vertex 50.8011 -20.6412 2.5
    endloop
  endfacet
  facet normal -0 0 1
    outer loop
      vertex 50.487 -20.7536 2.5
      vertex 63.5 -23 2.5
      vertex 50.6454 -20.7012 2.5
    endloop
  endfacet
  facet normal -0 0 1
    outer loop
      vertex 50.3261 -20.7981 2.5
      vertex 63.5 -23 2.5
      vertex 50.487 -20.7536 2.5
    endloop
  endfacet
  facet normal -0 0 1
    outer loop
      vertex 50.1633 -20.8347 2.5
      vertex 63.5 -23 2.5
      vertex 50.3261 -20.7981 2.5
    endloop
  endfacet
  facet normal -0 0 1
    outer loop
      vertex 49.9989 -20.8632 2.5
      vertex 63.5 -23 2.5
      vertex 50.1633 -20.8347 2.5
    endloop
  endfacet
  facet normal -0 0 1
    outer loop
      vertex 49.8333 -20.8836 2.5
      vertex 63.5 -23 2.5
      vertex 49.9989 -20.8632 2.5
    endloop
  endfacet
  facet normal -0 0 1
    outer loop
      vertex 49.6668 -20.8959 2.5
      vertex 63.5 -23 2.5
      vertex 49.8333 -20.8836 2.5
    endloop
  endfacet
  facet normal -0 0 1
    outer loop
      vertex 49.5 -20.9 2.5
      vertex 63.5 -23 2.5
      vertex 49.6668 -20.8959 2.5
    endloop
  endfacet
  facet normal 0 0 1
    outer loop
      vertex 49.3332 -20.8959 2.5
      vertex 63.5 -23 2.5
      vertex 49.5 -20.9 2.5
    endloop
  endfacet
  facet normal 0 0 1
    outer loop
      vertex 32 -23 2.5
      vertex 49.3332 -20.8959 2.5
      vertex 49.1667 -20.8836 2.5
    endloop
  endfacet
  facet normal 0 0 1
    outer loop
      vertex 32 -23 2.5
      vertex 49.1667 -20.8836 2.5
      vertex 49.0011 -20.8632 2.5
    endloop
  endfacet
  facet normal 0 0 1
    outer loop
      vertex 46.1164 -17.1667 2.5
      vertex 32 -23 2.5
      vertex 46.1041 -17.3332 2.5
    endloop
  endfacet
  facet normal 0 0 1
    outer loop
      vertex 46.1041 -17.3332 2.5
      vertex 32 -23 2.5
      vertex 46.1 -17.5 2.5
    endloop
  endfacet
  facet normal 0 0 1
    outer loop
      vertex 46.1 -17.5 2.5
      vertex 32 -23 2.5
      vertex 46.1041 -17.6668 2.5
    endloop
  endfacet
  facet normal 0 0 1
    outer loop
      vertex 46.1041 -17.6668 2.5
      vertex 32 -23 2.5
      vertex 46.1164 -17.8333 2.5
    endloop
  endfacet
  facet normal 0 0 1
    outer loop
      vertex 46.1164 -17.8333 2.5
      vertex 32 -23 2.5
      vertex 46.1368 -17.9989 2.5
    endloop
  endfacet
  facet normal 0 0 1
    outer loop
      vertex 46.1368 -17.9989 2.5
      vertex 32 -23 2.5
      vertex 46.1653 -18.1633 2.5
    endloop
  endfacet
  facet normal 0 0 1
    outer loop
      vertex 46.1653 -18.1633 2.5
      vertex 32 -23 2.5
      vertex 46.2019 -18.3261 2.5
    endloop
  endfacet
  facet normal 0 0 1
    outer loop
      vertex 46.2019 -18.3261 2.5
      vertex 32 -23 2.5
      vertex 46.2464 -18.487 2.5
    endloop
  endfacet
  facet normal 0 0 1
    outer loop
      vertex 46.2464 -18.487 2.5
      vertex 32 -23 2.5
      vertex 46.2988 -18.6454 2.5
    endloop
  endfacet
  facet normal 0 0 1
    outer loop
      vertex 46.2988 -18.6454 2.5
      vertex 32 -23 2.5
      vertex 46.3588 -18.8011 2.5
    endloop
  endfacet
  facet normal 0 0 1
    outer loop
      vertex 46.3588 -18.8011 2.5
      vertex 32 -23 2.5
      vertex 46.4264 -18.9537 2.5
    endloop
  endfacet
  facet normal 0 0 1
    outer loop
      vertex 46.4264 -18.9537 2.5
      vertex 32 -23 2.5
      vertex 46.5015 -19.1027 2.5
    endloop
  endfacet
  facet normal 0 0 1
    outer loop
      vertex 46.5015 -19.1027 2.5
      vertex 32 -23 2.5
      vertex 46.5837 -19.2479 2.5
    endloop
  endfacet
  facet normal 0 0 1
    outer loop
      vertex 49.3332 -20.8959 2.5
      vertex 32 -23 2.5
      vertex 63.5 -23 2.5
    endloop
  endfacet
  facet normal 0 0 1
    outer loop
      vertex 48.8367 -20.8347 2.5
      vertex 32 -23 2.5
      vertex 49.0011 -20.8632 2.5
    endloop
  endfacet
  facet normal 0 0 1
    outer loop
      vertex 48.6739 -20.7981 2.5
      vertex 32 -23 2.5
      vertex 48.8367 -20.8347 2.5
    endloop
  endfacet
  facet normal 0 0 1
    outer loop
      vertex 48.513 -20.7536 2.5
      vertex 32 -23 2.5
      vertex 48.6739 -20.7981 2.5
    endloop
  endfacet
  facet normal 0 0 1
    outer loop
      vertex 48.3546 -20.7012 2.5
      vertex 32 -23 2.5
      vertex 48.513 -20.7536 2.5
    endloop
  endfacet
  facet normal 0 0 1
    outer loop
      vertex 48.1989 -20.6412 2.5
      vertex 32 -23 2.5
      vertex 48.3546 -20.7012 2.5
    endloop
  endfacet
  facet normal 0 0 1
    outer loop
      vertex 48.0463 -20.5736 2.5
      vertex 32 -23 2.5
      vertex 48.1989 -20.6412 2.5
    endloop
  endfacet
  facet normal 0 0 1
    outer loop
      vertex 47.8973 -20.4985 2.5
      vertex 32 -23 2.5
      vertex 48.0463 -20.5736 2.5
    endloop
  endfacet
  facet normal 0 0 1
    outer loop
      vertex 47.7521 -20.4163 2.5
      vertex 32 -23 2.5
      vertex 47.8973 -20.4985 2.5
    endloop
  endfacet
  facet normal 0 0 1
    outer loop
      vertex 47.6111 -20.327 2.5
      vertex 32 -23 2.5
      vertex 47.7521 -20.4163 2.5
    endloop
  endfacet
  facet normal 0 0 1
    outer loop
      vertex 47.4746 -20.2309 2.5
      vertex 32 -23 2.5
      vertex 47.6111 -20.327 2.5
    endloop
  endfacet
  facet normal 0 0 1
    outer loop
      vertex 47.3431 -20.1282 2.5
      vertex 32 -23 2.5
      vertex 47.4746 -20.2309 2.5
    endloop
  endfacet
  facet normal 0 0 1
    outer loop
      vertex 47.2167 -20.0192 2.5
      vertex 32 -23 2.5
      vertex 47.3431 -20.1282 2.5
    endloop
  endfacet
  facet normal 0 0 1
    outer loop
      vertex 47.0958 -19.9042 2.5
      vertex 32 -23 2.5
      vertex 47.2167 -20.0192 2.5
    endloop
  endfacet
  facet normal 0 0 1
    outer loop
      vertex 46.9808 -19.7833 2.5
      vertex 32 -23 2.5
      vertex 47.0958 -19.9042 2.5
    endloop
  endfacet
  facet normal 0 0 1
    outer loop
      vertex 46.8718 -19.6569 2.5
      vertex 32 -23 2.5
      vertex 46.9808 -19.7833 2.5
    endloop
  endfacet
  facet normal 0 0 1
    outer loop
      vertex 46.7691 -19.5254 2.5
      vertex 32 -23 2.5
      vertex 46.8718 -19.6569 2.5
    endloop
  endfacet
  facet normal 0 0 1
    outer loop
      vertex 46.673 -19.3889 2.5
      vertex 32 -23 2.5
      vertex 46.7691 -19.5254 2.5
    endloop
  endfacet
  facet normal 0 0 1
    outer loop
      vertex 46.5837 -19.2479 2.5
      vertex 32 -23 2.5
      vertex 46.673 -19.3889 2.5
    endloop
  endfacet
  facet normal -0 0 1
    outer loop
      vertex 29 -20 2.5
      vertex 32 -23 2.5
      vertex 39 -8 2.5
    endloop
  endfacet
  facet normal 0 0 1
    outer loop
      vertex 32 -23 2.5
      vertex 29 -20 2.5
      vertex 31.8528 -22.9964 2.5
    endloop
  endfacet
  facet normal 0 0 1
    outer loop
      vertex 31.8528 -22.9964 2.5
      vertex 29 -20 2.5
      vertex 31.7059 -22.9855 2.5
    endloop
  endfacet
  facet normal 0 0 1
    outer loop
      vertex 31.7059 -22.9855 2.5
      vertex 29 -20 2.5
      vertex 31.5598 -22.9675 2.5
    endloop
  endfacet
  facet normal 0 0 1
    outer loop
      vertex 31.5598 -22.9675 2.5
      vertex 29 -20 2.5
      vertex 31.4147 -22.9424 2.5
    endloop
  endfacet
  facet normal 0 0 1
    outer loop
      vertex 31.4147 -22.9424 2.5
      vertex 29 -20 2.5
      vertex 31.2711 -22.9101 2.5
    endloop
  endfacet
  facet normal 0 0 1
    outer loop
      vertex 31.2711 -22.9101 2.5
      vertex 29 -20 2.5
      vertex 31.1291 -22.8708 2.5
    endloop
  endfacet
  facet normal 0 0 1
    outer loop
      vertex 31.1291 -22.8708 2.5
      vertex 29 -20 2.5
      vertex 30.9893 -22.8246 2.5
    endloop
  endfacet
  facet normal 0 0 1
    outer loop
      vertex 30.9893 -22.8246 2.5
      vertex 29 -20 2.5
      vertex 30.8519 -22.7716 2.5
    endloop
  endfacet
  facet normal 0 0 1
    outer loop
      vertex 30.8519 -22.7716 2.5
      vertex 29 -20 2.5
      vertex 30.7173 -22.712 2.5
    endloop
  endfacet
  facet normal 0 0 1
    outer loop
      vertex 30.7173 -22.712 2.5
      vertex 29 -20 2.5
      vertex 30.5858 -22.6458 2.5
    endloop
  endfacet
  facet normal 0 0 1
    outer loop
      vertex 30.5858 -22.6458 2.5
      vertex 29 -20 2.5
      vertex 30.4577 -22.5732 2.5
    endloop
  endfacet
  facet normal 0 0 1
    outer loop
      vertex 30.4577 -22.5732 2.5
      vertex 29 -20 2.5
      vertex 30.3333 -22.4944 2.5
    endloop
  endfacet
  facet normal 0 0 1
    outer loop
      vertex 30.3333 -22.4944 2.5
      vertex 29 -20 2.5
      vertex 30.2129 -22.4096 2.5
    endloop
  endfacet
  facet normal 0 0 1
    outer loop
      vertex 30.2129 -22.4096 2.5
      vertex 29 -20 2.5
      vertex 30.0968 -22.319 2.5
    endloop
  endfacet
  facet normal 0 0 1
    outer loop
      vertex 30.0968 -22.319 2.5
      vertex 29 -20 2.5
      vertex 29.9853 -22.2228 2.5
    endloop
  endfacet
  facet normal 0 0 1
    outer loop
      vertex 29.9853 -22.2228 2.5
      vertex 29 -20 2.5
      vertex 29.8787 -22.1213 2.5
    endloop
  endfacet
  facet normal 0 0 1
    outer loop
      vertex 29.8787 -22.1213 2.5
      vertex 29 -20 2.5
      vertex 29.7771 -22.0147 2.5
    endloop
  endfacet
  facet normal 0 0 1
    outer loop
      vertex 29.7771 -22.0147 2.5
      vertex 29 -20 2.5
      vertex 29.681 -21.9032 2.5
    endloop
  endfacet
  facet normal 0 0 1
    outer loop
      vertex 29.681 -21.9032 2.5
      vertex 29 -20 2.5
      vertex 29.5904 -21.7871 2.5
    endloop
  endfacet
  facet normal 0 0 1
    outer loop
      vertex 29.5904 -21.7871 2.5
      vertex 29 -20 2.5
      vertex 29.5056 -21.6667 2.5
    endloop
  endfacet
  facet normal 0 0 1
    outer loop
      vertex 29.5056 -21.6667 2.5
      vertex 29 -20 2.5
      vertex 29.4268 -21.5423 2.5
    endloop
  endfacet
  facet normal 0 0 1
    outer loop
      vertex 29.4268 -21.5423 2.5
      vertex 29 -20 2.5
      vertex 29.3542 -21.4142 2.5
    endloop
  endfacet
  facet normal 0 0 1
    outer loop
      vertex 29.3542 -21.4142 2.5
      vertex 29 -20 2.5
      vertex 29.288 -21.2827 2.5
    endloop
  endfacet
  facet normal 0 0 1
    outer loop
      vertex 29.288 -21.2827 2.5
      vertex 29 -20 2.5
      vertex 29.2283 -21.148 2.5
    endloop
  endfacet
  facet normal 0 0 1
    outer loop
      vertex 29.2283 -21.148 2.5
      vertex 29 -20 2.5
      vertex 29.1754 -21.0107 2.5
    endloop
  endfacet
  facet normal 0 0 1
    outer loop
      vertex 29.1754 -21.0107 2.5
      vertex 29 -20 2.5
      vertex 29.1292 -20.8708 2.5
    endloop
  endfacet
  facet normal 0 0 1
    outer loop
      vertex 29.1292 -20.8708 2.5
      vertex 29 -20 2.5
      vertex 29.0899 -20.7289 2.5
    endloop
  endfacet
  facet normal 0 0 1
    outer loop
      vertex 29.0899 -20.7289 2.5
      vertex 29 -20 2.5
      vertex 29.0576 -20.5853 2.5
    endloop
  endfacet
  facet normal 0 0 1
    outer loop
      vertex 29.0576 -20.5853 2.5
      vertex 29 -20 2.5
      vertex 29.0325 -20.4402 2.5
    endloop
  endfacet
  facet normal 0 0 1
    outer loop
      vertex 29.0325 -20.4402 2.5
      vertex 29 -20 2.5
      vertex 29.0144 -20.294 2.5
    endloop
  endfacet
  facet normal 0 0 1
    outer loop
      vertex 29 -20 2.5
      vertex 39 -8 2.5
      vertex 29 -8 2.5
    endloop
  endfacet
  facet normal 0 0 1
    outer loop
      vertex 29.0144 -20.294 2.5
      vertex 29 -20 2.5
      vertex 29.0036 -20.1472 2.5
    endloop
  endfacet
  facet normal -0.0244492 -0.999701 0
    outer loop
      vertex 31.8528 -22.9964 -7.62939e-07
      vertex 32 -23 2.5
      vertex 31.8528 -22.9964 2.5
    endloop
  endfacet
  facet normal -0.0244492 -0.999701 -0
    outer loop
      vertex 32 -23 2.5
      vertex 31.8528 -22.9964 -7.62939e-07
      vertex 32 -23 -7.62939e-07
    endloop
  endfacet
  facet normal 0.788364 -0.615209 0
    outer loop
      vertex 65.819 -21.9032 2.5
      vertex 65.9096 -21.7871 -7.62939e-07
      vertex 65.9096 -21.7871 2.5
    endloop
  endfacet
  facet normal 0.788364 -0.615209 0
    outer loop
      vertex 65.9096 -21.7871 -7.62939e-07
      vertex 65.819 -21.9032 2.5
      vertex 65.819 -21.9032 -7.62939e-07
    endloop
  endfacet
  facet normal 0.535117 -0.844778 0
    outer loop
      vertex 65.0423 -22.5732 -7.62939e-07
      vertex 65.1667 -22.4944 2.5
      vertex 65.0423 -22.5732 2.5
    endloop
  endfacet
  facet normal 0.535117 -0.844778 0
    outer loop
      vertex 65.1667 -22.4944 2.5
      vertex 65.0423 -22.5732 -7.62939e-07
      vertex 65.1667 -22.4944 -7.62939e-07
    endloop
  endfacet
  facet normal 0.724219 0.68957 0
    outer loop
      vertex 65.7228 22.0147 2.5
      vertex 65.6213 22.1213 -7.62939e-07
      vertex 65.6213 22.1213 2.5
    endloop
  endfacet
  facet normal 0.724219 0.68957 0
    outer loop
      vertex 65.6213 22.1213 -7.62939e-07
      vertex 65.7228 22.0147 2.5
      vertex 65.7228 22.0147 -7.62939e-07
    endloop
  endfacet
  facet normal 0.997255 0.0740468 0
    outer loop
      vertex 66.4964 20.1472 2.5
      vertex 66.4855 20.294 -7.62939e-07
      vertex 66.4855 20.294 2.5
    endloop
  endfacet
  facet normal 0.997255 0.0740468 0
    outer loop
      vertex 66.4855 20.294 -7.62939e-07
      vertex 66.4964 20.1472 2.5
      vertex 66.4964 20.1472 -7.62939e-07
    endloop
  endfacet
  facet normal 1 -0 0
    outer loop
      vertex 66.5 -20 2.5
      vertex 66.5 20 -7.62939e-07
      vertex 66.5 20 2.5
    endloop
  endfacet
  facet normal 1 0 0
    outer loop
      vertex 66.5 20 -7.62939e-07
      vertex 66.5 -20 2.5
      vertex 66.5 -20 -7.62939e-07
    endloop
  endfacet
  facet normal 0.999701 0.0244492 0
    outer loop
      vertex 66.5 20 2.5
      vertex 66.4964 20.1472 -7.62939e-07
      vertex 66.4964 20.1472 2.5
    endloop
  endfacet
  facet normal 0.999701 0.0244492 0
    outer loop
      vertex 66.4964 20.1472 -7.62939e-07
      vertex 66.5 20 2.5
      vertex 66.5 20 -7.62939e-07
    endloop
  endfacet
  facet normal 0.122196 0.992506 -0
    outer loop
      vertex 63.9402 22.9675 -7.62939e-07
      vertex 63.794 22.9855 2.5
      vertex 63.9402 22.9675 2.5
    endloop
  endfacet
  facet normal 0.122196 0.992506 0
    outer loop
      vertex 63.794 22.9855 2.5
      vertex 63.9402 22.9675 -7.62939e-07
      vertex 63.794 22.9855 -7.62939e-07
    endloop
  endfacet
  facet normal 0.0244492 0.999701 -0
    outer loop
      vertex 63.6472 22.9964 -7.62939e-07
      vertex 63.5 23 2.5
      vertex 63.6472 22.9964 2.5
    endloop
  endfacet
  facet normal 0.0244492 0.999701 0
    outer loop
      vertex 63.5 23 2.5
      vertex 63.6472 22.9964 -7.62939e-07
      vertex 63.5 23 -7.62939e-07
    endloop
  endfacet
  facet normal 0 1 -0
    outer loop
      vertex 63.5 23 -7.62939e-07
      vertex 32 23 2.5
      vertex 63.5 23 2.5
    endloop
  endfacet
  facet normal 0 1 0
    outer loop
      vertex 32 23 2.5
      vertex 63.5 23 -7.62939e-07
      vertex 32 23 -7.62939e-07
    endloop
  endfacet
  facet normal 0.313579 -0.949562 0
    outer loop
      vertex 64.3708 -22.8708 -7.62939e-07
      vertex 64.5107 -22.8246 2.5
      vertex 64.3708 -22.8708 2.5
    endloop
  endfacet
  facet normal 0.313579 -0.949562 0
    outer loop
      vertex 64.5107 -22.8246 2.5
      vertex 64.3708 -22.8708 -7.62939e-07
      vertex 64.5107 -22.8246 -7.62939e-07
    endloop
  endfacet
  facet normal 0.81757 -0.57583 0
    outer loop
      vertex 65.9096 -21.7871 2.5
      vertex 65.9944 -21.6667 -7.62939e-07
      vertex 65.9944 -21.6667 2.5
    endloop
  endfacet
  facet normal 0.81757 -0.57583 0
    outer loop
      vertex 65.9944 -21.6667 -7.62939e-07
      vertex 65.9096 -21.7871 2.5
      vertex 65.9096 -21.7871 -7.62939e-07
    endloop
  endfacet
  facet normal 0.724219 -0.68957 0
    outer loop
      vertex 65.6213 -22.1213 2.5
      vertex 65.7228 -22.0147 -7.62939e-07
      vertex 65.7228 -22.0147 2.5
    endloop
  endfacet
  facet normal 0.724219 -0.68957 0
    outer loop
      vertex 65.7228 -22.0147 -7.62939e-07
      vertex 65.6213 -22.1213 2.5
      vertex 65.6213 -22.1213 -7.62939e-07
    endloop
  endfacet
  facet normal 0.219448 0.975624 -0
    outer loop
      vertex 64.2289 22.9101 -7.62939e-07
      vertex 64.0853 22.9424 2.5
      vertex 64.2289 22.9101 2.5
    endloop
  endfacet
  facet normal 0.219448 0.975624 0
    outer loop
      vertex 64.0853 22.9424 2.5
      vertex 64.2289 22.9101 -7.62939e-07
      vertex 64.0853 22.9424 -7.62939e-07
    endloop
  endfacet
  facet normal 0.449657 0.893201 -0
    outer loop
      vertex 64.9142 22.6458 -7.62939e-07
      vertex 64.7827 22.712 2.5
      vertex 64.9142 22.6458 2.5
    endloop
  endfacet
  facet normal 0.449657 0.893201 0
    outer loop
      vertex 64.7827 22.712 2.5
      vertex 64.9142 22.6458 -7.62939e-07
      vertex 64.7827 22.712 -7.62939e-07
    endloop
  endfacet
  facet normal 0.914482 0.404626 0
    outer loop
      vertex 66.2716 21.148 2.5
      vertex 66.212 21.2827 -7.62939e-07
      vertex 66.212 21.2827 2.5
    endloop
  endfacet
  facet normal 0.914482 0.404626 0
    outer loop
      vertex 66.212 21.2827 -7.62939e-07
      vertex 66.2716 21.148 2.5
      vertex 66.2716 21.148 -7.62939e-07
    endloop
  endfacet
  facet normal 0.963722 -0.266908 0
    outer loop
      vertex 66.3708 -20.8708 2.5
      vertex 66.4101 -20.7289 -7.62939e-07
      vertex 66.4101 -20.7289 2.5
    endloop
  endfacet
  facet normal 0.963722 -0.266908 0
    outer loop
      vertex 66.4101 -20.7289 -7.62939e-07
      vertex 66.3708 -20.8708 2.5
      vertex 66.3708 -20.8708 -7.62939e-07
    endloop
  endfacet
  facet normal -1 0 0
    outer loop
      vertex 29 -20 -7.62939e-07
      vertex 29 -8 2.5
      vertex 29 -8 -7.62939e-07
    endloop
  endfacet
  facet normal -1 -0 0
    outer loop
      vertex 29 -8 2.5
      vertex 29 -20 -7.62939e-07
      vertex 29 -20 2.5
    endloop
  endfacet
  facet normal -1 0 0
    outer loop
      vertex 29 8 -7.62939e-07
      vertex 29 20 2.5
      vertex 29 20 -7.62939e-07
    endloop
  endfacet
  facet normal -1 -0 0
    outer loop
      vertex 29 20 2.5
      vertex 29 8 -7.62939e-07
      vertex 29 8 2.5
    endloop
  endfacet
  facet normal 0.122196 -0.992506 0
    outer loop
      vertex 63.794 -22.9855 -7.62939e-07
      vertex 63.9402 -22.9675 2.5
      vertex 63.794 -22.9855 2.5
    endloop
  endfacet
  facet normal 0.122196 -0.992506 0
    outer loop
      vertex 63.9402 -22.9675 2.5
      vertex 63.794 -22.9855 -7.62939e-07
      vertex 63.9402 -22.9675 -7.62939e-07
    endloop
  endfacet
  facet normal 0.170453 -0.985366 0
    outer loop
      vertex 63.9402 -22.9675 -7.62939e-07
      vertex 64.0853 -22.9424 2.5
      vertex 63.9402 -22.9675 2.5
    endloop
  endfacet
  facet normal 0.170453 -0.985366 0
    outer loop
      vertex 64.0853 -22.9424 2.5
      vertex 63.9402 -22.9675 -7.62939e-07
      vertex 64.0853 -22.9424 -7.62939e-07
    endloop
  endfacet
  facet normal 0.404626 -0.914482 0
    outer loop
      vertex 64.648 -22.7716 -7.62939e-07
      vertex 64.7827 -22.712 2.5
      vertex 64.648 -22.7716 2.5
    endloop
  endfacet
  facet normal 0.404626 -0.914482 0
    outer loop
      vertex 64.7827 -22.712 2.5
      vertex 64.648 -22.7716 -7.62939e-07
      vertex 64.7827 -22.712 -7.62939e-07
    endloop
  endfacet
  facet normal 0.493064 -0.869993 0
    outer loop
      vertex 64.9142 -22.6458 -7.62939e-07
      vertex 65.0423 -22.5732 2.5
      vertex 64.9142 -22.6458 2.5
    endloop
  endfacet
  facet normal 0.493064 -0.869993 0
    outer loop
      vertex 65.0423 -22.5732 2.5
      vertex 64.9142 -22.6458 -7.62939e-07
      vertex 65.0423 -22.5732 -7.62939e-07
    endloop
  endfacet
  facet normal 0.360117 -0.932907 0
    outer loop
      vertex 64.5107 -22.8246 -7.62939e-07
      vertex 64.648 -22.7716 2.5
      vertex 64.5107 -22.8246 2.5
    endloop
  endfacet
  facet normal 0.360117 -0.932907 0
    outer loop
      vertex 64.648 -22.7716 2.5
      vertex 64.5107 -22.8246 -7.62939e-07
      vertex 64.648 -22.7716 -7.62939e-07
    endloop
  endfacet
  facet normal 0.757144 -0.653249 0
    outer loop
      vertex 65.7228 -22.0147 2.5
      vertex 65.819 -21.9032 -7.62939e-07
      vertex 65.819 -21.9032 2.5
    endloop
  endfacet
  facet normal 0.757144 -0.653249 0
    outer loop
      vertex 65.819 -21.9032 -7.62939e-07
      vertex 65.7228 -22.0147 2.5
      vertex 65.7228 -22.0147 -7.62939e-07
    endloop
  endfacet
  facet normal 0.57583 -0.81757 0
    outer loop
      vertex 65.1667 -22.4944 -7.62939e-07
      vertex 65.2871 -22.4096 2.5
      vertex 65.1667 -22.4944 2.5
    endloop
  endfacet
  facet normal 0.57583 -0.81757 0
    outer loop
      vertex 65.2871 -22.4096 2.5
      vertex 65.1667 -22.4944 -7.62939e-07
      vertex 65.2871 -22.4096 -7.62939e-07
    endloop
  endfacet
  facet normal 0.615209 -0.788364 0
    outer loop
      vertex 65.2871 -22.4096 -7.62939e-07
      vertex 65.4032 -22.319 2.5
      vertex 65.2871 -22.4096 2.5
    endloop
  endfacet
  facet normal 0.615209 -0.788364 0
    outer loop
      vertex 65.4032 -22.319 2.5
      vertex 65.2871 -22.4096 -7.62939e-07
      vertex 65.4032 -22.319 -7.62939e-07
    endloop
  endfacet
  facet normal 0.170453 0.985366 -0
    outer loop
      vertex 64.0853 22.9424 -7.62939e-07
      vertex 63.9402 22.9675 2.5
      vertex 64.0853 22.9424 2.5
    endloop
  endfacet
  facet normal 0.170453 0.985366 0
    outer loop
      vertex 63.9402 22.9675 2.5
      vertex 64.0853 22.9424 -7.62939e-07
      vertex 63.9402 22.9675 -7.62939e-07
    endloop
  endfacet
  facet normal 0.313579 0.949562 -0
    outer loop
      vertex 64.5107 22.8246 -7.62939e-07
      vertex 64.3708 22.8708 2.5
      vertex 64.5107 22.8246 2.5
    endloop
  endfacet
  facet normal 0.313579 0.949562 0
    outer loop
      vertex 64.3708 22.8708 2.5
      vertex 64.5107 22.8246 -7.62939e-07
      vertex 64.3708 22.8708 -7.62939e-07
    endloop
  endfacet
  facet normal 0.360117 0.932907 -0
    outer loop
      vertex 64.648 22.7716 -7.62939e-07
      vertex 64.5107 22.8246 2.5
      vertex 64.648 22.7716 2.5
    endloop
  endfacet
  facet normal 0.360117 0.932907 0
    outer loop
      vertex 64.5107 22.8246 2.5
      vertex 64.648 22.7716 -7.62939e-07
      vertex 64.5107 22.8246 -7.62939e-07
    endloop
  endfacet
  facet normal 0.493064 0.869993 -0
    outer loop
      vertex 65.0423 22.5732 -7.62939e-07
      vertex 64.9142 22.6458 2.5
      vertex 65.0423 22.5732 2.5
    endloop
  endfacet
  facet normal 0.493064 0.869993 0
    outer loop
      vertex 64.9142 22.6458 2.5
      vertex 65.0423 22.5732 -7.62939e-07
      vertex 64.9142 22.6458 -7.62939e-07
    endloop
  endfacet
  facet normal 0.57583 0.81757 -0
    outer loop
      vertex 65.2871 22.4096 -7.62939e-07
      vertex 65.1667 22.4944 2.5
      vertex 65.2871 22.4096 2.5
    endloop
  endfacet
  facet normal 0.57583 0.81757 0
    outer loop
      vertex 65.1667 22.4944 2.5
      vertex 65.2871 22.4096 -7.62939e-07
      vertex 65.1667 22.4944 -7.62939e-07
    endloop
  endfacet
  facet normal 0.869993 0.493064 0
    outer loop
      vertex 66.1458 21.4142 2.5
      vertex 66.0732 21.5423 -7.62939e-07
      vertex 66.0732 21.5423 2.5
    endloop
  endfacet
  facet normal 0.869993 0.493064 0
    outer loop
      vertex 66.0732 21.5423 -7.62939e-07
      vertex 66.1458 21.4142 2.5
      vertex 66.1458 21.4142 -7.62939e-07
    endloop
  endfacet
  facet normal 0.844778 0.535117 0
    outer loop
      vertex 66.0732 21.5423 2.5
      vertex 65.9944 21.6667 -7.62939e-07
      vertex 65.9944 21.6667 2.5
    endloop
  endfacet
  facet normal 0.844778 0.535117 0
    outer loop
      vertex 65.9944 21.6667 -7.62939e-07
      vertex 66.0732 21.5423 2.5
      vertex 66.0732 21.5423 -7.62939e-07
    endloop
  endfacet
  facet normal 0.985366 0.170453 0
    outer loop
      vertex 66.4675 20.4402 2.5
      vertex 66.4424 20.5853 -7.62939e-07
      vertex 66.4424 20.5853 2.5
    endloop
  endfacet
  facet normal 0.985366 0.170453 0
    outer loop
      vertex 66.4424 20.5853 -7.62939e-07
      vertex 66.4675 20.4402 2.5
      vertex 66.4675 20.4402 -7.62939e-07
    endloop
  endfacet
  facet normal 0.975624 0.219448 0
    outer loop
      vertex 66.4424 20.5853 2.5
      vertex 66.4101 20.7289 -7.62939e-07
      vertex 66.4101 20.7289 2.5
    endloop
  endfacet
  facet normal 0.975624 0.219448 0
    outer loop
      vertex 66.4101 20.7289 -7.62939e-07
      vertex 66.4424 20.5853 2.5
      vertex 66.4424 20.5853 -7.62939e-07
    endloop
  endfacet
  facet normal 0.985366 -0.170453 0
    outer loop
      vertex 66.4424 -20.5853 2.5
      vertex 66.4675 -20.4402 -7.62939e-07
      vertex 66.4675 -20.4402 2.5
    endloop
  endfacet
  facet normal 0.985366 -0.170453 0
    outer loop
      vertex 66.4675 -20.4402 -7.62939e-07
      vertex 66.4424 -20.5853 2.5
      vertex 66.4424 -20.5853 -7.62939e-07
    endloop
  endfacet
  facet normal 0.992506 -0.122196 0
    outer loop
      vertex 66.4675 -20.4402 2.5
      vertex 66.4855 -20.294 -7.62939e-07
      vertex 66.4855 -20.294 2.5
    endloop
  endfacet
  facet normal 0.992506 -0.122196 0
    outer loop
      vertex 66.4855 -20.294 -7.62939e-07
      vertex 66.4675 -20.4402 2.5
      vertex 66.4675 -20.4402 -7.62939e-07
    endloop
  endfacet
  facet normal 0.999701 -0.0244492 0
    outer loop
      vertex 66.4964 -20.1472 2.5
      vertex 66.5 -20 -7.62939e-07
      vertex 66.5 -20 2.5
    endloop
  endfacet
  facet normal 0.999701 -0.0244492 0
    outer loop
      vertex 66.5 -20 -7.62939e-07
      vertex 66.4964 -20.1472 2.5
      vertex 66.4964 -20.1472 -7.62939e-07
    endloop
  endfacet
  facet normal 0.914482 -0.404626 0
    outer loop
      vertex 66.212 -21.2827 2.5
      vertex 66.2716 -21.148 -7.62939e-07
      vertex 66.2716 -21.148 2.5
    endloop
  endfacet
  facet normal 0.914482 -0.404626 0
    outer loop
      vertex 66.2716 -21.148 -7.62939e-07
      vertex 66.212 -21.2827 2.5
      vertex 66.212 -21.2827 -7.62939e-07
    endloop
  endfacet
  facet normal 0.844778 -0.535117 0
    outer loop
      vertex 65.9944 -21.6667 2.5
      vertex 66.0732 -21.5423 -7.62939e-07
      vertex 66.0732 -21.5423 2.5
    endloop
  endfacet
  facet normal 0.844778 -0.535117 0
    outer loop
      vertex 66.0732 -21.5423 -7.62939e-07
      vertex 65.9944 -21.6667 2.5
      vertex 65.9944 -21.6667 -7.62939e-07
    endloop
  endfacet
  facet normal -0.975624 -0.219448 0
    outer loop
      vertex 29.0899 -20.7289 -7.62939e-07
      vertex 29.0576 -20.5853 2.5
      vertex 29.0576 -20.5853 -7.62939e-07
    endloop
  endfacet
  facet normal -0.975624 -0.219448 0
    outer loop
      vertex 29.0576 -20.5853 2.5
      vertex 29.0899 -20.7289 -7.62939e-07
      vertex 29.0899 -20.7289 2.5
    endloop
  endfacet
  facet normal -0.985366 -0.170453 0
    outer loop
      vertex 29.0576 -20.5853 -7.62939e-07
      vertex 29.0325 -20.4402 2.5
      vertex 29.0325 -20.4402 -7.62939e-07
    endloop
  endfacet
  facet normal -0.985366 -0.170453 0
    outer loop
      vertex 29.0325 -20.4402 2.5
      vertex 29.0576 -20.5853 -7.62939e-07
      vertex 29.0576 -20.5853 2.5
    endloop
  endfacet
  facet normal -0.949562 -0.313579 0
    outer loop
      vertex 29.1754 -21.0107 -7.62939e-07
      vertex 29.1292 -20.8708 2.5
      vertex 29.1292 -20.8708 -7.62939e-07
    endloop
  endfacet
  facet normal -0.949562 -0.313579 0
    outer loop
      vertex 29.1292 -20.8708 2.5
      vertex 29.1754 -21.0107 -7.62939e-07
      vertex 29.1754 -21.0107 2.5
    endloop
  endfacet
  facet normal -0.757479 0.652859 0
    outer loop
      vertex 29.681 21.9032 -7.62939e-07
      vertex 29.7771 22.0147 2.5
      vertex 29.7771 22.0147 -7.62939e-07
    endloop
  endfacet
  facet normal -0.757479 0.652859 0
    outer loop
      vertex 29.7771 22.0147 2.5
      vertex 29.681 21.9032 -7.62939e-07
      vertex 29.681 21.9032 2.5
    endloop
  endfacet
  facet normal -0.615209 0.788364 0
    outer loop
      vertex 30.2129 22.4096 -7.62939e-07
      vertex 30.0968 22.319 2.5
      vertex 30.2129 22.4096 2.5
    endloop
  endfacet
  facet normal -0.615209 0.788364 0
    outer loop
      vertex 30.0968 22.319 2.5
      vertex 30.2129 22.4096 -7.62939e-07
      vertex 30.0968 22.319 -7.62939e-07
    endloop
  endfacet
  facet normal -0.81757 0.57583 0
    outer loop
      vertex 29.5056 21.6667 -7.62939e-07
      vertex 29.5904 21.7871 2.5
      vertex 29.5904 21.7871 -7.62939e-07
    endloop
  endfacet
  facet normal -0.81757 0.57583 0
    outer loop
      vertex 29.5904 21.7871 2.5
      vertex 29.5056 21.6667 -7.62939e-07
      vertex 29.5056 21.6667 2.5
    endloop
  endfacet
  facet normal -0.914231 0.405194 0
    outer loop
      vertex 29.2283 21.148 -7.62939e-07
      vertex 29.288 21.2827 2.5
      vertex 29.288 21.2827 -7.62939e-07
    endloop
  endfacet
  facet normal -0.914231 0.405194 0
    outer loop
      vertex 29.288 21.2827 2.5
      vertex 29.2283 21.148 -7.62939e-07
      vertex 29.2283 21.148 2.5
    endloop
  endfacet
  facet normal -0.266734 -0.96377 0
    outer loop
      vertex 31.1291 -22.8708 -7.62939e-07
      vertex 31.2711 -22.9101 2.5
      vertex 31.1291 -22.8708 2.5
    endloop
  endfacet
  facet normal -0.266734 -0.96377 -0
    outer loop
      vertex 31.2711 -22.9101 2.5
      vertex 31.1291 -22.8708 -7.62939e-07
      vertex 31.2711 -22.9101 -7.62939e-07
    endloop
  endfacet
  facet normal -0.615209 -0.788364 0
    outer loop
      vertex 30.0968 -22.319 -7.62939e-07
      vertex 30.2129 -22.4096 2.5
      vertex 30.0968 -22.319 2.5
    endloop
  endfacet
  facet normal -0.615209 -0.788364 -0
    outer loop
      vertex 30.2129 -22.4096 2.5
      vertex 30.0968 -22.319 -7.62939e-07
      vertex 30.2129 -22.4096 -7.62939e-07
    endloop
  endfacet
  facet normal 0.219448 -0.975624 0
    outer loop
      vertex 64.0853 -22.9424 -7.62939e-07
      vertex 64.2289 -22.9101 2.5
      vertex 64.0853 -22.9424 2.5
    endloop
  endfacet
  facet normal 0.219448 -0.975624 0
    outer loop
      vertex 64.2289 -22.9101 2.5
      vertex 64.0853 -22.9424 -7.62939e-07
      vertex 64.2289 -22.9101 -7.62939e-07
    endloop
  endfacet
  facet normal 0.266908 -0.963722 0
    outer loop
      vertex 64.2289 -22.9101 -7.62939e-07
      vertex 64.3708 -22.8708 2.5
      vertex 64.2289 -22.9101 2.5
    endloop
  endfacet
  facet normal 0.266908 -0.963722 0
    outer loop
      vertex 64.3708 -22.8708 2.5
      vertex 64.2289 -22.9101 -7.62939e-07
      vertex 64.3708 -22.8708 -7.62939e-07
    endloop
  endfacet
  facet normal 0.449657 -0.893201 0
    outer loop
      vertex 64.7827 -22.712 -7.62939e-07
      vertex 64.9142 -22.6458 2.5
      vertex 64.7827 -22.712 2.5
    endloop
  endfacet
  facet normal 0.449657 -0.893201 0
    outer loop
      vertex 64.9142 -22.6458 2.5
      vertex 64.7827 -22.712 -7.62939e-07
      vertex 64.9142 -22.6458 -7.62939e-07
    endloop
  endfacet
  facet normal 0.653249 -0.757144 0
    outer loop
      vertex 65.4032 -22.319 -7.62939e-07
      vertex 65.5147 -22.2228 2.5
      vertex 65.4032 -22.319 2.5
    endloop
  endfacet
  facet normal 0.653249 -0.757144 0
    outer loop
      vertex 65.5147 -22.2228 2.5
      vertex 65.4032 -22.319 -7.62939e-07
      vertex 65.5147 -22.2228 -7.62939e-07
    endloop
  endfacet
  facet normal 0.68957 -0.724219 0
    outer loop
      vertex 65.5147 -22.2228 -7.62939e-07
      vertex 65.6213 -22.1213 2.5
      vertex 65.5147 -22.2228 2.5
    endloop
  endfacet
  facet normal 0.68957 -0.724219 0
    outer loop
      vertex 65.6213 -22.1213 2.5
      vertex 65.5147 -22.2228 -7.62939e-07
      vertex 65.6213 -22.1213 -7.62939e-07
    endloop
  endfacet
  facet normal 0.266908 0.963722 -0
    outer loop
      vertex 64.3708 22.8708 -7.62939e-07
      vertex 64.2289 22.9101 2.5
      vertex 64.3708 22.8708 2.5
    endloop
  endfacet
  facet normal 0.266908 0.963722 0
    outer loop
      vertex 64.2289 22.9101 2.5
      vertex 64.3708 22.8708 -7.62939e-07
      vertex 64.2289 22.9101 -7.62939e-07
    endloop
  endfacet
  facet normal 0.404626 0.914482 -0
    outer loop
      vertex 64.7827 22.712 -7.62939e-07
      vertex 64.648 22.7716 2.5
      vertex 64.7827 22.712 2.5
    endloop
  endfacet
  facet normal 0.404626 0.914482 0
    outer loop
      vertex 64.648 22.7716 2.5
      vertex 64.7827 22.712 -7.62939e-07
      vertex 64.648 22.7716 -7.62939e-07
    endloop
  endfacet
  facet normal 0.68957 0.724219 -0
    outer loop
      vertex 65.6213 22.1213 -7.62939e-07
      vertex 65.5147 22.2228 2.5
      vertex 65.6213 22.1213 2.5
    endloop
  endfacet
  facet normal 0.68957 0.724219 0
    outer loop
      vertex 65.5147 22.2228 2.5
      vertex 65.6213 22.1213 -7.62939e-07
      vertex 65.5147 22.2228 -7.62939e-07
    endloop
  endfacet
  facet normal 0.653249 0.757144 -0
    outer loop
      vertex 65.5147 22.2228 -7.62939e-07
      vertex 65.4032 22.319 2.5
      vertex 65.5147 22.2228 2.5
    endloop
  endfacet
  facet normal 0.653249 0.757144 0
    outer loop
      vertex 65.4032 22.319 2.5
      vertex 65.5147 22.2228 -7.62939e-07
      vertex 65.4032 22.319 -7.62939e-07
    endloop
  endfacet
  facet normal 0.615209 0.788364 -0
    outer loop
      vertex 65.4032 22.319 -7.62939e-07
      vertex 65.2871 22.4096 2.5
      vertex 65.4032 22.319 2.5
    endloop
  endfacet
  facet normal 0.615209 0.788364 0
    outer loop
      vertex 65.2871 22.4096 2.5
      vertex 65.4032 22.319 -7.62939e-07
      vertex 65.2871 22.4096 -7.62939e-07
    endloop
  endfacet
  facet normal 0.535117 0.844778 -0
    outer loop
      vertex 65.1667 22.4944 -7.62939e-07
      vertex 65.0423 22.5732 2.5
      vertex 65.1667 22.4944 2.5
    endloop
  endfacet
  facet normal 0.535117 0.844778 0
    outer loop
      vertex 65.0423 22.5732 2.5
      vertex 65.1667 22.4944 -7.62939e-07
      vertex 65.0423 22.5732 -7.62939e-07
    endloop
  endfacet
  facet normal 0.893201 0.449657 0
    outer loop
      vertex 66.212 21.2827 2.5
      vertex 66.1458 21.4142 -7.62939e-07
      vertex 66.1458 21.4142 2.5
    endloop
  endfacet
  facet normal 0.893201 0.449657 0
    outer loop
      vertex 66.1458 21.4142 -7.62939e-07
      vertex 66.212 21.2827 2.5
      vertex 66.212 21.2827 -7.62939e-07
    endloop
  endfacet
  facet normal 0.81757 0.57583 0
    outer loop
      vertex 65.9944 21.6667 2.5
      vertex 65.9096 21.7871 -7.62939e-07
      vertex 65.9096 21.7871 2.5
    endloop
  endfacet
  facet normal 0.81757 0.57583 0
    outer loop
      vertex 65.9096 21.7871 -7.62939e-07
      vertex 65.9944 21.6667 2.5
      vertex 65.9944 21.6667 -7.62939e-07
    endloop
  endfacet
  facet normal 0.788364 0.615209 0
    outer loop
      vertex 65.9096 21.7871 2.5
      vertex 65.819 21.9032 -7.62939e-07
      vertex 65.819 21.9032 2.5
    endloop
  endfacet
  facet normal 0.788364 0.615209 0
    outer loop
      vertex 65.819 21.9032 -7.62939e-07
      vertex 65.9096 21.7871 2.5
      vertex 65.9096 21.7871 -7.62939e-07
    endloop
  endfacet
  facet normal 0.757144 0.653249 0
    outer loop
      vertex 65.819 21.9032 2.5
      vertex 65.7228 22.0147 -7.62939e-07
      vertex 65.7228 22.0147 2.5
    endloop
  endfacet
  facet normal 0.757144 0.653249 0
    outer loop
      vertex 65.7228 22.0147 -7.62939e-07
      vertex 65.819 21.9032 2.5
      vertex 65.819 21.9032 -7.62939e-07
    endloop
  endfacet
  facet normal 0.992506 0.122196 0
    outer loop
      vertex 66.4855 20.294 2.5
      vertex 66.4675 20.4402 -7.62939e-07
      vertex 66.4675 20.4402 2.5
    endloop
  endfacet
  facet normal 0.992506 0.122196 0
    outer loop
      vertex 66.4675 20.4402 -7.62939e-07
      vertex 66.4855 20.294 2.5
      vertex 66.4855 20.294 -7.62939e-07
    endloop
  endfacet
  facet normal 0.963722 0.266908 0
    outer loop
      vertex 66.4101 20.7289 2.5
      vertex 66.3708 20.8708 -7.62939e-07
      vertex 66.3708 20.8708 2.5
    endloop
  endfacet
  facet normal 0.963722 0.266908 0
    outer loop
      vertex 66.3708 20.8708 -7.62939e-07
      vertex 66.4101 20.7289 2.5
      vertex 66.4101 20.7289 -7.62939e-07
    endloop
  endfacet
  facet normal 0.949562 0.313579 0
    outer loop
      vertex 66.3708 20.8708 2.5
      vertex 66.3246 21.0107 -7.62939e-07
      vertex 66.3246 21.0107 2.5
    endloop
  endfacet
  facet normal 0.949562 0.313579 0
    outer loop
      vertex 66.3246 21.0107 -7.62939e-07
      vertex 66.3708 20.8708 2.5
      vertex 66.3708 20.8708 -7.62939e-07
    endloop
  endfacet
  facet normal 0.932907 0.360117 0
    outer loop
      vertex 66.3246 21.0107 2.5
      vertex 66.2716 21.148 -7.62939e-07
      vertex 66.2716 21.148 2.5
    endloop
  endfacet
  facet normal 0.932907 0.360117 0
    outer loop
      vertex 66.2716 21.148 -7.62939e-07
      vertex 66.3246 21.0107 2.5
      vertex 66.3246 21.0107 -7.62939e-07
    endloop
  endfacet
  facet normal 0.975624 -0.219448 0
    outer loop
      vertex 66.4101 -20.7289 2.5
      vertex 66.4424 -20.5853 -7.62939e-07
      vertex 66.4424 -20.5853 2.5
    endloop
  endfacet
  facet normal 0.975624 -0.219448 0
    outer loop
      vertex 66.4424 -20.5853 -7.62939e-07
      vertex 66.4101 -20.7289 2.5
      vertex 66.4101 -20.7289 -7.62939e-07
    endloop
  endfacet
  facet normal 0.997255 -0.0740468 0
    outer loop
      vertex 66.4855 -20.294 2.5
      vertex 66.4964 -20.1472 -7.62939e-07
      vertex 66.4964 -20.1472 2.5
    endloop
  endfacet
  facet normal 0.997255 -0.0740468 0
    outer loop
      vertex 66.4964 -20.1472 -7.62939e-07
      vertex 66.4855 -20.294 2.5
      vertex 66.4855 -20.294 -7.62939e-07
    endloop
  endfacet
  facet normal 0.932907 -0.360117 0
    outer loop
      vertex 66.2716 -21.148 2.5
      vertex 66.3246 -21.0107 -7.62939e-07
      vertex 66.3246 -21.0107 2.5
    endloop
  endfacet
  facet normal 0.932907 -0.360117 0
    outer loop
      vertex 66.3246 -21.0107 -7.62939e-07
      vertex 66.2716 -21.148 2.5
      vertex 66.2716 -21.148 -7.62939e-07
    endloop
  endfacet
  facet normal 0.949562 -0.313579 0
    outer loop
      vertex 66.3246 -21.0107 2.5
      vertex 66.3708 -20.8708 -7.62939e-07
      vertex 66.3708 -20.8708 2.5
    endloop
  endfacet
  facet normal 0.949562 -0.313579 0
    outer loop
      vertex 66.3708 -20.8708 -7.62939e-07
      vertex 66.3246 -21.0107 2.5
      vertex 66.3246 -21.0107 -7.62939e-07
    endloop
  endfacet
  facet normal 0.869993 -0.493064 0
    outer loop
      vertex 66.0732 -21.5423 2.5
      vertex 66.1458 -21.4142 -7.62939e-07
      vertex 66.1458 -21.4142 2.5
    endloop
  endfacet
  facet normal 0.869993 -0.493064 0
    outer loop
      vertex 66.1458 -21.4142 -7.62939e-07
      vertex 66.0732 -21.5423 2.5
      vertex 66.0732 -21.5423 -7.62939e-07
    endloop
  endfacet
  facet normal 0.893201 -0.449657 0
    outer loop
      vertex 66.1458 -21.4142 2.5
      vertex 66.212 -21.2827 -7.62939e-07
      vertex 66.212 -21.2827 2.5
    endloop
  endfacet
  facet normal 0.893201 -0.449657 0
    outer loop
      vertex 66.212 -21.2827 -7.62939e-07
      vertex 66.1458 -21.4142 2.5
      vertex 66.1458 -21.4142 -7.62939e-07
    endloop
  endfacet
  facet normal -0.359889 0.932995 0
    outer loop
      vertex 30.9893 22.8246 -7.62939e-07
      vertex 30.8519 22.7716 2.5
      vertex 30.9893 22.8246 2.5
    endloop
  endfacet
  facet normal -0.359889 0.932995 0
    outer loop
      vertex 30.8519 22.7716 2.5
      vertex 30.9893 22.8246 -7.62939e-07
      vertex 30.8519 22.7716 -7.62939e-07
    endloop
  endfacet
  facet normal -0.266734 0.96377 0
    outer loop
      vertex 31.2711 22.9101 -7.62939e-07
      vertex 31.1291 22.8708 2.5
      vertex 31.2711 22.9101 2.5
    endloop
  endfacet
  facet normal -0.266734 0.96377 0
    outer loop
      vertex 31.1291 22.8708 2.5
      vertex 31.2711 22.9101 -7.62939e-07
      vertex 31.1291 22.8708 -7.62939e-07
    endloop
  endfacet
  facet normal -0.122279 0.992496 0
    outer loop
      vertex 31.7059 22.9855 -7.62939e-07
      vertex 31.5598 22.9675 2.5
      vertex 31.7059 22.9855 2.5
    endloop
  endfacet
  facet normal -0.122279 0.992496 0
    outer loop
      vertex 31.5598 22.9675 2.5
      vertex 31.7059 22.9855 -7.62939e-07
      vertex 31.5598 22.9675 -7.62939e-07
    endloop
  endfacet
  facet normal -0.170453 0.985366 0
    outer loop
      vertex 31.5598 22.9675 -7.62939e-07
      vertex 31.4147 22.9424 2.5
      vertex 31.5598 22.9675 2.5
    endloop
  endfacet
  facet normal -0.170453 0.985366 0
    outer loop
      vertex 31.4147 22.9424 2.5
      vertex 31.5598 22.9675 -7.62939e-07
      vertex 31.4147 22.9424 -7.62939e-07
    endloop
  endfacet
  facet normal -0.933135 -0.359526 0
    outer loop
      vertex 29.2283 -21.148 -7.62939e-07
      vertex 29.1754 -21.0107 2.5
      vertex 29.1754 -21.0107 -7.62939e-07
    endloop
  endfacet
  facet normal -0.933135 -0.359526 0
    outer loop
      vertex 29.1754 -21.0107 2.5
      vertex 29.2283 -21.148 -7.62939e-07
      vertex 29.2283 -21.148 2.5
    endloop
  endfacet
  facet normal -0.963722 -0.266908 0
    outer loop
      vertex 29.1292 -20.8708 -7.62939e-07
      vertex 29.0899 -20.7289 2.5
      vertex 29.0899 -20.7289 -7.62939e-07
    endloop
  endfacet
  facet normal -0.963722 -0.266908 0
    outer loop
      vertex 29.0899 -20.7289 2.5
      vertex 29.1292 -20.8708 -7.62939e-07
      vertex 29.1292 -20.8708 2.5
    endloop
  endfacet
  facet normal -0.992423 -0.122865 0
    outer loop
      vertex 29.0325 -20.4402 -7.62939e-07
      vertex 29.0144 -20.294 2.5
      vertex 29.0144 -20.294 -7.62939e-07
    endloop
  endfacet
  facet normal -0.992423 -0.122865 0
    outer loop
      vertex 29.0144 -20.294 2.5
      vertex 29.0325 -20.4402 -7.62939e-07
      vertex 29.0325 -20.4402 2.5
    endloop
  endfacet
  facet normal -0.997305 -0.0733712 0
    outer loop
      vertex 29.0144 -20.294 -7.62939e-07
      vertex 29.0036 -20.1472 2.5
      vertex 29.0036 -20.1472 -7.62939e-07
    endloop
  endfacet
  facet normal -0.997305 -0.0733712 0
    outer loop
      vertex 29.0036 -20.1472 2.5
      vertex 29.0144 -20.294 -7.62939e-07
      vertex 29.0144 -20.294 2.5
    endloop
  endfacet
  facet normal -0.535117 0.844778 0
    outer loop
      vertex 30.4577 22.5732 -7.62939e-07
      vertex 30.3333 22.4944 2.5
      vertex 30.4577 22.5732 2.5
    endloop
  endfacet
  facet normal -0.535117 0.844778 0
    outer loop
      vertex 30.3333 22.4944 2.5
      vertex 30.4577 22.5732 -7.62939e-07
      vertex 30.3333 22.4944 -7.62939e-07
    endloop
  endfacet
  facet normal -0.788364 0.615209 0
    outer loop
      vertex 29.5904 21.7871 -7.62939e-07
      vertex 29.681 21.9032 2.5
      vertex 29.681 21.9032 -7.62939e-07
    endloop
  endfacet
  facet normal -0.788364 0.615209 0
    outer loop
      vertex 29.681 21.9032 2.5
      vertex 29.5904 21.7871 -7.62939e-07
      vertex 29.5904 21.7871 2.5
    endloop
  endfacet
  facet normal -0.844778 0.535117 0
    outer loop
      vertex 29.4268 21.5423 -7.62939e-07
      vertex 29.5056 21.6667 2.5
      vertex 29.5056 21.6667 -7.62939e-07
    endloop
  endfacet
  facet normal -0.844778 0.535117 0
    outer loop
      vertex 29.5056 21.6667 2.5
      vertex 29.4268 21.5423 -7.62939e-07
      vertex 29.4268 21.5423 2.5
    endloop
  endfacet
  facet normal -0.985366 0.170453 0
    outer loop
      vertex 29.0325 20.4402 -7.62939e-07
      vertex 29.0576 20.5853 2.5
      vertex 29.0576 20.5853 -7.62939e-07
    endloop
  endfacet
  facet normal -0.985366 0.170453 0
    outer loop
      vertex 29.0576 20.5853 2.5
      vertex 29.0325 20.4402 -7.62939e-07
      vertex 29.0325 20.4402 2.5
    endloop
  endfacet
  facet normal -0.893201 0.449657 0
    outer loop
      vertex 29.288 21.2827 -7.62939e-07
      vertex 29.3542 21.4142 2.5
      vertex 29.3542 21.4142 -7.62939e-07
    endloop
  endfacet
  facet normal -0.893201 0.449657 0
    outer loop
      vertex 29.3542 21.4142 2.5
      vertex 29.288 21.2827 -7.62939e-07
      vertex 29.288 21.2827 2.5
    endloop
  endfacet
  facet normal -0.653249 -0.757144 0
    outer loop
      vertex 29.9853 -22.2228 -7.62939e-07
      vertex 30.0968 -22.319 2.5
      vertex 29.9853 -22.2228 2.5
    endloop
  endfacet
  facet normal -0.653249 -0.757144 -0
    outer loop
      vertex 30.0968 -22.319 2.5
      vertex 29.9853 -22.2228 -7.62939e-07
      vertex 30.0968 -22.319 -7.62939e-07
    endloop
  endfacet
  facet normal -0.68957 -0.724219 0
    outer loop
      vertex 29.8787 -22.1213 -7.62939e-07
      vertex 29.9853 -22.2228 2.5
      vertex 29.8787 -22.1213 2.5
    endloop
  endfacet
  facet normal -0.68957 -0.724219 -0
    outer loop
      vertex 29.9853 -22.2228 2.5
      vertex 29.8787 -22.1213 -7.62939e-07
      vertex 29.9853 -22.2228 -7.62939e-07
    endloop
  endfacet
  facet normal -0.869993 -0.493064 0
    outer loop
      vertex 29.4268 -21.5423 -7.62939e-07
      vertex 29.3542 -21.4142 2.5
      vertex 29.3542 -21.4142 -7.62939e-07
    endloop
  endfacet
  facet normal -0.869993 -0.493064 0
    outer loop
      vertex 29.3542 -21.4142 2.5
      vertex 29.4268 -21.5423 -7.62939e-07
      vertex 29.4268 -21.5423 2.5
    endloop
  endfacet
  facet normal -0.493064 -0.869993 0
    outer loop
      vertex 30.4577 -22.5732 -7.62939e-07
      vertex 30.5858 -22.6458 2.5
      vertex 30.4577 -22.5732 2.5
    endloop
  endfacet
  facet normal -0.493064 -0.869993 -0
    outer loop
      vertex 30.5858 -22.6458 2.5
      vertex 30.4577 -22.5732 -7.62939e-07
      vertex 30.5858 -22.6458 -7.62939e-07
    endloop
  endfacet
  facet normal -0.404877 -0.914371 0
    outer loop
      vertex 30.7173 -22.712 -7.62939e-07
      vertex 30.8519 -22.7716 2.5
      vertex 30.7173 -22.712 2.5
    endloop
  endfacet
  facet normal -0.404877 -0.914371 -0
    outer loop
      vertex 30.8519 -22.7716 2.5
      vertex 30.7173 -22.712 -7.62939e-07
      vertex 30.8519 -22.7716 -7.62939e-07
    endloop
  endfacet
  facet normal -0.57583 -0.81757 0
    outer loop
      vertex 30.2129 -22.4096 -7.62939e-07
      vertex 30.3333 -22.4944 2.5
      vertex 30.2129 -22.4096 2.5
    endloop
  endfacet
  facet normal -0.57583 -0.81757 -0
    outer loop
      vertex 30.3333 -22.4944 2.5
      vertex 30.2129 -22.4096 -7.62939e-07
      vertex 30.3333 -22.4944 -7.62939e-07
    endloop
  endfacet
  facet normal -0.535117 -0.844778 0
    outer loop
      vertex 30.3333 -22.4944 -7.62939e-07
      vertex 30.4577 -22.5732 2.5
      vertex 30.3333 -22.4944 2.5
    endloop
  endfacet
  facet normal -0.535117 -0.844778 -0
    outer loop
      vertex 30.4577 -22.5732 2.5
      vertex 30.3333 -22.4944 -7.62939e-07
      vertex 30.4577 -22.5732 -7.62939e-07
    endloop
  endfacet
  facet normal -0.404877 0.914371 0
    outer loop
      vertex 30.8519 22.7716 -7.62939e-07
      vertex 30.7173 22.712 2.5
      vertex 30.8519 22.7716 2.5
    endloop
  endfacet
  facet normal -0.404877 0.914371 0
    outer loop
      vertex 30.7173 22.712 2.5
      vertex 30.8519 22.7716 -7.62939e-07
      vertex 30.7173 22.712 -7.62939e-07
    endloop
  endfacet
  facet normal -0.493064 0.869993 0
    outer loop
      vertex 30.5858 22.6458 -7.62939e-07
      vertex 30.4577 22.5732 2.5
      vertex 30.5858 22.6458 2.5
    endloop
  endfacet
  facet normal -0.493064 0.869993 0
    outer loop
      vertex 30.4577 22.5732 2.5
      vertex 30.5858 22.6458 -7.62939e-07
      vertex 30.4577 22.5732 -7.62939e-07
    endloop
  endfacet
  facet normal -0.449657 0.893201 0
    outer loop
      vertex 30.7173 22.712 -7.62939e-07
      vertex 30.5858 22.6458 2.5
      vertex 30.7173 22.712 2.5
    endloop
  endfacet
  facet normal -0.449657 0.893201 0
    outer loop
      vertex 30.5858 22.6458 2.5
      vertex 30.7173 22.712 -7.62939e-07
      vertex 30.5858 22.6458 -7.62939e-07
    endloop
  endfacet
  facet normal -0.313782 0.949495 0
    outer loop
      vertex 31.1291 22.8708 -7.62939e-07
      vertex 30.9893 22.8246 2.5
      vertex 31.1291 22.8708 2.5
    endloop
  endfacet
  facet normal -0.313782 0.949495 0
    outer loop
      vertex 30.9893 22.8246 2.5
      vertex 31.1291 22.8708 -7.62939e-07
      vertex 30.9893 22.8246 -7.62939e-07
    endloop
  endfacet
  facet normal -0.0739967 0.997258 0
    outer loop
      vertex 31.8528 22.9964 -7.62939e-07
      vertex 31.7059 22.9855 2.5
      vertex 31.8528 22.9964 2.5
    endloop
  endfacet
  facet normal -0.0739967 0.997258 0
    outer loop
      vertex 31.7059 22.9855 2.5
      vertex 31.8528 22.9964 -7.62939e-07
      vertex 31.7059 22.9855 -7.62939e-07
    endloop
  endfacet
  facet normal -0.914231 -0.405194 0
    outer loop
      vertex 29.288 -21.2827 -7.62939e-07
      vertex 29.2283 -21.148 2.5
      vertex 29.2283 -21.148 -7.62939e-07
    endloop
  endfacet
  facet normal -0.914231 -0.405194 0
    outer loop
      vertex 29.2283 -21.148 2.5
      vertex 29.288 -21.2827 -7.62939e-07
      vertex 29.288 -21.2827 2.5
    endloop
  endfacet
  facet normal -0.869993 0.493064 0
    outer loop
      vertex 29.3542 21.4142 -7.62939e-07
      vertex 29.4268 21.5423 2.5
      vertex 29.4268 21.5423 -7.62939e-07
    endloop
  endfacet
  facet normal -0.869993 0.493064 0
    outer loop
      vertex 29.4268 21.5423 2.5
      vertex 29.3542 21.4142 -7.62939e-07
      vertex 29.3542 21.4142 2.5
    endloop
  endfacet
  facet normal -0.949562 0.313579 0
    outer loop
      vertex 29.1292 20.8708 -7.62939e-07
      vertex 29.1754 21.0107 2.5
      vertex 29.1754 21.0107 -7.62939e-07
    endloop
  endfacet
  facet normal -0.949562 0.313579 0
    outer loop
      vertex 29.1754 21.0107 2.5
      vertex 29.1292 20.8708 -7.62939e-07
      vertex 29.1292 20.8708 2.5
    endloop
  endfacet
  facet normal -0.975624 0.219448 0
    outer loop
      vertex 29.0576 20.5853 -7.62939e-07
      vertex 29.0899 20.7289 2.5
      vertex 29.0899 20.7289 -7.62939e-07
    endloop
  endfacet
  facet normal -0.975624 0.219448 0
    outer loop
      vertex 29.0899 20.7289 2.5
      vertex 29.0576 20.5853 -7.62939e-07
      vertex 29.0576 20.5853 2.5
    endloop
  endfacet
  facet normal -0.723879 -0.689926 0
    outer loop
      vertex 29.8787 -22.1213 -7.62939e-07
      vertex 29.7771 -22.0147 2.5
      vertex 29.7771 -22.0147 -7.62939e-07
    endloop
  endfacet
  facet normal -0.723879 -0.689926 0
    outer loop
      vertex 29.7771 -22.0147 2.5
      vertex 29.8787 -22.1213 -7.62939e-07
      vertex 29.8787 -22.1213 2.5
    endloop
  endfacet
  facet normal -0.81757 -0.57583 0
    outer loop
      vertex 29.5904 -21.7871 -7.62939e-07
      vertex 29.5056 -21.6667 2.5
      vertex 29.5056 -21.6667 -7.62939e-07
    endloop
  endfacet
  facet normal -0.81757 -0.57583 0
    outer loop
      vertex 29.5056 -21.6667 2.5
      vertex 29.5904 -21.7871 -7.62939e-07
      vertex 29.5904 -21.7871 2.5
    endloop
  endfacet
  facet normal -0.359889 -0.932995 0
    outer loop
      vertex 30.8519 -22.7716 -7.62939e-07
      vertex 30.9893 -22.8246 2.5
      vertex 30.8519 -22.7716 2.5
    endloop
  endfacet
  facet normal -0.359889 -0.932995 -0
    outer loop
      vertex 30.9893 -22.8246 2.5
      vertex 30.8519 -22.7716 -7.62939e-07
      vertex 30.9893 -22.8246 -7.62939e-07
    endloop
  endfacet
  facet normal -0.449657 -0.893201 0
    outer loop
      vertex 30.5858 -22.6458 -7.62939e-07
      vertex 30.7173 -22.712 2.5
      vertex 30.5858 -22.6458 2.5
    endloop
  endfacet
  facet normal -0.449657 -0.893201 -0
    outer loop
      vertex 30.7173 -22.712 2.5
      vertex 30.5858 -22.6458 -7.62939e-07
      vertex 30.7173 -22.712 -7.62939e-07
    endloop
  endfacet
  facet normal -0.219448 0.975624 0
    outer loop
      vertex 31.4147 22.9424 -7.62939e-07
      vertex 31.2711 22.9101 2.5
      vertex 31.4147 22.9424 2.5
    endloop
  endfacet
  facet normal -0.219448 0.975624 0
    outer loop
      vertex 31.2711 22.9101 2.5
      vertex 31.4147 22.9424 -7.62939e-07
      vertex 31.2711 22.9101 -7.62939e-07
    endloop
  endfacet
  facet normal -0.653249 0.757144 0
    outer loop
      vertex 30.0968 22.319 -7.62939e-07
      vertex 29.9853 22.2228 2.5
      vertex 30.0968 22.319 2.5
    endloop
  endfacet
  facet normal -0.653249 0.757144 0
    outer loop
      vertex 29.9853 22.2228 2.5
      vertex 30.0968 22.319 -7.62939e-07
      vertex 29.9853 22.2228 -7.62939e-07
    endloop
  endfacet
  facet normal -0.68957 0.724219 0
    outer loop
      vertex 29.9853 22.2228 -7.62939e-07
      vertex 29.8787 22.1213 2.5
      vertex 29.9853 22.2228 2.5
    endloop
  endfacet
  facet normal -0.68957 0.724219 0
    outer loop
      vertex 29.8787 22.1213 2.5
      vertex 29.9853 22.2228 -7.62939e-07
      vertex 29.8787 22.1213 -7.62939e-07
    endloop
  endfacet
  facet normal -0.933135 0.359526 0
    outer loop
      vertex 29.1754 21.0107 -7.62939e-07
      vertex 29.2283 21.148 2.5
      vertex 29.2283 21.148 -7.62939e-07
    endloop
  endfacet
  facet normal -0.933135 0.359526 0
    outer loop
      vertex 29.2283 21.148 2.5
      vertex 29.1754 21.0107 -7.62939e-07
      vertex 29.1754 21.0107 2.5
    endloop
  endfacet
  facet normal -0.999701 0.0244492 0
    outer loop
      vertex 29 20 -7.62939e-07
      vertex 29.0036 20.1472 2.5
      vertex 29.0036 20.1472 -7.62939e-07
    endloop
  endfacet
  facet normal -0.999701 0.0244492 0
    outer loop
      vertex 29.0036 20.1472 2.5
      vertex 29 20 -7.62939e-07
      vertex 29 20 2.5
    endloop
  endfacet
  facet normal -0.963722 0.266908 0
    outer loop
      vertex 29.0899 20.7289 -7.62939e-07
      vertex 29.1292 20.8708 2.5
      vertex 29.1292 20.8708 -7.62939e-07
    endloop
  endfacet
  facet normal -0.963722 0.266908 0
    outer loop
      vertex 29.1292 20.8708 2.5
      vertex 29.0899 20.7289 -7.62939e-07
      vertex 29.0899 20.7289 2.5
    endloop
  endfacet
  facet normal -0.788364 -0.615209 0
    outer loop
      vertex 29.681 -21.9032 -7.62939e-07
      vertex 29.5904 -21.7871 2.5
      vertex 29.5904 -21.7871 -7.62939e-07
    endloop
  endfacet
  facet normal -0.788364 -0.615209 0
    outer loop
      vertex 29.5904 -21.7871 2.5
      vertex 29.681 -21.9032 -7.62939e-07
      vertex 29.681 -21.9032 2.5
    endloop
  endfacet
  facet normal -0.844778 -0.535117 0
    outer loop
      vertex 29.5056 -21.6667 -7.62939e-07
      vertex 29.4268 -21.5423 2.5
      vertex 29.4268 -21.5423 -7.62939e-07
    endloop
  endfacet
  facet normal -0.844778 -0.535117 0
    outer loop
      vertex 29.4268 -21.5423 2.5
      vertex 29.5056 -21.6667 -7.62939e-07
      vertex 29.5056 -21.6667 2.5
    endloop
  endfacet
  facet normal -0.893201 -0.449657 0
    outer loop
      vertex 29.3542 -21.4142 -7.62939e-07
      vertex 29.288 -21.2827 2.5
      vertex 29.288 -21.2827 -7.62939e-07
    endloop
  endfacet
  facet normal -0.893201 -0.449657 0
    outer loop
      vertex 29.288 -21.2827 2.5
      vertex 29.3542 -21.4142 -7.62939e-07
      vertex 29.3542 -21.4142 2.5
    endloop
  endfacet
  facet normal -0.313782 -0.949495 0
    outer loop
      vertex 30.9893 -22.8246 -7.62939e-07
      vertex 31.1291 -22.8708 2.5
      vertex 30.9893 -22.8246 2.5
    endloop
  endfacet
  facet normal -0.313782 -0.949495 -0
    outer loop
      vertex 31.1291 -22.8708 2.5
      vertex 30.9893 -22.8246 -7.62939e-07
      vertex 31.1291 -22.8708 -7.62939e-07
    endloop
  endfacet
  facet normal -0.997305 0.0733712 0
    outer loop
      vertex 29.0036 20.1472 -7.62939e-07
      vertex 29.0144 20.294 2.5
      vertex 29.0144 20.294 -7.62939e-07
    endloop
  endfacet
  facet normal -0.997305 0.0733712 0
    outer loop
      vertex 29.0144 20.294 2.5
      vertex 29.0036 20.1472 -7.62939e-07
      vertex 29.0036 20.1472 2.5
    endloop
  endfacet
  facet normal -0.992423 0.122865 0
    outer loop
      vertex 29.0144 20.294 -7.62939e-07
      vertex 29.0325 20.4402 2.5
      vertex 29.0325 20.4402 -7.62939e-07
    endloop
  endfacet
  facet normal -0.992423 0.122865 0
    outer loop
      vertex 29.0325 20.4402 2.5
      vertex 29.0144 20.294 -7.62939e-07
      vertex 29.0144 20.294 2.5
    endloop
  endfacet
  facet normal -0.757479 -0.652859 0
    outer loop
      vertex 29.7771 -22.0147 -7.62939e-07
      vertex 29.681 -21.9032 2.5
      vertex 29.681 -21.9032 -7.62939e-07
    endloop
  endfacet
  facet normal -0.757479 -0.652859 0
    outer loop
      vertex 29.681 -21.9032 2.5
      vertex 29.7771 -22.0147 -7.62939e-07
      vertex 29.7771 -22.0147 2.5
    endloop
  endfacet
  facet normal -1 0 0
    outer loop
      vertex 39 -8 -7.62939e-07
      vertex 39 8 2.5
      vertex 39 8 -7.62939e-07
    endloop
  endfacet
  facet normal -1 -0 0
    outer loop
      vertex 39 8 2.5
      vertex 39 -8 -7.62939e-07
      vertex 39 -8 2.5
    endloop
  endfacet
  facet normal 0 -1 0
    outer loop
      vertex 29 8 -7.62939e-07
      vertex 39 8 2.5
      vertex 29 8 2.5
    endloop
  endfacet
  facet normal 0 -1 -0
    outer loop
      vertex 39 8 2.5
      vertex 29 8 -7.62939e-07
      vertex 39 8 -7.62939e-07
    endloop
  endfacet
  facet normal 0 1 -0
    outer loop
      vertex 39 -8 -7.62939e-07
      vertex 29 -8 2.5
      vertex 39 -8 2.5
    endloop
  endfacet
  facet normal 0 1 0
    outer loop
      vertex 29 -8 2.5
      vertex 39 -8 -7.62939e-07
      vertex 29 -8 -7.62939e-07
    endloop
  endfacet
endsolid OpenSCAD_Model
