solid OpenSCAD_Model
  facet normal 0 0 1
    outer loop
      vertex 34.732 -24.3196 61
      vertex 48.005 -14.0811 61
      vertex 43.9093 -11.2132 61
    endloop
  endfacet
  facet normal 0 0 1
    outer loop
      vertex 48.005 -14.0811 61
      vertex 34.732 -24.3196 61
      vertex 37.6806 -28.8258 61
    endloop
  endfacet
  facet normal 0 0 1
    outer loop
      vertex 37.6806 -28.8258 61
      vertex 34.732 -24.3196 61
      vertex 36.8161 -28.2205 61
    endloop
  endfacet
  facet normal -0 0 1
    outer loop
      vertex 34.056 -25.2577 61
      vertex 36.8161 -28.2205 61
      vertex 34.732 -24.3196 61
    endloop
  endfacet
  facet normal 0 0 1
    outer loop
      vertex 34.056 -25.2577 61
      vertex 34.732 -24.3196 61
      vertex 34.7217 -24.3124 61
    endloop
  endfacet
  facet normal -0 0 1
    outer loop
      vertex 32.7756 -26.8983 61
      vertex 36.8161 -28.2205 61
      vertex 34.056 -25.2577 61
    endloop
  endfacet
  facet normal 0 0 1
    outer loop
      vertex 36.8161 -28.2205 61
      vertex 32.7756 -26.8983 61
      vertex 35.8677 -29.4358 61
    endloop
  endfacet
  facet normal 0 0 1
    outer loop
      vertex 35.8677 -29.4358 61
      vertex 32.7756 -26.8983 61
      vertex 34.3801 -31.1603 61
    endloop
  endfacet
  facet normal -0 0 1
    outer loop
      vertex 31.4163 -28.4741 61
      vertex 34.3801 -31.1603 61
      vertex 32.7756 -26.8983 61
    endloop
  endfacet
  facet normal 0 0 1
    outer loop
      vertex 34.3801 -31.1603 61
      vertex 31.4163 -28.4741 61
      vertex 32.8098 -32.8098 61
    endloop
  endfacet
  facet normal -0 0 1
    outer loop
      vertex 29.9813 -29.9813 61
      vertex 32.8098 -32.8098 61
      vertex 31.4163 -28.4741 61
    endloop
  endfacet
  facet normal 0 0 1
    outer loop
      vertex 32.8098 -32.8098 61
      vertex 29.9813 -29.9813 61
      vertex 31.1603 -34.3801 61
    endloop
  endfacet
  facet normal -0 0 1
    outer loop
      vertex 28.4741 -31.4163 61
      vertex 31.1603 -34.3801 61
      vertex 29.9813 -29.9813 61
    endloop
  endfacet
  facet normal 0 0 1
    outer loop
      vertex 31.1603 -34.3801 61
      vertex 28.4741 -31.4163 61
      vertex 29.4358 -35.8677 61
    endloop
  endfacet
  facet normal -0 0 1
    outer loop
      vertex 26.8983 -32.7756 61
      vertex 29.4358 -35.8677 61
      vertex 28.4741 -31.4163 61
    endloop
  endfacet
  facet normal 0 0 1
    outer loop
      vertex 29.4358 -35.8677 61
      vertex 26.8983 -32.7756 61
      vertex 27.6404 -37.2688 61
    endloop
  endfacet
  facet normal -0 0 1
    outer loop
      vertex 25.2577 -34.056 61
      vertex 27.6404 -37.2688 61
      vertex 26.8983 -32.7756 61
    endloop
  endfacet
  facet normal 0 0 1
    outer loop
      vertex 27.6404 -37.2688 61
      vertex 25.2577 -34.056 61
      vertex 25.7785 -38.5802 61
    endloop
  endfacet
  facet normal -0 0 1
    outer loop
      vertex 23.5562 -35.2543 61
      vertex 25.7785 -38.5802 61
      vertex 25.2577 -34.056 61
    endloop
  endfacet
  facet normal 0 0 1
    outer loop
      vertex 25.7785 -38.5802 61
      vertex 23.5562 -35.2543 61
      vertex 23.8544 -39.7986 61
    endloop
  endfacet
  facet normal -0 0 1
    outer loop
      vertex 21.798 -36.3677 61
      vertex 23.8544 -39.7986 61
      vertex 23.5562 -35.2543 61
    endloop
  endfacet
  facet normal 0 0 1
    outer loop
      vertex 23.8544 -39.7986 61
      vertex 21.798 -36.3677 61
      vertex 21.8728 -40.9211 61
    endloop
  endfacet
  facet normal -0 0 1
    outer loop
      vertex 19.9872 -37.3935 61
      vertex 21.8728 -40.9211 61
      vertex 21.798 -36.3677 61
    endloop
  endfacet
  facet normal 0 0 1
    outer loop
      vertex 19.9872 -37.3935 61
      vertex 19.8385 -41.9451 61
      vertex 21.8728 -40.9211 61
    endloop
  endfacet
  facet normal -0 0 1
    outer loop
      vertex 18.1283 -38.3291 61
      vertex 19.8385 -41.9451 61
      vertex 19.9872 -37.3935 61
    endloop
  endfacet
  facet normal 0 0 1
    outer loop
      vertex 18.1283 -38.3291 61
      vertex 17.7565 -42.868 61
      vertex 19.8385 -41.9451 61
    endloop
  endfacet
  facet normal -0 0 1
    outer loop
      vertex 16.2258 -39.1725 61
      vertex 17.7565 -42.868 61
      vertex 18.1283 -38.3291 61
    endloop
  endfacet
  facet normal 0 0 1
    outer loop
      vertex 16.2258 -39.1725 61
      vertex 15.6317 -43.6876 61
      vertex 17.7565 -42.868 61
    endloop
  endfacet
  facet normal -0 0 1
    outer loop
      vertex 14.2841 -39.9215 61
      vertex 15.6317 -43.6876 61
      vertex 16.2258 -39.1725 61
    endloop
  endfacet
  facet normal 0 0 1
    outer loop
      vertex 14.2841 -39.9215 61
      vertex 13.4692 -44.402 61
      vertex 15.6317 -43.6876 61
    endloop
  endfacet
  facet normal -0 0 1
    outer loop
      vertex 12.3081 -40.5743 61
      vertex 13.4692 -44.402 61
      vertex 14.2841 -39.9215 61
    endloop
  endfacet
  facet normal 0 0 1
    outer loop
      vertex 12.3081 -40.5743 61
      vertex 11.2743 -45.0094 61
      vertex 13.4692 -44.402 61
    endloop
  endfacet
  facet normal -0 0 1
    outer loop
      vertex 10.3024 -41.1293 61
      vertex 11.2743 -45.0094 61
      vertex 12.3081 -40.5743 61
    endloop
  endfacet
  facet normal 0 0 1
    outer loop
      vertex 10.3024 -41.1293 61
      vertex 9.05219 -45.5084 61
      vertex 11.2743 -45.0094 61
    endloop
  endfacet
  facet normal -0 0 1
    outer loop
      vertex 8.27183 -41.5853 61
      vertex 9.05219 -45.5084 61
      vertex 10.3024 -41.1293 61
    endloop
  endfacet
  facet normal 0 0 1
    outer loop
      vertex 8.27183 -41.5853 61
      vertex 6.80829 -45.8978 61
      vertex 9.05219 -45.5084 61
    endloop
  endfacet
  facet normal -0 0 1
    outer loop
      vertex 6.22137 -41.9411 61
      vertex 6.80829 -45.8978 61
      vertex 8.27183 -41.5853 61
    endloop
  endfacet
  facet normal 0 0 1
    outer loop
      vertex 6.22137 -41.9411 61
      vertex 4.54799 -46.1766 61
      vertex 6.80829 -45.8978 61
    endloop
  endfacet
  facet normal -0 0 1
    outer loop
      vertex 4.15593 -42.1958 61
      vertex 4.54799 -46.1766 61
      vertex 6.22137 -41.9411 61
    endloop
  endfacet
  facet normal 0 0 1
    outer loop
      vertex 4.15593 -42.1958 61
      vertex 2.27673 -46.3441 61
      vertex 4.54799 -46.1766 61
    endloop
  endfacet
  facet normal -0 0 1
    outer loop
      vertex 2.08047 -42.3489 61
      vertex 2.27673 -46.3441 61
      vertex 4.15593 -42.1958 61
    endloop
  endfacet
  facet normal -0 0 1
    outer loop
      vertex 0 -42.4 61
      vertex 2.27673 -46.3441 61
      vertex 2.08047 -42.3489 61
    endloop
  endfacet
  facet normal 0 0 1
    outer loop
      vertex 0 -42.4 61
      vertex 0 -46.4 61
      vertex 2.27673 -46.3441 61
    endloop
  endfacet
  facet normal 0 0 1
    outer loop
      vertex -2.08047 -42.3489 61
      vertex 0 -46.4 61
      vertex 0 -42.4 61
    endloop
  endfacet
  facet normal 0 0 1
    outer loop
      vertex -2.08047 -42.3489 61
      vertex -2.27673 -46.3441 61
      vertex 0 -46.4 61
    endloop
  endfacet
  facet normal 0 0 1
    outer loop
      vertex -4.15593 -42.1958 61
      vertex -2.27673 -46.3441 61
      vertex -2.08047 -42.3489 61
    endloop
  endfacet
  facet normal 0 0 1
    outer loop
      vertex -4.15593 -42.1958 61
      vertex -4.54799 -46.1766 61
      vertex -2.27673 -46.3441 61
    endloop
  endfacet
  facet normal 0 0 1
    outer loop
      vertex -6.22137 -41.9411 61
      vertex -4.54799 -46.1766 61
      vertex -4.15593 -42.1958 61
    endloop
  endfacet
  facet normal 0 0 1
    outer loop
      vertex -6.22137 -41.9411 61
      vertex -6.80829 -45.8978 61
      vertex -4.54799 -46.1766 61
    endloop
  endfacet
  facet normal 0 0 1
    outer loop
      vertex -8.27183 -41.5853 61
      vertex -6.80829 -45.8978 61
      vertex -6.22137 -41.9411 61
    endloop
  endfacet
  facet normal 0 0 1
    outer loop
      vertex -8.27183 -41.5853 61
      vertex -9.05219 -45.5084 61
      vertex -6.80829 -45.8978 61
    endloop
  endfacet
  facet normal 0 0 1
    outer loop
      vertex -10 -45.2956 61
      vertex -8.27183 -41.5853 61
      vertex -10 -41.1972 61
    endloop
  endfacet
  facet normal 0 0 1
    outer loop
      vertex -8.27183 -41.5853 61
      vertex -10 -45.2956 61
      vertex -9.05219 -45.5084 61
    endloop
  endfacet
  facet normal 0 0 1
    outer loop
      vertex -25.2577 -34.056 61
      vertex -30.4417 -35 61
      vertex -23.9173 -35 61
    endloop
  endfacet
  facet normal 0 0 1
    outer loop
      vertex -26.8983 -32.7756 61
      vertex -30.4417 -35 61
      vertex -25.2577 -34.056 61
    endloop
  endfacet
  facet normal 0 0 1
    outer loop
      vertex -28.4741 -31.4163 61
      vertex -30.4417 -35 61
      vertex -26.8983 -32.7756 61
    endloop
  endfacet
  facet normal 0 0 1
    outer loop
      vertex -31.1603 -34.3801 61
      vertex -28.4741 -31.4163 61
      vertex -29.9813 -29.9813 61
    endloop
  endfacet
  facet normal 0 0 1
    outer loop
      vertex -28.4741 -31.4163 61
      vertex -31.1603 -34.3801 61
      vertex -30.4417 -35 61
    endloop
  endfacet
  facet normal 0 0 1
    outer loop
      vertex -32.8098 -32.8098 61
      vertex -29.9813 -29.9813 61
      vertex -31.4163 -28.4741 61
    endloop
  endfacet
  facet normal 0 0 1
    outer loop
      vertex -34.3801 -31.1603 61
      vertex -31.4163 -28.4741 61
      vertex -32.7756 -26.8983 61
    endloop
  endfacet
  facet normal 0 0 1
    outer loop
      vertex -29.9813 -29.9813 61
      vertex -32.8098 -32.8098 61
      vertex -31.1603 -34.3801 61
    endloop
  endfacet
  facet normal 0 0 1
    outer loop
      vertex -36.8161 -28.2205 61
      vertex -32.7756 -26.8983 61
      vertex -34.056 -25.2577 61
    endloop
  endfacet
  facet normal 0 0 1
    outer loop
      vertex -31.4163 -28.4741 61
      vertex -34.3801 -31.1603 61
      vertex -32.8098 -32.8098 61
    endloop
  endfacet
  facet normal -0 0 1
    outer loop
      vertex -34.732 -24.3196 61
      vertex -34.056 -25.2577 61
      vertex -34.7217 -24.3124 61
    endloop
  endfacet
  facet normal 0 0 1
    outer loop
      vertex -36.8161 -28.2205 61
      vertex -34.056 -25.2577 61
      vertex -34.732 -24.3196 61
    endloop
  endfacet
  facet normal 0 0 1
    outer loop
      vertex -32.7756 -26.8983 61
      vertex -35.8677 -29.4358 61
      vertex -34.3801 -31.1603 61
    endloop
  endfacet
  facet normal 0 0 1
    outer loop
      vertex -32.7756 -26.8983 61
      vertex -36.8161 -28.2205 61
      vertex -35.8677 -29.4358 61
    endloop
  endfacet
  facet normal 0 0 1
    outer loop
      vertex -34.732 -24.3196 61
      vertex -37.6806 -28.8258 61
      vertex -36.8161 -28.2205 61
    endloop
  endfacet
  facet normal -0 0 1
    outer loop
      vertex -48.005 -14.0811 61
      vertex -34.732 -24.3196 61
      vertex -43.9093 -11.2132 61
    endloop
  endfacet
  facet normal 0 0 1
    outer loop
      vertex -34.732 -24.3196 61
      vertex -48.005 -14.0811 61
      vertex -37.6806 -28.8258 61
    endloop
  endfacet
  facet normal 0 0 -1
    outer loop
      vertex 34.732 -24.3196 0
      vertex 48.005 -14.0811 0
      vertex 37.6806 -28.8258 0
    endloop
  endfacet
  facet normal 0 0 -1
    outer loop
      vertex 34.732 -24.3196 0
      vertex 37.6806 -28.8258 0
      vertex 36.8161 -28.2205 0
    endloop
  endfacet
  facet normal 0 0 -1
    outer loop
      vertex 32.7756 -26.8983 0
      vertex 36.8161 -28.2205 0
      vertex 35.8677 -29.4358 0
    endloop
  endfacet
  facet normal -0 0 -1
    outer loop
      vertex 48.005 -14.0811 0
      vertex 34.732 -24.3196 0
      vertex 43.9093 -11.2132 0
    endloop
  endfacet
  facet normal 0 0 -1
    outer loop
      vertex 36.8161 -28.2205 0
      vertex 34.056 -25.2577 0
      vertex 34.732 -24.3196 0
    endloop
  endfacet
  facet normal 0 0 -1
    outer loop
      vertex 32.7756 -26.8983 0
      vertex 35.8677 -29.4358 0
      vertex 34.3801 -31.1603 0
    endloop
  endfacet
  facet normal -0 0 -1
    outer loop
      vertex 34.732 -24.3196 0
      vertex 34.056 -25.2577 0
      vertex 34.7217 -24.3124 0
    endloop
  endfacet
  facet normal 0 0 -1
    outer loop
      vertex 31.4163 -28.4741 0
      vertex 34.3801 -31.1603 0
      vertex 32.8098 -32.8098 0
    endloop
  endfacet
  facet normal 0 0 -1
    outer loop
      vertex 36.8161 -28.2205 0
      vertex 32.7756 -26.8983 0
      vertex 34.056 -25.2577 0
    endloop
  endfacet
  facet normal 0 0 -1
    outer loop
      vertex 34.3801 -31.1603 0
      vertex 31.4163 -28.4741 0
      vertex 32.7756 -26.8983 0
    endloop
  endfacet
  facet normal 0 0 -1
    outer loop
      vertex 29.9813 -29.9813 0
      vertex 32.8098 -32.8098 0
      vertex 31.1603 -34.3801 0
    endloop
  endfacet
  facet normal 0 0 -1
    outer loop
      vertex 32.8098 -32.8098 0
      vertex 29.9813 -29.9813 0
      vertex 31.4163 -28.4741 0
    endloop
  endfacet
  facet normal 0 0 -1
    outer loop
      vertex 28.4741 -31.4163 0
      vertex 31.1603 -34.3801 0
      vertex 29.4358 -35.8677 0
    endloop
  endfacet
  facet normal 0 0 -1
    outer loop
      vertex 31.1603 -34.3801 0
      vertex 28.4741 -31.4163 0
      vertex 29.9813 -29.9813 0
    endloop
  endfacet
  facet normal 0 0 -1
    outer loop
      vertex 26.8983 -32.7756 0
      vertex 29.4358 -35.8677 0
      vertex 27.6404 -37.2688 0
    endloop
  endfacet
  facet normal 0 0 -1
    outer loop
      vertex 29.4358 -35.8677 0
      vertex 26.8983 -32.7756 0
      vertex 28.4741 -31.4163 0
    endloop
  endfacet
  facet normal 0 0 -1
    outer loop
      vertex 25.2577 -34.056 0
      vertex 27.6404 -37.2688 0
      vertex 25.7785 -38.5802 0
    endloop
  endfacet
  facet normal 0 0 -1
    outer loop
      vertex 27.6404 -37.2688 0
      vertex 25.2577 -34.056 0
      vertex 26.8983 -32.7756 0
    endloop
  endfacet
  facet normal 0 0 -1
    outer loop
      vertex 23.5562 -35.2543 0
      vertex 25.7785 -38.5802 0
      vertex 23.8544 -39.7986 0
    endloop
  endfacet
  facet normal 0 0 -1
    outer loop
      vertex 25.7785 -38.5802 0
      vertex 23.5562 -35.2543 0
      vertex 25.2577 -34.056 0
    endloop
  endfacet
  facet normal 0 0 -1
    outer loop
      vertex 21.798 -36.3677 0
      vertex 23.8544 -39.7986 0
      vertex 21.8728 -40.9211 0
    endloop
  endfacet
  facet normal 0 0 -1
    outer loop
      vertex 23.8544 -39.7986 0
      vertex 21.798 -36.3677 0
      vertex 23.5562 -35.2543 0
    endloop
  endfacet
  facet normal 0 0 -1
    outer loop
      vertex 21.8728 -40.9211 0
      vertex 19.9872 -37.3935 0
      vertex 21.798 -36.3677 0
    endloop
  endfacet
  facet normal 0 0 -1
    outer loop
      vertex 19.8385 -41.9451 0
      vertex 19.9872 -37.3935 0
      vertex 21.8728 -40.9211 0
    endloop
  endfacet
  facet normal 0 0 -1
    outer loop
      vertex 19.8385 -41.9451 0
      vertex 18.1283 -38.3291 0
      vertex 19.9872 -37.3935 0
    endloop
  endfacet
  facet normal 0 0 -1
    outer loop
      vertex 17.7565 -42.868 0
      vertex 18.1283 -38.3291 0
      vertex 19.8385 -41.9451 0
    endloop
  endfacet
  facet normal 0 0 -1
    outer loop
      vertex 17.7565 -42.868 0
      vertex 16.2258 -39.1725 0
      vertex 18.1283 -38.3291 0
    endloop
  endfacet
  facet normal 0 0 -1
    outer loop
      vertex 15.6317 -43.6876 0
      vertex 16.2258 -39.1725 0
      vertex 17.7565 -42.868 0
    endloop
  endfacet
  facet normal 0 0 -1
    outer loop
      vertex 15.6317 -43.6876 0
      vertex 14.2841 -39.9215 0
      vertex 16.2258 -39.1725 0
    endloop
  endfacet
  facet normal 0 0 -1
    outer loop
      vertex 13.4692 -44.402 0
      vertex 14.2841 -39.9215 0
      vertex 15.6317 -43.6876 0
    endloop
  endfacet
  facet normal 0 0 -1
    outer loop
      vertex 13.4692 -44.402 0
      vertex 12.3081 -40.5743 0
      vertex 14.2841 -39.9215 0
    endloop
  endfacet
  facet normal 0 0 -1
    outer loop
      vertex 11.2743 -45.0094 0
      vertex 12.3081 -40.5743 0
      vertex 13.4692 -44.402 0
    endloop
  endfacet
  facet normal 0 0 -1
    outer loop
      vertex 11.2743 -45.0094 0
      vertex 10.3024 -41.1293 0
      vertex 12.3081 -40.5743 0
    endloop
  endfacet
  facet normal 0 0 -1
    outer loop
      vertex 9.05219 -45.5084 0
      vertex 10.3024 -41.1293 0
      vertex 11.2743 -45.0094 0
    endloop
  endfacet
  facet normal 0 0 -1
    outer loop
      vertex 9.05219 -45.5084 0
      vertex 8.27183 -41.5853 0
      vertex 10.3024 -41.1293 0
    endloop
  endfacet
  facet normal 0 0 -1
    outer loop
      vertex 6.80829 -45.8978 0
      vertex 8.27183 -41.5853 0
      vertex 9.05219 -45.5084 0
    endloop
  endfacet
  facet normal 0 0 -1
    outer loop
      vertex 6.80829 -45.8978 0
      vertex 6.22137 -41.9411 0
      vertex 8.27183 -41.5853 0
    endloop
  endfacet
  facet normal 0 0 -1
    outer loop
      vertex 4.54799 -46.1766 0
      vertex 6.22137 -41.9411 0
      vertex 6.80829 -45.8978 0
    endloop
  endfacet
  facet normal 0 0 -1
    outer loop
      vertex 4.54799 -46.1766 0
      vertex 4.15593 -42.1958 0
      vertex 6.22137 -41.9411 0
    endloop
  endfacet
  facet normal 0 0 -1
    outer loop
      vertex 2.27673 -46.3441 0
      vertex 4.15593 -42.1958 0
      vertex 4.54799 -46.1766 0
    endloop
  endfacet
  facet normal 0 0 -1
    outer loop
      vertex 2.27673 -46.3441 0
      vertex 2.08047 -42.3489 0
      vertex 4.15593 -42.1958 0
    endloop
  endfacet
  facet normal 0 0 -1
    outer loop
      vertex 0 -46.4 0
      vertex 2.08047 -42.3489 0
      vertex 2.27673 -46.3441 0
    endloop
  endfacet
  facet normal 0 0 -1
    outer loop
      vertex 0 -46.4 0
      vertex 0 -42.4 0
      vertex 2.08047 -42.3489 0
    endloop
  endfacet
  facet normal 0 0 -1
    outer loop
      vertex 0 -46.4 0
      vertex -2.08047 -42.3489 0
      vertex 0 -42.4 0
    endloop
  endfacet
  facet normal 0 0 -1
    outer loop
      vertex -2.27673 -46.3441 0
      vertex -2.08047 -42.3489 0
      vertex 0 -46.4 0
    endloop
  endfacet
  facet normal 0 0 -1
    outer loop
      vertex -2.27673 -46.3441 0
      vertex -4.15593 -42.1958 0
      vertex -2.08047 -42.3489 0
    endloop
  endfacet
  facet normal 0 0 -1
    outer loop
      vertex -4.54799 -46.1766 0
      vertex -4.15593 -42.1958 0
      vertex -2.27673 -46.3441 0
    endloop
  endfacet
  facet normal 0 0 -1
    outer loop
      vertex -4.54799 -46.1766 0
      vertex -6.22137 -41.9411 0
      vertex -4.15593 -42.1958 0
    endloop
  endfacet
  facet normal 0 0 -1
    outer loop
      vertex -6.80829 -45.8978 0
      vertex -6.22137 -41.9411 0
      vertex -4.54799 -46.1766 0
    endloop
  endfacet
  facet normal 0 0 -1
    outer loop
      vertex -6.80829 -45.8978 0
      vertex -8.27183 -41.5853 0
      vertex -6.22137 -41.9411 0
    endloop
  endfacet
  facet normal 0 0 -1
    outer loop
      vertex -9.05219 -45.5084 0
      vertex -8.27183 -41.5853 0
      vertex -6.80829 -45.8978 0
    endloop
  endfacet
  facet normal 0 0 -1
    outer loop
      vertex -9.05219 -45.5084 0
      vertex -10.3024 -41.1293 0
      vertex -8.27183 -41.5853 0
    endloop
  endfacet
  facet normal 0 0 -1
    outer loop
      vertex -11.2743 -45.0094 0
      vertex -10.3024 -41.1293 0
      vertex -9.05219 -45.5084 0
    endloop
  endfacet
  facet normal 0 0 -1
    outer loop
      vertex -11.2743 -45.0094 0
      vertex -12.3081 -40.5743 0
      vertex -10.3024 -41.1293 0
    endloop
  endfacet
  facet normal 0 0 -1
    outer loop
      vertex -13.4692 -44.402 0
      vertex -12.3081 -40.5743 0
      vertex -11.2743 -45.0094 0
    endloop
  endfacet
  facet normal 0 0 -1
    outer loop
      vertex -13.4692 -44.402 0
      vertex -14.2841 -39.9215 0
      vertex -12.3081 -40.5743 0
    endloop
  endfacet
  facet normal 0 0 -1
    outer loop
      vertex -15.6317 -43.6876 0
      vertex -14.2841 -39.9215 0
      vertex -13.4692 -44.402 0
    endloop
  endfacet
  facet normal 0 0 -1
    outer loop
      vertex -15.6317 -43.6876 0
      vertex -16.2258 -39.1725 0
      vertex -14.2841 -39.9215 0
    endloop
  endfacet
  facet normal 0 0 -1
    outer loop
      vertex -17.7565 -42.868 0
      vertex -16.2258 -39.1725 0
      vertex -15.6317 -43.6876 0
    endloop
  endfacet
  facet normal 0 0 -1
    outer loop
      vertex -17.7565 -42.868 0
      vertex -18.1283 -38.3291 0
      vertex -16.2258 -39.1725 0
    endloop
  endfacet
  facet normal 0 0 -1
    outer loop
      vertex -19.8385 -41.9451 0
      vertex -18.1283 -38.3291 0
      vertex -17.7565 -42.868 0
    endloop
  endfacet
  facet normal 0 0 -1
    outer loop
      vertex -19.8385 -41.9451 0
      vertex -19.9872 -37.3935 0
      vertex -18.1283 -38.3291 0
    endloop
  endfacet
  facet normal 0 0 -1
    outer loop
      vertex -21.8728 -40.9211 0
      vertex -19.9872 -37.3935 0
      vertex -19.8385 -41.9451 0
    endloop
  endfacet
  facet normal -0 0 -1
    outer loop
      vertex -19.9872 -37.3935 0
      vertex -21.8728 -40.9211 0
      vertex -21.798 -36.3677 0
    endloop
  endfacet
  facet normal 0 0 -1
    outer loop
      vertex -23.8544 -39.7986 0
      vertex -21.798 -36.3677 0
      vertex -21.8728 -40.9211 0
    endloop
  endfacet
  facet normal -0 0 -1
    outer loop
      vertex -21.798 -36.3677 0
      vertex -23.8544 -39.7986 0
      vertex -23.5562 -35.2543 0
    endloop
  endfacet
  facet normal 0 0 -1
    outer loop
      vertex -25.7785 -38.5802 0
      vertex -23.5562 -35.2543 0
      vertex -23.8544 -39.7986 0
    endloop
  endfacet
  facet normal -0 0 -1
    outer loop
      vertex -23.5562 -35.2543 0
      vertex -25.7785 -38.5802 0
      vertex -25.2577 -34.056 0
    endloop
  endfacet
  facet normal 0 0 -1
    outer loop
      vertex -27.6404 -37.2688 0
      vertex -25.2577 -34.056 0
      vertex -25.7785 -38.5802 0
    endloop
  endfacet
  facet normal -0 0 -1
    outer loop
      vertex -25.2577 -34.056 0
      vertex -27.6404 -37.2688 0
      vertex -26.8983 -32.7756 0
    endloop
  endfacet
  facet normal 0 0 -1
    outer loop
      vertex -29.4358 -35.8677 0
      vertex -26.8983 -32.7756 0
      vertex -27.6404 -37.2688 0
    endloop
  endfacet
  facet normal -0 0 -1
    outer loop
      vertex -26.8983 -32.7756 0
      vertex -29.4358 -35.8677 0
      vertex -28.4741 -31.4163 0
    endloop
  endfacet
  facet normal 0 0 -1
    outer loop
      vertex -31.1603 -34.3801 0
      vertex -28.4741 -31.4163 0
      vertex -29.4358 -35.8677 0
    endloop
  endfacet
  facet normal -0 0 -1
    outer loop
      vertex -28.4741 -31.4163 0
      vertex -31.1603 -34.3801 0
      vertex -29.9813 -29.9813 0
    endloop
  endfacet
  facet normal 0 0 -1
    outer loop
      vertex -32.8098 -32.8098 0
      vertex -29.9813 -29.9813 0
      vertex -31.1603 -34.3801 0
    endloop
  endfacet
  facet normal -0 0 -1
    outer loop
      vertex -29.9813 -29.9813 0
      vertex -32.8098 -32.8098 0
      vertex -31.4163 -28.4741 0
    endloop
  endfacet
  facet normal 0 0 -1
    outer loop
      vertex -34.3801 -31.1603 0
      vertex -31.4163 -28.4741 0
      vertex -32.8098 -32.8098 0
    endloop
  endfacet
  facet normal -0 0 -1
    outer loop
      vertex -31.4163 -28.4741 0
      vertex -34.3801 -31.1603 0
      vertex -32.7756 -26.8983 0
    endloop
  endfacet
  facet normal 0 0 -1
    outer loop
      vertex -35.8677 -29.4358 0
      vertex -32.7756 -26.8983 0
      vertex -34.3801 -31.1603 0
    endloop
  endfacet
  facet normal 0 0 -1
    outer loop
      vertex -36.8161 -28.2205 0
      vertex -32.7756 -26.8983 0
      vertex -35.8677 -29.4358 0
    endloop
  endfacet
  facet normal -0 0 -1
    outer loop
      vertex -32.7756 -26.8983 0
      vertex -36.8161 -28.2205 0
      vertex -34.056 -25.2577 0
    endloop
  endfacet
  facet normal 0 0 -1
    outer loop
      vertex -34.056 -25.2577 0
      vertex -34.732 -24.3196 0
      vertex -34.7217 -24.3124 0
    endloop
  endfacet
  facet normal -0 0 -1
    outer loop
      vertex -34.056 -25.2577 0
      vertex -36.8161 -28.2205 0
      vertex -34.732 -24.3196 0
    endloop
  endfacet
  facet normal 0 0 -1
    outer loop
      vertex -37.6806 -28.8258 0
      vertex -34.732 -24.3196 0
      vertex -36.8161 -28.2205 0
    endloop
  endfacet
  facet normal 0 0 -1
    outer loop
      vertex -48.005 -14.0811 0
      vertex -34.732 -24.3196 0
      vertex -37.6806 -28.8258 0
    endloop
  endfacet
  facet normal 0 0 -1
    outer loop
      vertex -34.732 -24.3196 0
      vertex -48.005 -14.0811 0
      vertex -43.9093 -11.2132 0
    endloop
  endfacet
  facet normal 0.819151 -0.573577 0
    outer loop
      vertex 48.005 -14.0811 61
      vertex 43.99 -19.8151 57
      vertex 48.005 -14.0811 0
    endloop
  endfacet
  facet normal 0.819151 -0.573578 1.93195e-06
    outer loop
      vertex 37.6806 -28.8258 61
      vertex 43.99 -19.8151 57
      vertex 48.005 -14.0811 61
    endloop
  endfacet
  facet normal 0.819148 -0.573582 0
    outer loop
      vertex 41.1221 -23.9109 57
      vertex 37.6806 -28.8258 61
      vertex 41.1221 -23.9109 4
    endloop
  endfacet
  facet normal 0.819153 -0.573575 1.26994e-05
    outer loop
      vertex 43.99 -19.8151 57
      vertex 37.6806 -28.8258 61
      vertex 41.1221 -23.9109 57
    endloop
  endfacet
  facet normal 0.819151 -0.573577 0
    outer loop
      vertex 43.99 -19.8151 4
      vertex 48.005 -14.0811 0
      vertex 43.99 -19.8151 57
    endloop
  endfacet
  facet normal 0.819153 -0.573575 -1.26994e-05
    outer loop
      vertex 37.6806 -28.8258 0
      vertex 43.99 -19.8151 4
      vertex 41.1221 -23.9109 4
    endloop
  endfacet
  facet normal 0.819151 -0.573578 -1.93195e-06
    outer loop
      vertex 43.99 -19.8151 4
      vertex 37.6806 -28.8258 0
      vertex 48.005 -14.0811 0
    endloop
  endfacet
  facet normal 0.819148 -0.573582 0
    outer loop
      vertex 37.6806 -28.8258 0
      vertex 41.1221 -23.9109 4
      vertex 37.6806 -28.8258 61
    endloop
  endfacet
  facet normal -0.573558 -0.819165 0
    outer loop
      vertex 36.8161 -28.2205 0
      vertex 37.6806 -28.8258 61
      vertex 36.8161 -28.2205 61
    endloop
  endfacet
  facet normal -0.573558 -0.819165 -0
    outer loop
      vertex 37.6806 -28.8258 61
      vertex 36.8161 -28.2205 0
      vertex 37.6806 -28.8258 0
    endloop
  endfacet
  facet normal 0.788356 -0.61522 0
    outer loop
      vertex 35.8677 -29.4358 61
      vertex 36.8161 -28.2205 0
      vertex 36.8161 -28.2205 61
    endloop
  endfacet
  facet normal 0.788356 -0.61522 0
    outer loop
      vertex 36.8161 -28.2205 0
      vertex 35.8677 -29.4358 61
      vertex 35.8677 -29.4358 0
    endloop
  endfacet
  facet normal 0.757201 -0.653182 0
    outer loop
      vertex 34.3801 -31.1603 61
      vertex 35.8677 -29.4358 0
      vertex 35.8677 -29.4358 61
    endloop
  endfacet
  facet normal 0.757201 -0.653182 0
    outer loop
      vertex 35.8677 -29.4358 0
      vertex 34.3801 -31.1603 61
      vertex 34.3801 -31.1603 0
    endloop
  endfacet
  facet normal 0.724281 -0.689505 0
    outer loop
      vertex 32.8098 -32.8098 61
      vertex 34.3801 -31.1603 0
      vertex 34.3801 -31.1603 61
    endloop
  endfacet
  facet normal 0.724281 -0.689505 0
    outer loop
      vertex 34.3801 -31.1603 0
      vertex 32.8098 -32.8098 61
      vertex 32.8098 -32.8098 0
    endloop
  endfacet
  facet normal 0.689505 -0.724281 0
    outer loop
      vertex 31.1603 -34.3801 0
      vertex 32.8098 -32.8098 61
      vertex 31.1603 -34.3801 61
    endloop
  endfacet
  facet normal 0.689505 -0.724281 0
    outer loop
      vertex 32.8098 -32.8098 61
      vertex 31.1603 -34.3801 0
      vertex 32.8098 -32.8098 0
    endloop
  endfacet
  facet normal 0.653182 -0.757201 0
    outer loop
      vertex 29.4358 -35.8677 0
      vertex 31.1603 -34.3801 61
      vertex 29.4358 -35.8677 61
    endloop
  endfacet
  facet normal 0.653182 -0.757201 0
    outer loop
      vertex 31.1603 -34.3801 61
      vertex 29.4358 -35.8677 0
      vertex 31.1603 -34.3801 0
    endloop
  endfacet
  facet normal 0.61522 -0.788356 0
    outer loop
      vertex 27.6404 -37.2688 0
      vertex 29.4358 -35.8677 61
      vertex 27.6404 -37.2688 61
    endloop
  endfacet
  facet normal 0.61522 -0.788356 0
    outer loop
      vertex 29.4358 -35.8677 61
      vertex 27.6404 -37.2688 0
      vertex 29.4358 -35.8677 0
    endloop
  endfacet
  facet normal 0.575838 -0.817564 0
    outer loop
      vertex 25.7785 -38.5802 0
      vertex 27.6404 -37.2688 61
      vertex 25.7785 -38.5802 61
    endloop
  endfacet
  facet normal 0.575838 -0.817564 0
    outer loop
      vertex 27.6404 -37.2688 61
      vertex 25.7785 -38.5802 0
      vertex 27.6404 -37.2688 0
    endloop
  endfacet
  facet normal 0.53499 -0.844858 0
    outer loop
      vertex 23.8544 -39.7986 0
      vertex 25.7785 -38.5802 61
      vertex 23.8544 -39.7986 61
    endloop
  endfacet
  facet normal 0.53499 -0.844858 0
    outer loop
      vertex 25.7785 -38.5802 61
      vertex 23.8544 -39.7986 0
      vertex 25.7785 -38.5802 0
    endloop
  endfacet
  facet normal 0.492877 -0.870099 0
    outer loop
      vertex 21.8728 -40.9211 0
      vertex 23.8544 -39.7986 61
      vertex 21.8728 -40.9211 61
    endloop
  endfacet
  facet normal 0.492877 -0.870099 0
    outer loop
      vertex 23.8544 -39.7986 61
      vertex 21.8728 -40.9211 0
      vertex 23.8544 -39.7986 0
    endloop
  endfacet
  facet normal 0.449618 -0.893221 0
    outer loop
      vertex 19.8385 -41.9451 0
      vertex 21.8728 -40.9211 61
      vertex 19.8385 -41.9451 61
    endloop
  endfacet
  facet normal 0.449618 -0.893221 0
    outer loop
      vertex 21.8728 -40.9211 61
      vertex 19.8385 -41.9451 0
      vertex 21.8728 -40.9211 0
    endloop
  endfacet
  facet normal 0.405246 -0.914208 0
    outer loop
      vertex 17.7565 -42.868 0
      vertex 19.8385 -41.9451 61
      vertex 17.7565 -42.868 61
    endloop
  endfacet
  facet normal 0.405246 -0.914208 0
    outer loop
      vertex 19.8385 -41.9451 61
      vertex 17.7565 -42.868 0
      vertex 19.8385 -41.9451 0
    endloop
  endfacet
  facet normal 0.359885 -0.932997 0
    outer loop
      vertex 15.6317 -43.6876 0
      vertex 17.7565 -42.868 61
      vertex 15.6317 -43.6876 61
    endloop
  endfacet
  facet normal 0.359885 -0.932997 0
    outer loop
      vertex 17.7565 -42.868 61
      vertex 15.6317 -43.6876 0
      vertex 17.7565 -42.868 0
    endloop
  endfacet
  facet normal 0.313684 -0.949527 0
    outer loop
      vertex 13.4692 -44.402 0
      vertex 15.6317 -43.6876 61
      vertex 13.4692 -44.402 61
    endloop
  endfacet
  facet normal 0.313684 -0.949527 0
    outer loop
      vertex 15.6317 -43.6876 61
      vertex 13.4692 -44.402 0
      vertex 15.6317 -43.6876 0
    endloop
  endfacet
  facet normal 0.266708 -0.963777 0
    outer loop
      vertex 11.2743 -45.0094 0
      vertex 13.4692 -44.402 61
      vertex 11.2743 -45.0094 61
    endloop
  endfacet
  facet normal 0.266708 -0.963777 0
    outer loop
      vertex 13.4692 -44.402 61
      vertex 11.2743 -45.0094 0
      vertex 13.4692 -44.402 0
    endloop
  endfacet
  facet normal 0.219105 -0.975701 0
    outer loop
      vertex 9.05219 -45.5084 0
      vertex 11.2743 -45.0094 61
      vertex 9.05219 -45.5084 61
    endloop
  endfacet
  facet normal 0.219105 -0.975701 0
    outer loop
      vertex 11.2743 -45.0094 61
      vertex 9.05219 -45.5084 0
      vertex 11.2743 -45.0094 0
    endloop
  endfacet
  facet normal 0.170982 -0.985274 0
    outer loop
      vertex 6.80829 -45.8978 0
      vertex 9.05219 -45.5084 61
      vertex 6.80829 -45.8978 61
    endloop
  endfacet
  facet normal 0.170982 -0.985274 0
    outer loop
      vertex 9.05219 -45.5084 61
      vertex 6.80829 -45.8978 0
      vertex 9.05219 -45.5084 0
    endloop
  endfacet
  facet normal 0.122419 -0.992479 0
    outer loop
      vertex 4.54799 -46.1766 0
      vertex 6.80829 -45.8978 61
      vertex 4.54799 -46.1766 61
    endloop
  endfacet
  facet normal 0.122419 -0.992479 0
    outer loop
      vertex 6.80829 -45.8978 61
      vertex 4.54799 -46.1766 0
      vertex 6.80829 -45.8978 0
    endloop
  endfacet
  facet normal 0.0735479 -0.997292 0
    outer loop
      vertex 2.27673 -46.3441 0
      vertex 4.54799 -46.1766 61
      vertex 2.27673 -46.3441 61
    endloop
  endfacet
  facet normal 0.0735479 -0.997292 0
    outer loop
      vertex 4.54799 -46.1766 61
      vertex 2.27673 -46.3441 0
      vertex 4.54799 -46.1766 0
    endloop
  endfacet
  facet normal 0.0245454 -0.999699 0
    outer loop
      vertex 0 -46.4 0
      vertex 2.27673 -46.3441 61
      vertex 0 -46.4 61
    endloop
  endfacet
  facet normal 0.0245454 -0.999699 0
    outer loop
      vertex 2.27673 -46.3441 61
      vertex 0 -46.4 0
      vertex 2.27673 -46.3441 0
    endloop
  endfacet
  facet normal -0.0245454 -0.999699 0
    outer loop
      vertex -2.27673 -46.3441 0
      vertex 0 -46.4 61
      vertex -2.27673 -46.3441 61
    endloop
  endfacet
  facet normal -0.0245454 -0.999699 -0
    outer loop
      vertex 0 -46.4 61
      vertex -2.27673 -46.3441 0
      vertex 0 -46.4 0
    endloop
  endfacet
  facet normal -0.0735479 -0.997292 0
    outer loop
      vertex -4.54799 -46.1766 0
      vertex -2.27673 -46.3441 61
      vertex -4.54799 -46.1766 61
    endloop
  endfacet
  facet normal -0.0735479 -0.997292 -0
    outer loop
      vertex -2.27673 -46.3441 61
      vertex -4.54799 -46.1766 0
      vertex -2.27673 -46.3441 0
    endloop
  endfacet
  facet normal -0.122419 -0.992479 0
    outer loop
      vertex -6.80829 -45.8978 0
      vertex -4.54799 -46.1766 61
      vertex -6.80829 -45.8978 61
    endloop
  endfacet
  facet normal -0.122419 -0.992479 -0
    outer loop
      vertex -4.54799 -46.1766 61
      vertex -6.80829 -45.8978 0
      vertex -4.54799 -46.1766 0
    endloop
  endfacet
  facet normal -0.170982 -0.985274 0
    outer loop
      vertex -9.05219 -45.5084 0
      vertex -6.80829 -45.8978 61
      vertex -9.05219 -45.5084 61
    endloop
  endfacet
  facet normal -0.170982 -0.985274 -0
    outer loop
      vertex -6.80829 -45.8978 61
      vertex -9.05219 -45.5084 0
      vertex -6.80829 -45.8978 0
    endloop
  endfacet
  facet normal -0.219135 -0.975695 -0
    outer loop
      vertex -11.2743 -45.0094 2.5
      vertex -11.2743 -45.0094 0
      vertex -10 -45.2956 2.5
    endloop
  endfacet
  facet normal -0.219064 -0.97571 0
    outer loop
      vertex -10 -45.2956 2.5
      vertex -9.05219 -45.5084 61
      vertex -10 -45.2956 61
    endloop
  endfacet
  facet normal -0.219064 -0.97571 0
    outer loop
      vertex -10 -45.2956 2.5
      vertex -9.05219 -45.5084 0
      vertex -9.05219 -45.5084 61
    endloop
  endfacet
  facet normal -0.219105 -0.975701 -1.61904e-05
    outer loop
      vertex -9.05219 -45.5084 0
      vertex -10 -45.2956 2.5
      vertex -11.2743 -45.0094 0
    endloop
  endfacet
  facet normal -0.266708 -0.963777 0
    outer loop
      vertex -13.4692 -44.402 0
      vertex -11.2743 -45.0094 2.5
      vertex -13.4692 -44.402 2.5
    endloop
  endfacet
  facet normal -0.266708 -0.963777 -0
    outer loop
      vertex -11.2743 -45.0094 2.5
      vertex -13.4692 -44.402 0
      vertex -11.2743 -45.0094 0
    endloop
  endfacet
  facet normal -0.313684 -0.949527 0
    outer loop
      vertex -15.6317 -43.6876 0
      vertex -13.4692 -44.402 2.5
      vertex -15.6317 -43.6876 2.5
    endloop
  endfacet
  facet normal -0.313684 -0.949527 -0
    outer loop
      vertex -13.4692 -44.402 2.5
      vertex -15.6317 -43.6876 0
      vertex -13.4692 -44.402 0
    endloop
  endfacet
  facet normal -0.359885 -0.932997 0
    outer loop
      vertex -17.7565 -42.868 0
      vertex -15.6317 -43.6876 2.5
      vertex -17.7565 -42.868 2.5
    endloop
  endfacet
  facet normal -0.359885 -0.932997 -0
    outer loop
      vertex -15.6317 -43.6876 2.5
      vertex -17.7565 -42.868 0
      vertex -15.6317 -43.6876 0
    endloop
  endfacet
  facet normal -0.405246 -0.914208 0
    outer loop
      vertex -19.8385 -41.9451 0
      vertex -17.7565 -42.868 2.5
      vertex -19.8385 -41.9451 2.5
    endloop
  endfacet
  facet normal -0.405246 -0.914208 -0
    outer loop
      vertex -17.7565 -42.868 2.5
      vertex -19.8385 -41.9451 0
      vertex -17.7565 -42.868 0
    endloop
  endfacet
  facet normal -0.449618 -0.893221 0
    outer loop
      vertex -21.8728 -40.9211 0
      vertex -19.8385 -41.9451 2.5
      vertex -21.8728 -40.9211 2.5
    endloop
  endfacet
  facet normal -0.449618 -0.893221 -0
    outer loop
      vertex -19.8385 -41.9451 2.5
      vertex -21.8728 -40.9211 0
      vertex -19.8385 -41.9451 0
    endloop
  endfacet
  facet normal -0.492877 -0.870099 0
    outer loop
      vertex -23.8544 -39.7986 0
      vertex -21.8728 -40.9211 2.5
      vertex -23.8544 -39.7986 2.5
    endloop
  endfacet
  facet normal -0.492877 -0.870099 -0
    outer loop
      vertex -21.8728 -40.9211 2.5
      vertex -23.8544 -39.7986 0
      vertex -21.8728 -40.9211 0
    endloop
  endfacet
  facet normal -0.53499 -0.844858 0
    outer loop
      vertex -25.7785 -38.5802 0
      vertex -23.8544 -39.7986 2.5
      vertex -25.7785 -38.5802 2.5
    endloop
  endfacet
  facet normal -0.53499 -0.844858 -0
    outer loop
      vertex -23.8544 -39.7986 2.5
      vertex -25.7785 -38.5802 0
      vertex -23.8544 -39.7986 0
    endloop
  endfacet
  facet normal -0.575838 -0.817564 0
    outer loop
      vertex -27.6404 -37.2688 0
      vertex -25.7785 -38.5802 2.5
      vertex -27.6404 -37.2688 2.5
    endloop
  endfacet
  facet normal -0.575838 -0.817564 -0
    outer loop
      vertex -25.7785 -38.5802 2.5
      vertex -27.6404 -37.2688 0
      vertex -25.7785 -38.5802 0
    endloop
  endfacet
  facet normal -0.61522 -0.788356 0
    outer loop
      vertex -29.4358 -35.8677 0
      vertex -27.6404 -37.2688 2.5
      vertex -29.4358 -35.8677 2.5
    endloop
  endfacet
  facet normal -0.61522 -0.788356 -0
    outer loop
      vertex -27.6404 -37.2688 2.5
      vertex -29.4358 -35.8677 0
      vertex -27.6404 -37.2688 0
    endloop
  endfacet
  facet normal -0.653192 -0.757192 0
    outer loop
      vertex -31.1603 -34.3801 61
      vertex -30.4417 -35 2.5
      vertex -30.4417 -35 61
    endloop
  endfacet
  facet normal -0.653192 -0.757192 0
    outer loop
      vertex -31.1603 -34.3801 0
      vertex -30.4417 -35 2.5
      vertex -31.1603 -34.3801 61
    endloop
  endfacet
  facet normal -0.653182 -0.757201 -4.95112e-06
    outer loop
      vertex -29.4358 -35.8677 0
      vertex -30.4417 -35 2.5
      vertex -31.1603 -34.3801 0
    endloop
  endfacet
  facet normal -0.653175 -0.757207 0
    outer loop
      vertex -30.4417 -35 2.5
      vertex -29.4358 -35.8677 0
      vertex -29.4358 -35.8677 2.5
    endloop
  endfacet
  facet normal -0.689505 -0.724281 0
    outer loop
      vertex -32.8098 -32.8098 0
      vertex -31.1603 -34.3801 61
      vertex -32.8098 -32.8098 61
    endloop
  endfacet
  facet normal -0.689505 -0.724281 -0
    outer loop
      vertex -31.1603 -34.3801 61
      vertex -32.8098 -32.8098 0
      vertex -31.1603 -34.3801 0
    endloop
  endfacet
  facet normal -0.724281 -0.689505 0
    outer loop
      vertex -32.8098 -32.8098 0
      vertex -34.3801 -31.1603 61
      vertex -34.3801 -31.1603 0
    endloop
  endfacet
  facet normal -0.724281 -0.689505 0
    outer loop
      vertex -34.3801 -31.1603 61
      vertex -32.8098 -32.8098 0
      vertex -32.8098 -32.8098 61
    endloop
  endfacet
  facet normal -0.757201 -0.653182 0
    outer loop
      vertex -34.3801 -31.1603 0
      vertex -35.8677 -29.4358 61
      vertex -35.8677 -29.4358 0
    endloop
  endfacet
  facet normal -0.757201 -0.653182 0
    outer loop
      vertex -35.8677 -29.4358 61
      vertex -34.3801 -31.1603 0
      vertex -34.3801 -31.1603 61
    endloop
  endfacet
  facet normal -0.788356 -0.61522 0
    outer loop
      vertex -35.8677 -29.4358 0
      vertex -36.8161 -28.2205 61
      vertex -36.8161 -28.2205 0
    endloop
  endfacet
  facet normal -0.788356 -0.61522 0
    outer loop
      vertex -36.8161 -28.2205 61
      vertex -35.8677 -29.4358 0
      vertex -35.8677 -29.4358 61
    endloop
  endfacet
  facet normal 0.573558 -0.819165 0
    outer loop
      vertex -37.6806 -28.8258 0
      vertex -36.8161 -28.2205 61
      vertex -37.6806 -28.8258 61
    endloop
  endfacet
  facet normal 0.573558 -0.819165 0
    outer loop
      vertex -36.8161 -28.2205 61
      vertex -37.6806 -28.8258 0
      vertex -36.8161 -28.2205 0
    endloop
  endfacet
  facet normal -0.819151 -0.573577 0
    outer loop
      vertex -48.005 -14.0811 0
      vertex -43.99 -19.8151 4
      vertex -48.005 -14.0811 61
    endloop
  endfacet
  facet normal -0.819151 -0.573578 -1.93195e-06
    outer loop
      vertex -37.6806 -28.8258 0
      vertex -43.99 -19.8151 4
      vertex -48.005 -14.0811 0
    endloop
  endfacet
  facet normal -0.819148 -0.573582 0
    outer loop
      vertex -41.1221 -23.9109 4
      vertex -37.6806 -28.8258 0
      vertex -41.1221 -23.9109 57
    endloop
  endfacet
  facet normal -0.819153 -0.573575 -1.26994e-05
    outer loop
      vertex -43.99 -19.8151 4
      vertex -37.6806 -28.8258 0
      vertex -41.1221 -23.9109 4
    endloop
  endfacet
  facet normal -0.819151 -0.573577 -0
    outer loop
      vertex -43.99 -19.8151 57
      vertex -48.005 -14.0811 61
      vertex -43.99 -19.8151 4
    endloop
  endfacet
  facet normal -0.819153 -0.573575 1.26994e-05
    outer loop
      vertex -37.6806 -28.8258 61
      vertex -43.99 -19.8151 57
      vertex -41.1221 -23.9109 57
    endloop
  endfacet
  facet normal -0.819151 -0.573578 1.93195e-06
    outer loop
      vertex -43.99 -19.8151 57
      vertex -37.6806 -28.8258 61
      vertex -48.005 -14.0811 61
    endloop
  endfacet
  facet normal -0.819148 -0.573582 -0
    outer loop
      vertex -37.6806 -28.8258 61
      vertex -41.1221 -23.9109 57
      vertex -37.6806 -28.8258 0
    endloop
  endfacet
  facet normal -0.573584 0.819146 0
    outer loop
      vertex -43.9093 -11.2132 0
      vertex -48.005 -14.0811 61
      vertex -43.9093 -11.2132 61
    endloop
  endfacet
  facet normal -0.573584 0.819146 0
    outer loop
      vertex -48.005 -14.0811 61
      vertex -43.9093 -11.2132 0
      vertex -48.005 -14.0811 0
    endloop
  endfacet
  facet normal 0.819149 0.57358 0
    outer loop
      vertex -43.9093 -11.2132 61
      vertex -39.8942 -16.9473 57
      vertex -43.9093 -11.2132 0
    endloop
  endfacet
  facet normal 0.819149 0.573581 -7.70155e-07
    outer loop
      vertex -34.732 -24.3196 61
      vertex -39.8942 -16.9473 57
      vertex -43.9093 -11.2132 61
    endloop
  endfacet
  facet normal 0.819152 0.573576 0
    outer loop
      vertex -37.0263 -21.043 57
      vertex -34.732 -24.3196 61
      vertex -37.0263 -21.043 4
    endloop
  endfacet
  facet normal 0.819146 0.573584 9.83158e-06
    outer loop
      vertex -39.8942 -16.9473 57
      vertex -34.732 -24.3196 61
      vertex -37.0263 -21.043 57
    endloop
  endfacet
  facet normal 0.819149 0.57358 -0
    outer loop
      vertex -39.8942 -16.9473 4
      vertex -43.9093 -11.2132 0
      vertex -39.8942 -16.9473 57
    endloop
  endfacet
  facet normal 0.819146 0.573584 -9.83158e-06
    outer loop
      vertex -34.732 -24.3196 0
      vertex -39.8942 -16.9473 4
      vertex -37.0263 -21.043 4
    endloop
  endfacet
  facet normal 0.819149 0.573581 7.70155e-07
    outer loop
      vertex -39.8942 -16.9473 4
      vertex -34.732 -24.3196 0
      vertex -43.9093 -11.2132 0
    endloop
  endfacet
  facet normal 0.819152 0.573576 -0
    outer loop
      vertex -34.732 -24.3196 0
      vertex -37.0263 -21.043 4
      vertex -34.732 -24.3196 61
    endloop
  endfacet
  facet normal -0.572928 0.819606 0
    outer loop
      vertex -34.7217 -24.3124 0
      vertex -34.732 -24.3196 61
      vertex -34.7217 -24.3124 61
    endloop
  endfacet
  facet normal -0.572928 0.819606 0
    outer loop
      vertex -34.732 -24.3196 61
      vertex -34.7217 -24.3124 0
      vertex -34.732 -24.3196 0
    endloop
  endfacet
  facet normal 0.572928 0.819606 -0
    outer loop
      vertex 34.732 -24.3196 0
      vertex 34.7217 -24.3124 61
      vertex 34.732 -24.3196 61
    endloop
  endfacet
  facet normal 0.572928 0.819606 0
    outer loop
      vertex 34.7217 -24.3124 61
      vertex 34.732 -24.3196 0
      vertex 34.7217 -24.3124 0
    endloop
  endfacet
  facet normal -0.819149 0.57358 0
    outer loop
      vertex 43.9093 -11.2132 0
      vertex 39.8942 -16.9473 4
      vertex 43.9093 -11.2132 61
    endloop
  endfacet
  facet normal -0.819149 0.573581 7.70155e-07
    outer loop
      vertex 34.732 -24.3196 0
      vertex 39.8942 -16.9473 4
      vertex 43.9093 -11.2132 0
    endloop
  endfacet
  facet normal -0.819152 0.573576 0
    outer loop
      vertex 37.0263 -21.043 4
      vertex 34.732 -24.3196 0
      vertex 37.0263 -21.043 57
    endloop
  endfacet
  facet normal -0.819146 0.573584 -9.83158e-06
    outer loop
      vertex 39.8942 -16.9473 4
      vertex 34.732 -24.3196 0
      vertex 37.0263 -21.043 4
    endloop
  endfacet
  facet normal -0.819149 0.57358 0
    outer loop
      vertex 39.8942 -16.9473 57
      vertex 43.9093 -11.2132 61
      vertex 39.8942 -16.9473 4
    endloop
  endfacet
  facet normal -0.819146 0.573584 9.83158e-06
    outer loop
      vertex 34.732 -24.3196 61
      vertex 39.8942 -16.9473 57
      vertex 37.0263 -21.043 57
    endloop
  endfacet
  facet normal -0.819149 0.573581 -7.70155e-07
    outer loop
      vertex 39.8942 -16.9473 57
      vertex 34.732 -24.3196 61
      vertex 43.9093 -11.2132 61
    endloop
  endfacet
  facet normal -0.819152 0.573576 0
    outer loop
      vertex 34.732 -24.3196 61
      vertex 37.0263 -21.043 57
      vertex 34.732 -24.3196 0
    endloop
  endfacet
  facet normal 0.573584 0.819146 -0
    outer loop
      vertex 48.005 -14.0811 0
      vertex 43.9093 -11.2132 61
      vertex 48.005 -14.0811 61
    endloop
  endfacet
  facet normal 0.573584 0.819146 0
    outer loop
      vertex 43.9093 -11.2132 61
      vertex 48.005 -14.0811 0
      vertex 43.9093 -11.2132 0
    endloop
  endfacet
  facet normal -1 0 0
    outer loop
      vertex -50 -49.4 2.5
      vertex -50 -35 62
      vertex -50 -35 2.5
    endloop
  endfacet
  facet normal -1 -0 0
    outer loop
      vertex -50 -35 62
      vertex -50 -49.4 2.5
      vertex -50 -49.4 62
    endloop
  endfacet
  facet normal 0 -1 0
    outer loop
      vertex -31.9897 -49.4 12.0371
      vertex -41.0599 -49.4 30.1964
      vertex -32.0903 -49.4 12.0596
    endloop
  endfacet
  facet normal 0 -1 0
    outer loop
      vertex -40.9629 -49.4 30.4897
      vertex -16.603 -49.4 12.0975
      vertex -16.5 -49.4 12.1
    endloop
  endfacet
  facet normal 0 -1 0
    outer loop
      vertex -41.0599 -49.4 30.1964
      vertex -31.9897 -49.4 12.0371
      vertex -41.0228 -49.4 30.2925
    endloop
  endfacet
  facet normal 0 -1 0
    outer loop
      vertex -40.9629 -49.4 30.4897
      vertex -16.7058 -49.4 12.0899
      vertex -16.603 -49.4 12.0975
    endloop
  endfacet
  facet normal 0 -1 0
    outer loop
      vertex -31.8904 -49.4 12.0096
      vertex -41.0228 -49.4 30.2925
      vertex -31.9897 -49.4 12.0371
    endloop
  endfacet
  facet normal 0 -1 0
    outer loop
      vertex -40.9629 -49.4 30.4897
      vertex -16.8081 -49.4 12.0773
      vertex -16.7058 -49.4 12.0899
    endloop
  endfacet
  facet normal 0 -1 0
    outer loop
      vertex -41.0228 -49.4 30.2925
      vertex -31.8904 -49.4 12.0096
      vertex -40.9904 -49.4 30.3904
    endloop
  endfacet
  facet normal 0 -1 0
    outer loop
      vertex -40.9629 -49.4 30.4897
      vertex -16.9097 -49.4 12.0596
      vertex -16.8081 -49.4 12.0773
    endloop
  endfacet
  facet normal 0 -1 0
    outer loop
      vertex -31.7925 -49.4 11.9772
      vertex -40.9904 -49.4 30.3904
      vertex -31.8904 -49.4 12.0096
    endloop
  endfacet
  facet normal 0 -1 0
    outer loop
      vertex -40.9629 -49.4 30.4897
      vertex -17.0103 -49.4 12.0371
      vertex -16.9097 -49.4 12.0596
    endloop
  endfacet
  facet normal 0 -1 0
    outer loop
      vertex -40.9904 -49.4 30.3904
      vertex -31.7925 -49.4 11.9772
      vertex -40.9629 -49.4 30.4897
    endloop
  endfacet
  facet normal 0 -1 0
    outer loop
      vertex -40.9629 -49.4 30.4897
      vertex -17.1096 -49.4 12.0096
      vertex -17.0103 -49.4 12.0371
    endloop
  endfacet
  facet normal 0 -1 0
    outer loop
      vertex -31.6964 -49.4 11.9401
      vertex -40.9629 -49.4 30.4897
      vertex -31.7925 -49.4 11.9772
    endloop
  endfacet
  facet normal 0 -1 0
    outer loop
      vertex -40.9629 -49.4 30.4897
      vertex -17.2075 -49.4 11.9772
      vertex -17.1096 -49.4 12.0096
    endloop
  endfacet
  facet normal 0 -1 0
    outer loop
      vertex -31.6021 -49.4 11.8984
      vertex -40.9629 -49.4 30.4897
      vertex -31.6964 -49.4 11.9401
    endloop
  endfacet
  facet normal 0 -1 0
    outer loop
      vertex -40.9629 -49.4 30.4897
      vertex -17.3036 -49.4 11.9401
      vertex -17.2075 -49.4 11.9772
    endloop
  endfacet
  facet normal 0 -1 0
    outer loop
      vertex -17.3979 -49.4 11.8984
      vertex -40.9629 -49.4 30.4897
      vertex -31.6021 -49.4 11.8984
    endloop
  endfacet
  facet normal 0 -1 0
    outer loop
      vertex -40.9629 -49.4 30.4897
      vertex -17.3979 -49.4 11.8984
      vertex -17.3036 -49.4 11.9401
    endloop
  endfacet
  facet normal 0 -1 0
    outer loop
      vertex -31.5101 -49.4 11.852
      vertex -17.3979 -49.4 11.8984
      vertex -31.6021 -49.4 11.8984
    endloop
  endfacet
  facet normal 0 -1 0
    outer loop
      vertex -31.5101 -49.4 11.852
      vertex -17.4899 -49.4 11.852
      vertex -17.3979 -49.4 11.8984
    endloop
  endfacet
  facet normal 0 -1 0
    outer loop
      vertex -31.4204 -49.4 11.8012
      vertex -17.4899 -49.4 11.852
      vertex -31.5101 -49.4 11.852
    endloop
  endfacet
  facet normal 0 -1 0
    outer loop
      vertex -31.4204 -49.4 11.8012
      vertex -17.5796 -49.4 11.8012
      vertex -17.4899 -49.4 11.852
    endloop
  endfacet
  facet normal 0 -1 0
    outer loop
      vertex -31.3333 -49.4 11.7461
      vertex -17.5796 -49.4 11.8012
      vertex -31.4204 -49.4 11.8012
    endloop
  endfacet
  facet normal 0 -1 0
    outer loop
      vertex -31.3333 -49.4 11.7461
      vertex -17.6667 -49.4 11.7461
      vertex -17.5796 -49.4 11.8012
    endloop
  endfacet
  facet normal 0 -1 0
    outer loop
      vertex -31.249 -49.4 11.6867
      vertex -17.6667 -49.4 11.7461
      vertex -31.3333 -49.4 11.7461
    endloop
  endfacet
  facet normal 0 -1 0
    outer loop
      vertex -31.249 -49.4 11.6867
      vertex -17.751 -49.4 11.6867
      vertex -17.6667 -49.4 11.7461
    endloop
  endfacet
  facet normal 0 -1 0
    outer loop
      vertex -31.1678 -49.4 11.6233
      vertex -17.751 -49.4 11.6867
      vertex -31.249 -49.4 11.6867
    endloop
  endfacet
  facet normal 0 -1 0
    outer loop
      vertex -31.1678 -49.4 11.6233
      vertex -17.8322 -49.4 11.6233
      vertex -17.751 -49.4 11.6867
    endloop
  endfacet
  facet normal 0 -1 0
    outer loop
      vertex -31.0897 -49.4 11.556
      vertex -17.8322 -49.4 11.6233
      vertex -31.1678 -49.4 11.6233
    endloop
  endfacet
  facet normal 0 -1 0
    outer loop
      vertex -31.0897 -49.4 11.556
      vertex -17.9103 -49.4 11.556
      vertex -17.8322 -49.4 11.6233
    endloop
  endfacet
  facet normal 0 -1 0
    outer loop
      vertex -31.0151 -49.4 11.4849
      vertex -17.9103 -49.4 11.556
      vertex -31.0897 -49.4 11.556
    endloop
  endfacet
  facet normal 0 -1 0
    outer loop
      vertex -31.0151 -49.4 11.4849
      vertex -17.9849 -49.4 11.4849
      vertex -17.9103 -49.4 11.556
    endloop
  endfacet
  facet normal 0 -1 0
    outer loop
      vertex -30.944 -49.4 11.4103
      vertex -17.9849 -49.4 11.4849
      vertex -31.0151 -49.4 11.4849
    endloop
  endfacet
  facet normal 0 -1 0
    outer loop
      vertex -30.944 -49.4 11.4103
      vertex -18.056 -49.4 11.4103
      vertex -17.9849 -49.4 11.4849
    endloop
  endfacet
  facet normal 0 -1 0
    outer loop
      vertex -30.8767 -49.4 11.3322
      vertex -18.056 -49.4 11.4103
      vertex -30.944 -49.4 11.4103
    endloop
  endfacet
  facet normal 0 -1 0
    outer loop
      vertex -30.8767 -49.4 11.3322
      vertex -18.1233 -49.4 11.3322
      vertex -18.056 -49.4 11.4103
    endloop
  endfacet
  facet normal 0 -1 0
    outer loop
      vertex -30.8133 -49.4 11.251
      vertex -18.1233 -49.4 11.3322
      vertex -30.8767 -49.4 11.3322
    endloop
  endfacet
  facet normal 0 -1 0
    outer loop
      vertex -30.8133 -49.4 11.251
      vertex -18.1867 -49.4 11.251
      vertex -18.1233 -49.4 11.3322
    endloop
  endfacet
  facet normal 0 -1 0
    outer loop
      vertex -30.7539 -49.4 11.1667
      vertex -18.1867 -49.4 11.251
      vertex -30.8133 -49.4 11.251
    endloop
  endfacet
  facet normal 0 -1 0
    outer loop
      vertex -30.7539 -49.4 11.1667
      vertex -18.2461 -49.4 11.1667
      vertex -18.1867 -49.4 11.251
    endloop
  endfacet
  facet normal 0 -1 0
    outer loop
      vertex -30.6988 -49.4 11.0796
      vertex -18.2461 -49.4 11.1667
      vertex -30.7539 -49.4 11.1667
    endloop
  endfacet
  facet normal 0 -1 0
    outer loop
      vertex -30.6988 -49.4 11.0796
      vertex -18.3012 -49.4 11.0796
      vertex -18.2461 -49.4 11.1667
    endloop
  endfacet
  facet normal 0 -1 0
    outer loop
      vertex -30.648 -49.4 10.9899
      vertex -18.3012 -49.4 11.0796
      vertex -30.6988 -49.4 11.0796
    endloop
  endfacet
  facet normal 0 -1 0
    outer loop
      vertex -30.648 -49.4 10.9899
      vertex -18.352 -49.4 10.9899
      vertex -18.3012 -49.4 11.0796
    endloop
  endfacet
  facet normal 0 -1 0
    outer loop
      vertex -30.6016 -49.4 10.8979
      vertex -18.352 -49.4 10.9899
      vertex -30.648 -49.4 10.9899
    endloop
  endfacet
  facet normal 0 -1 0
    outer loop
      vertex -30.6016 -49.4 10.8979
      vertex -18.3984 -49.4 10.8979
      vertex -18.352 -49.4 10.9899
    endloop
  endfacet
  facet normal 0 -1 0
    outer loop
      vertex -30.5599 -49.4 10.8036
      vertex -18.3984 -49.4 10.8979
      vertex -30.6016 -49.4 10.8979
    endloop
  endfacet
  facet normal 0 -1 0
    outer loop
      vertex -30.5599 -49.4 10.8036
      vertex -18.4401 -49.4 10.8036
      vertex -18.3984 -49.4 10.8979
    endloop
  endfacet
  facet normal 0 -1 0
    outer loop
      vertex -30.5228 -49.4 10.7075
      vertex -18.4401 -49.4 10.8036
      vertex -30.5599 -49.4 10.8036
    endloop
  endfacet
  facet normal 0 -1 0
    outer loop
      vertex -30.5228 -49.4 10.7075
      vertex -18.4772 -49.4 10.7075
      vertex -18.4401 -49.4 10.8036
    endloop
  endfacet
  facet normal 0 -1 0
    outer loop
      vertex -30.4904 -49.4 10.6096
      vertex -18.4772 -49.4 10.7075
      vertex -30.5228 -49.4 10.7075
    endloop
  endfacet
  facet normal 0 -1 0
    outer loop
      vertex -30.4904 -49.4 10.6096
      vertex -18.5096 -49.4 10.6096
      vertex -18.4772 -49.4 10.7075
    endloop
  endfacet
  facet normal 0 -1 0
    outer loop
      vertex -30.4629 -49.4 10.5103
      vertex -18.5096 -49.4 10.6096
      vertex -30.4904 -49.4 10.6096
    endloop
  endfacet
  facet normal 0 -1 0
    outer loop
      vertex -30.4629 -49.4 10.5103
      vertex -18.5371 -49.4 10.5103
      vertex -18.5096 -49.4 10.6096
    endloop
  endfacet
  facet normal 0 -1 0
    outer loop
      vertex -30.4403 -49.4 10.4097
      vertex -18.5371 -49.4 10.5103
      vertex -30.4629 -49.4 10.5103
    endloop
  endfacet
  facet normal 0 -1 0
    outer loop
      vertex -30.4403 -49.4 10.4097
      vertex -18.5596 -49.4 10.4097
      vertex -18.5371 -49.4 10.5103
    endloop
  endfacet
  facet normal 0 -1 0
    outer loop
      vertex -30.4227 -49.4 10.3081
      vertex -18.5596 -49.4 10.4097
      vertex -30.4403 -49.4 10.4097
    endloop
  endfacet
  facet normal 0 -1 0
    outer loop
      vertex -30.4227 -49.4 10.3081
      vertex -18.5773 -49.4 10.3081
      vertex -18.5596 -49.4 10.4097
    endloop
  endfacet
  facet normal 0 -1 0
    outer loop
      vertex -30.4101 -49.4 10.2058
      vertex -18.5773 -49.4 10.3081
      vertex -30.4227 -49.4 10.3081
    endloop
  endfacet
  facet normal 0 -1 0
    outer loop
      vertex -30.4101 -49.4 10.2058
      vertex -18.5899 -49.4 10.2058
      vertex -18.5773 -49.4 10.3081
    endloop
  endfacet
  facet normal 0 -1 0
    outer loop
      vertex -30.4025 -49.4 10.103
      vertex -18.5899 -49.4 10.2058
      vertex -30.4101 -49.4 10.2058
    endloop
  endfacet
  facet normal 0 -1 0
    outer loop
      vertex -30.4025 -49.4 10.103
      vertex -18.5975 -49.4 10.103
      vertex -18.5899 -49.4 10.2058
    endloop
  endfacet
  facet normal 0 -1 0
    outer loop
      vertex -30.4 -49.4 10
      vertex -18.5975 -49.4 10.103
      vertex -30.4025 -49.4 10.103
    endloop
  endfacet
  facet normal 0 -1 0
    outer loop
      vertex -30.4 -49.4 10
      vertex -18.6 -49.4 10
      vertex -18.5975 -49.4 10.103
    endloop
  endfacet
  facet normal 0 -1 0
    outer loop
      vertex -30.4025 -49.4 9.89696
      vertex -18.6 -49.4 10
      vertex -30.4 -49.4 10
    endloop
  endfacet
  facet normal 0 -1 0
    outer loop
      vertex -30.4025 -49.4 9.89696
      vertex -18.5975 -49.4 9.89696
      vertex -18.6 -49.4 10
    endloop
  endfacet
  facet normal 0 -1 0
    outer loop
      vertex -30.4101 -49.4 9.79416
      vertex -18.5975 -49.4 9.89696
      vertex -30.4025 -49.4 9.89696
    endloop
  endfacet
  facet normal 0 -1 0
    outer loop
      vertex -30.4101 -49.4 9.79416
      vertex -18.5899 -49.4 9.79416
      vertex -18.5975 -49.4 9.89696
    endloop
  endfacet
  facet normal 0 -1 0
    outer loop
      vertex -30.4227 -49.4 9.69187
      vertex -18.5899 -49.4 9.79416
      vertex -30.4101 -49.4 9.79416
    endloop
  endfacet
  facet normal 0 -1 0
    outer loop
      vertex -30.4227 -49.4 9.69187
      vertex -18.5773 -49.4 9.69187
      vertex -18.5899 -49.4 9.79416
    endloop
  endfacet
  facet normal 0 -1 0
    outer loop
      vertex -30.4403 -49.4 9.59031
      vertex -18.5773 -49.4 9.69187
      vertex -30.4227 -49.4 9.69187
    endloop
  endfacet
  facet normal 0 -1 0
    outer loop
      vertex -30.4403 -49.4 9.59031
      vertex -18.5596 -49.4 9.59031
      vertex -18.5773 -49.4 9.69187
    endloop
  endfacet
  facet normal 0 -1 0
    outer loop
      vertex -30.4629 -49.4 9.48974
      vertex -18.5596 -49.4 9.59031
      vertex -30.4403 -49.4 9.59031
    endloop
  endfacet
  facet normal 0 -1 0
    outer loop
      vertex -30.4629 -49.4 9.48974
      vertex -18.5371 -49.4 9.48974
      vertex -18.5596 -49.4 9.59031
    endloop
  endfacet
  facet normal 0 -1 0
    outer loop
      vertex -30.4904 -49.4 9.3904
      vertex -18.5371 -49.4 9.48974
      vertex -30.4629 -49.4 9.48974
    endloop
  endfacet
  facet normal 0 -1 0
    outer loop
      vertex -30.4904 -49.4 9.3904
      vertex -18.5096 -49.4 9.3904
      vertex -18.5371 -49.4 9.48974
    endloop
  endfacet
  facet normal 0 -1 0
    outer loop
      vertex -30.5228 -49.4 9.29253
      vertex -18.5096 -49.4 9.3904
      vertex -30.4904 -49.4 9.3904
    endloop
  endfacet
  facet normal 0 -1 0
    outer loop
      vertex -30.5228 -49.4 9.29253
      vertex -18.4772 -49.4 9.29253
      vertex -18.5096 -49.4 9.3904
    endloop
  endfacet
  facet normal 0 -1 0
    outer loop
      vertex -30.5599 -49.4 9.19637
      vertex -18.4772 -49.4 9.29253
      vertex -30.5228 -49.4 9.29253
    endloop
  endfacet
  facet normal 0 -1 0
    outer loop
      vertex -30.5599 -49.4 9.19637
      vertex -18.4401 -49.4 9.19637
      vertex -18.4772 -49.4 9.29253
    endloop
  endfacet
  facet normal 0 -1 0
    outer loop
      vertex -30.6016 -49.4 9.10213
      vertex -18.4401 -49.4 9.19637
      vertex -30.5599 -49.4 9.19637
    endloop
  endfacet
  facet normal 0 -1 0
    outer loop
      vertex -30.6016 -49.4 9.10213
      vertex -18.3984 -49.4 9.10213
      vertex -18.4401 -49.4 9.19637
    endloop
  endfacet
  facet normal 0 -1 0
    outer loop
      vertex -30.648 -49.4 9.01007
      vertex -18.3984 -49.4 9.10213
      vertex -30.6016 -49.4 9.10213
    endloop
  endfacet
  facet normal 0 -1 0
    outer loop
      vertex -30.648 -49.4 9.01007
      vertex -18.352 -49.4 9.01007
      vertex -18.3984 -49.4 9.10213
    endloop
  endfacet
  facet normal 0 -1 0
    outer loop
      vertex -30.6988 -49.4 8.92038
      vertex -18.352 -49.4 9.01007
      vertex -30.648 -49.4 9.01007
    endloop
  endfacet
  facet normal 0 -1 0
    outer loop
      vertex -30.6988 -49.4 8.92038
      vertex -18.3012 -49.4 8.92038
      vertex -18.352 -49.4 9.01007
    endloop
  endfacet
  facet normal 0 -1 0
    outer loop
      vertex -30.7539 -49.4 8.8333
      vertex -18.3012 -49.4 8.92038
      vertex -30.6988 -49.4 8.92038
    endloop
  endfacet
  facet normal 0 -1 0
    outer loop
      vertex -30.7539 -49.4 8.8333
      vertex -18.2461 -49.4 8.8333
      vertex -18.3012 -49.4 8.92038
    endloop
  endfacet
  facet normal 0 -1 0
    outer loop
      vertex -30.8133 -49.4 8.74903
      vertex -18.2461 -49.4 8.8333
      vertex -30.7539 -49.4 8.8333
    endloop
  endfacet
  facet normal 0 -1 0
    outer loop
      vertex -30.8133 -49.4 8.74903
      vertex -18.1867 -49.4 8.74903
      vertex -18.2461 -49.4 8.8333
    endloop
  endfacet
  facet normal 0 -1 0
    outer loop
      vertex -30.8767 -49.4 8.66777
      vertex -18.1867 -49.4 8.74903
      vertex -30.8133 -49.4 8.74903
    endloop
  endfacet
  facet normal 0 -1 0
    outer loop
      vertex -30.8767 -49.4 8.66777
      vertex -18.1233 -49.4 8.66777
      vertex -18.1867 -49.4 8.74903
    endloop
  endfacet
  facet normal 0 -1 0
    outer loop
      vertex -30.944 -49.4 8.58973
      vertex -18.1233 -49.4 8.66777
      vertex -30.8767 -49.4 8.66777
    endloop
  endfacet
  facet normal 0 -1 0
    outer loop
      vertex -30.944 -49.4 8.58973
      vertex -18.056 -49.4 8.58973
      vertex -18.1233 -49.4 8.66777
    endloop
  endfacet
  facet normal 0 -1 0
    outer loop
      vertex -31.0151 -49.4 8.51508
      vertex -18.056 -49.4 8.58973
      vertex -30.944 -49.4 8.58973
    endloop
  endfacet
  facet normal 0 -1 0
    outer loop
      vertex -31.0151 -49.4 8.51508
      vertex -17.9849 -49.4 8.51508
      vertex -18.056 -49.4 8.58973
    endloop
  endfacet
  facet normal 0 -1 0
    outer loop
      vertex -31.0897 -49.4 8.444
      vertex -17.9849 -49.4 8.51508
      vertex -31.0151 -49.4 8.51508
    endloop
  endfacet
  facet normal 0 -1 0
    outer loop
      vertex -31.0897 -49.4 8.444
      vertex -17.9103 -49.4 8.444
      vertex -17.9849 -49.4 8.51508
    endloop
  endfacet
  facet normal 0 -1 0
    outer loop
      vertex -31.1678 -49.4 8.37668
      vertex -17.9103 -49.4 8.444
      vertex -31.0897 -49.4 8.444
    endloop
  endfacet
  facet normal 0 -1 0
    outer loop
      vertex -31.1678 -49.4 8.37668
      vertex -17.8322 -49.4 8.37668
      vertex -17.9103 -49.4 8.444
    endloop
  endfacet
  facet normal 0 -1 0
    outer loop
      vertex -31.249 -49.4 8.31326
      vertex -17.8322 -49.4 8.37668
      vertex -31.1678 -49.4 8.37668
    endloop
  endfacet
  facet normal 0 -1 0
    outer loop
      vertex -31.249 -49.4 8.31326
      vertex -17.751 -49.4 8.31326
      vertex -17.8322 -49.4 8.37668
    endloop
  endfacet
  facet normal 0 -1 0
    outer loop
      vertex -31.3333 -49.4 8.25391
      vertex -17.751 -49.4 8.31326
      vertex -31.249 -49.4 8.31326
    endloop
  endfacet
  facet normal 0 -1 0
    outer loop
      vertex -31.3333 -49.4 8.25391
      vertex -17.6667 -49.4 8.25391
      vertex -17.751 -49.4 8.31326
    endloop
  endfacet
  facet normal 0 -1 0
    outer loop
      vertex -31.4204 -49.4 8.19877
      vertex -17.6667 -49.4 8.25391
      vertex -31.3333 -49.4 8.25391
    endloop
  endfacet
  facet normal 0 -1 0
    outer loop
      vertex -31.4204 -49.4 8.19877
      vertex -17.5796 -49.4 8.19877
      vertex -17.6667 -49.4 8.25391
    endloop
  endfacet
  facet normal 0 -1 0
    outer loop
      vertex -31.5101 -49.4 8.14797
      vertex -17.5796 -49.4 8.19877
      vertex -31.4204 -49.4 8.19877
    endloop
  endfacet
  facet normal 0 -1 0
    outer loop
      vertex -31.5101 -49.4 8.14797
      vertex -17.4899 -49.4 8.14797
      vertex -17.5796 -49.4 8.19877
    endloop
  endfacet
  facet normal 0 -1 0
    outer loop
      vertex -31.6021 -49.4 8.10162
      vertex -17.4899 -49.4 8.14797
      vertex -31.5101 -49.4 8.14797
    endloop
  endfacet
  facet normal 0 -1 0
    outer loop
      vertex -31.6021 -49.4 8.10162
      vertex -17.3979 -49.4 8.10162
      vertex -17.4899 -49.4 8.14797
    endloop
  endfacet
  facet normal 0 -1 0
    outer loop
      vertex -31.6964 -49.4 8.05985
      vertex -17.3979 -49.4 8.10162
      vertex -31.6021 -49.4 8.10162
    endloop
  endfacet
  facet normal 0 -1 0
    outer loop
      vertex -31.6964 -49.4 8.05985
      vertex -17.3036 -49.4 8.05985
      vertex -17.3979 -49.4 8.10162
    endloop
  endfacet
  facet normal 0 -1 0
    outer loop
      vertex -10 -49.4 2.5
      vertex -31.6964 -49.4 8.05985
      vertex -31.7925 -49.4 8.02276
    endloop
  endfacet
  facet normal 0 -1 0
    outer loop
      vertex -31.6964 -49.4 8.05985
      vertex -10 -49.4 2.5
      vertex -17.3036 -49.4 8.05985
    endloop
  endfacet
  facet normal 0 -1 0
    outer loop
      vertex -10 -49.4 2.5
      vertex -31.7925 -49.4 8.02276
      vertex -31.8904 -49.4 7.99043
    endloop
  endfacet
  facet normal 0 -1 0
    outer loop
      vertex -17.3036 -49.4 8.05985
      vertex -10 -49.4 2.5
      vertex -17.2075 -49.4 8.02276
    endloop
  endfacet
  facet normal 0 -1 0
    outer loop
      vertex -10 -49.4 2.5
      vertex -31.8904 -49.4 7.99043
      vertex -31.9897 -49.4 7.96293
    endloop
  endfacet
  facet normal 0 -1 0
    outer loop
      vertex -17.2075 -49.4 8.02276
      vertex -10 -49.4 2.5
      vertex -17.1096 -49.4 7.99043
    endloop
  endfacet
  facet normal 0 -1 0
    outer loop
      vertex -10 -49.4 2.5
      vertex -31.9897 -49.4 7.96293
      vertex -32.0903 -49.4 7.94035
    endloop
  endfacet
  facet normal 0 -1 0
    outer loop
      vertex -17.1096 -49.4 7.99043
      vertex -10 -49.4 2.5
      vertex -17.0103 -49.4 7.96293
    endloop
  endfacet
  facet normal 0 -1 0
    outer loop
      vertex -10 -49.4 2.5
      vertex -32.0903 -49.4 7.94035
      vertex -32.1919 -49.4 7.92273
    endloop
  endfacet
  facet normal 0 -1 0
    outer loop
      vertex -17.0103 -49.4 7.96293
      vertex -10 -49.4 2.5
      vertex -16.9097 -49.4 7.94035
    endloop
  endfacet
  facet normal 0 -1 0
    outer loop
      vertex -10 -49.4 2.5
      vertex -32.1919 -49.4 7.92273
      vertex -32.2942 -49.4 7.91011
    endloop
  endfacet
  facet normal 0 -1 0
    outer loop
      vertex -16.9097 -49.4 7.94035
      vertex -10 -49.4 2.5
      vertex -16.8081 -49.4 7.92273
    endloop
  endfacet
  facet normal 0 -1 0
    outer loop
      vertex -10 -49.4 2.5
      vertex -32.2942 -49.4 7.91011
      vertex -32.397 -49.4 7.90253
    endloop
  endfacet
  facet normal 0 -1 0
    outer loop
      vertex -16.8081 -49.4 7.92273
      vertex -10 -49.4 2.5
      vertex -16.7058 -49.4 7.91011
    endloop
  endfacet
  facet normal 0 -1 0
    outer loop
      vertex -50 -49.4 2.5
      vertex -32.397 -49.4 7.90253
      vertex -32.5 -49.4 7.9
    endloop
  endfacet
  facet normal 0 -1 0
    outer loop
      vertex -16.7058 -49.4 7.91011
      vertex -10 -49.4 2.5
      vertex -16.603 -49.4 7.90253
    endloop
  endfacet
  facet normal 0 -1 0
    outer loop
      vertex -42.897 -49.4 57.0975
      vertex -50 -49.4 62
      vertex -43 -49.4 57.1
    endloop
  endfacet
  facet normal 0 -1 0
    outer loop
      vertex -50 -49.4 62
      vertex -43.103 -49.4 57.0975
      vertex -43 -49.4 57.1
    endloop
  endfacet
  facet normal 0 -1 0
    outer loop
      vertex -50 -49.4 62
      vertex -43.2058 -49.4 57.0899
      vertex -43.103 -49.4 57.0975
    endloop
  endfacet
  facet normal 0 -1 0
    outer loop
      vertex -50 -49.4 62
      vertex -43.3081 -49.4 57.0773
      vertex -43.2058 -49.4 57.0899
    endloop
  endfacet
  facet normal 0 -1 0
    outer loop
      vertex -50 -49.4 62
      vertex -43.4097 -49.4 57.0596
      vertex -43.3081 -49.4 57.0773
    endloop
  endfacet
  facet normal 0 -1 0
    outer loop
      vertex -50 -49.4 62
      vertex -43.5103 -49.4 57.0371
      vertex -43.4097 -49.4 57.0596
    endloop
  endfacet
  facet normal 0 -1 0
    outer loop
      vertex -50 -49.4 62
      vertex -43.6096 -49.4 57.0096
      vertex -43.5103 -49.4 57.0371
    endloop
  endfacet
  facet normal 0 -1 0
    outer loop
      vertex -50 -49.4 62
      vertex -43.7075 -49.4 56.9772
      vertex -43.6096 -49.4 57.0096
    endloop
  endfacet
  facet normal 0 -1 0
    outer loop
      vertex -50 -49.4 62
      vertex -43.8036 -49.4 56.9401
      vertex -43.7075 -49.4 56.9772
    endloop
  endfacet
  facet normal 0 -1 0
    outer loop
      vertex -50 -49.4 62
      vertex -43.8979 -49.4 56.8984
      vertex -43.8036 -49.4 56.9401
    endloop
  endfacet
  facet normal 0 -1 0
    outer loop
      vertex -50 -49.4 62
      vertex -43.9899 -49.4 56.852
      vertex -43.8979 -49.4 56.8984
    endloop
  endfacet
  facet normal 0 -1 0
    outer loop
      vertex -50 -49.4 62
      vertex -44.0796 -49.4 56.8012
      vertex -43.9899 -49.4 56.852
    endloop
  endfacet
  facet normal 0 -1 0
    outer loop
      vertex -50 -49.4 62
      vertex -44.1667 -49.4 56.7461
      vertex -44.0796 -49.4 56.8012
    endloop
  endfacet
  facet normal 0 -1 0
    outer loop
      vertex -50 -49.4 62
      vertex -44.251 -49.4 56.6867
      vertex -44.1667 -49.4 56.7461
    endloop
  endfacet
  facet normal 0 -1 0
    outer loop
      vertex -50 -49.4 62
      vertex -44.3322 -49.4 56.6233
      vertex -44.251 -49.4 56.6867
    endloop
  endfacet
  facet normal 0 -1 0
    outer loop
      vertex -50 -49.4 62
      vertex -44.4103 -49.4 56.556
      vertex -44.3322 -49.4 56.6233
    endloop
  endfacet
  facet normal 0 -1 0
    outer loop
      vertex -50 -49.4 62
      vertex -44.4849 -49.4 56.4849
      vertex -44.4103 -49.4 56.556
    endloop
  endfacet
  facet normal 0 -1 0
    outer loop
      vertex -50 -49.4 62
      vertex -44.556 -49.4 56.4103
      vertex -44.4849 -49.4 56.4849
    endloop
  endfacet
  facet normal 0 -1 0
    outer loop
      vertex -50 -49.4 62
      vertex -44.6233 -49.4 56.3322
      vertex -44.556 -49.4 56.4103
    endloop
  endfacet
  facet normal 0 -1 0
    outer loop
      vertex -50 -49.4 62
      vertex -44.6867 -49.4 56.251
      vertex -44.6233 -49.4 56.3322
    endloop
  endfacet
  facet normal 0 -1 0
    outer loop
      vertex -50 -49.4 62
      vertex -44.7461 -49.4 56.1667
      vertex -44.6867 -49.4 56.251
    endloop
  endfacet
  facet normal 0 -1 0
    outer loop
      vertex -50 -49.4 62
      vertex -44.8012 -49.4 56.0796
      vertex -44.7461 -49.4 56.1667
    endloop
  endfacet
  facet normal 0 -1 0
    outer loop
      vertex -50 -49.4 62
      vertex -44.852 -49.4 55.9899
      vertex -44.8012 -49.4 56.0796
    endloop
  endfacet
  facet normal 0 -1 0
    outer loop
      vertex -50 -49.4 62
      vertex -44.8984 -49.4 55.8979
      vertex -44.852 -49.4 55.9899
    endloop
  endfacet
  facet normal 0 -1 0
    outer loop
      vertex -50 -49.4 62
      vertex -44.9401 -49.4 55.8036
      vertex -44.8984 -49.4 55.8979
    endloop
  endfacet
  facet normal 0 -1 0
    outer loop
      vertex -50 -49.4 62
      vertex -44.9772 -49.4 55.7075
      vertex -44.9401 -49.4 55.8036
    endloop
  endfacet
  facet normal 0 -1 0
    outer loop
      vertex -50 -49.4 62
      vertex -45.0096 -49.4 55.6096
      vertex -44.9772 -49.4 55.7075
    endloop
  endfacet
  facet normal 0 -1 0
    outer loop
      vertex -50 -49.4 62
      vertex -45.0371 -49.4 55.5103
      vertex -45.0096 -49.4 55.6096
    endloop
  endfacet
  facet normal 0 -1 0
    outer loop
      vertex -50 -49.4 62
      vertex -45.0596 -49.4 55.4097
      vertex -45.0371 -49.4 55.5103
    endloop
  endfacet
  facet normal 0 -1 0
    outer loop
      vertex -50 -49.4 62
      vertex -45.0773 -49.4 55.3081
      vertex -45.0596 -49.4 55.4097
    endloop
  endfacet
  facet normal 0 -1 0
    outer loop
      vertex -50 -49.4 62
      vertex -45.0899 -49.4 55.2058
      vertex -45.0773 -49.4 55.3081
    endloop
  endfacet
  facet normal 0 -1 0
    outer loop
      vertex -50 -49.4 62
      vertex -45.0975 -49.4 55.103
      vertex -45.0899 -49.4 55.2058
    endloop
  endfacet
  facet normal 0 -1 0
    outer loop
      vertex -50 -49.4 62
      vertex -45.1 -49.4 55
      vertex -45.0975 -49.4 55.103
    endloop
  endfacet
  facet normal 0 -1 0
    outer loop
      vertex -50 -49.4 62
      vertex -45.0975 -49.4 54.897
      vertex -45.1 -49.4 55
    endloop
  endfacet
  facet normal 0 -1 0
    outer loop
      vertex -50 -49.4 62
      vertex -45.0899 -49.4 54.7942
      vertex -45.0975 -49.4 54.897
    endloop
  endfacet
  facet normal 0 -1 0
    outer loop
      vertex -50 -49.4 62
      vertex -45.0773 -49.4 54.6919
      vertex -45.0899 -49.4 54.7942
    endloop
  endfacet
  facet normal 0 -1 0
    outer loop
      vertex -50 -49.4 62
      vertex -45.0596 -49.4 54.5903
      vertex -45.0773 -49.4 54.6919
    endloop
  endfacet
  facet normal 0 -1 0
    outer loop
      vertex -50 -49.4 62
      vertex -45.0371 -49.4 54.4897
      vertex -45.0596 -49.4 54.5903
    endloop
  endfacet
  facet normal 0 -1 0
    outer loop
      vertex -50 -49.4 62
      vertex -45.0096 -49.4 54.3904
      vertex -45.0371 -49.4 54.4897
    endloop
  endfacet
  facet normal 0 -1 0
    outer loop
      vertex -50 -49.4 62
      vertex -44.9772 -49.4 54.2925
      vertex -45.0096 -49.4 54.3904
    endloop
  endfacet
  facet normal 0 -1 0
    outer loop
      vertex -50 -49.4 62
      vertex -44.9401 -49.4 54.1964
      vertex -44.9772 -49.4 54.2925
    endloop
  endfacet
  facet normal 0 -1 0
    outer loop
      vertex -50 -49.4 62
      vertex -44.8984 -49.4 54.1021
      vertex -44.9401 -49.4 54.1964
    endloop
  endfacet
  facet normal 0 -1 0
    outer loop
      vertex -44.8984 -49.4 31.8979
      vertex -44.8984 -49.4 54.1021
      vertex -50 -49.4 62
    endloop
  endfacet
  facet normal 0 -1 0
    outer loop
      vertex -44.8984 -49.4 54.1021
      vertex -44.8984 -49.4 31.8979
      vertex -44.852 -49.4 54.0101
    endloop
  endfacet
  facet normal -0 -1 0
    outer loop
      vertex -44.852 -49.4 31.9899
      vertex -44.852 -49.4 54.0101
      vertex -44.8984 -49.4 31.8979
    endloop
  endfacet
  facet normal 0 -1 0
    outer loop
      vertex -43.103 -49.4 52.9025
      vertex -43 -49.4 33.1
      vertex -43 -49.4 52.9
    endloop
  endfacet
  facet normal 0 -1 0
    outer loop
      vertex -43.103 -49.4 33.0975
      vertex -43.103 -49.4 52.9025
      vertex -43.2058 -49.4 52.9101
    endloop
  endfacet
  facet normal 0 -1 0
    outer loop
      vertex -43.2058 -49.4 33.0899
      vertex -43.2058 -49.4 52.9101
      vertex -43.3081 -49.4 52.9227
    endloop
  endfacet
  facet normal 0 -1 0
    outer loop
      vertex -43.3081 -49.4 33.0773
      vertex -43.3081 -49.4 52.9227
      vertex -43.4097 -49.4 52.9403
    endloop
  endfacet
  facet normal 0 -1 0
    outer loop
      vertex -43.4097 -49.4 33.0597
      vertex -43.4097 -49.4 52.9403
      vertex -43.5103 -49.4 52.9629
    endloop
  endfacet
  facet normal 0 -1 0
    outer loop
      vertex -43.5103 -49.4 33.0371
      vertex -43.5103 -49.4 52.9629
      vertex -43.6096 -49.4 52.9904
    endloop
  endfacet
  facet normal 0 -1 0
    outer loop
      vertex -43.6096 -49.4 33.0096
      vertex -43.6096 -49.4 52.9904
      vertex -43.7075 -49.4 53.0228
    endloop
  endfacet
  facet normal 0 -1 0
    outer loop
      vertex -43.7075 -49.4 32.9772
      vertex -43.7075 -49.4 53.0228
      vertex -43.8036 -49.4 53.0599
    endloop
  endfacet
  facet normal 0 -1 0
    outer loop
      vertex -43.8036 -49.4 32.9401
      vertex -43.8036 -49.4 53.0599
      vertex -43.8979 -49.4 53.1016
    endloop
  endfacet
  facet normal 0 -1 0
    outer loop
      vertex -43.8979 -49.4 32.8984
      vertex -43.8979 -49.4 53.1016
      vertex -43.9899 -49.4 53.148
    endloop
  endfacet
  facet normal 0 -1 0
    outer loop
      vertex -43.9899 -49.4 32.852
      vertex -43.9899 -49.4 53.148
      vertex -44.0796 -49.4 53.1988
    endloop
  endfacet
  facet normal 0 -1 0
    outer loop
      vertex -44.0796 -49.4 32.8012
      vertex -44.0796 -49.4 53.1988
      vertex -44.1667 -49.4 53.2539
    endloop
  endfacet
  facet normal 0 -1 0
    outer loop
      vertex -44.1667 -49.4 32.7461
      vertex -44.1667 -49.4 53.2539
      vertex -44.251 -49.4 53.3133
    endloop
  endfacet
  facet normal 0 -1 0
    outer loop
      vertex -44.251 -49.4 32.6867
      vertex -44.251 -49.4 53.3133
      vertex -44.3322 -49.4 53.3767
    endloop
  endfacet
  facet normal 0 -1 0
    outer loop
      vertex -44.3322 -49.4 32.6233
      vertex -44.3322 -49.4 53.3767
      vertex -44.4103 -49.4 53.444
    endloop
  endfacet
  facet normal 0 -1 0
    outer loop
      vertex -44.4103 -49.4 32.556
      vertex -44.4103 -49.4 53.444
      vertex -44.4849 -49.4 53.5151
    endloop
  endfacet
  facet normal 0 -1 0
    outer loop
      vertex -44.4849 -49.4 32.4849
      vertex -44.4849 -49.4 53.5151
      vertex -44.556 -49.4 53.5897
    endloop
  endfacet
  facet normal 0 -1 0
    outer loop
      vertex -44.556 -49.4 32.4103
      vertex -44.556 -49.4 53.5897
      vertex -44.6233 -49.4 53.6678
    endloop
  endfacet
  facet normal 0 -1 0
    outer loop
      vertex -44.6233 -49.4 32.3322
      vertex -44.6233 -49.4 53.6678
      vertex -44.6867 -49.4 53.749
    endloop
  endfacet
  facet normal 0 -1 0
    outer loop
      vertex -44.6867 -49.4 32.251
      vertex -44.6867 -49.4 53.749
      vertex -44.7461 -49.4 53.8333
    endloop
  endfacet
  facet normal 0 -1 0
    outer loop
      vertex -44.852 -49.4 54.0101
      vertex -44.852 -49.4 31.9899
      vertex -44.8012 -49.4 53.9204
    endloop
  endfacet
  facet normal 0 -1 0
    outer loop
      vertex -43.103 -49.4 52.9025
      vertex -43.103 -49.4 33.0975
      vertex -43 -49.4 33.1
    endloop
  endfacet
  facet normal 0 -1 0
    outer loop
      vertex -43.2058 -49.4 52.9101
      vertex -43.2058 -49.4 33.0899
      vertex -43.103 -49.4 33.0975
    endloop
  endfacet
  facet normal 0 -1 0
    outer loop
      vertex -43.3081 -49.4 52.9227
      vertex -43.3081 -49.4 33.0773
      vertex -43.2058 -49.4 33.0899
    endloop
  endfacet
  facet normal 0 -1 0
    outer loop
      vertex -43.4097 -49.4 52.9403
      vertex -43.4097 -49.4 33.0597
      vertex -43.3081 -49.4 33.0773
    endloop
  endfacet
  facet normal 0 -1 0
    outer loop
      vertex -43.5103 -49.4 52.9629
      vertex -43.5103 -49.4 33.0371
      vertex -43.4097 -49.4 33.0597
    endloop
  endfacet
  facet normal 0 -1 0
    outer loop
      vertex -43.6096 -49.4 52.9904
      vertex -43.6096 -49.4 33.0096
      vertex -43.5103 -49.4 33.0371
    endloop
  endfacet
  facet normal 0 -1 0
    outer loop
      vertex -43.7075 -49.4 53.0228
      vertex -43.7075 -49.4 32.9772
      vertex -43.6096 -49.4 33.0096
    endloop
  endfacet
  facet normal 0 -1 0
    outer loop
      vertex -43.8036 -49.4 53.0599
      vertex -43.8036 -49.4 32.9401
      vertex -43.7075 -49.4 32.9772
    endloop
  endfacet
  facet normal 0 -1 0
    outer loop
      vertex -43.8979 -49.4 53.1016
      vertex -43.8979 -49.4 32.8984
      vertex -43.8036 -49.4 32.9401
    endloop
  endfacet
  facet normal 0 -1 0
    outer loop
      vertex -43.9899 -49.4 53.148
      vertex -43.9899 -49.4 32.852
      vertex -43.8979 -49.4 32.8984
    endloop
  endfacet
  facet normal 0 -1 0
    outer loop
      vertex -44.0796 -49.4 53.1988
      vertex -44.0796 -49.4 32.8012
      vertex -43.9899 -49.4 32.852
    endloop
  endfacet
  facet normal 0 -1 0
    outer loop
      vertex -44.1667 -49.4 53.2539
      vertex -44.1667 -49.4 32.7461
      vertex -44.0796 -49.4 32.8012
    endloop
  endfacet
  facet normal 0 -1 0
    outer loop
      vertex -44.251 -49.4 53.3133
      vertex -44.251 -49.4 32.6867
      vertex -44.1667 -49.4 32.7461
    endloop
  endfacet
  facet normal 0 -1 0
    outer loop
      vertex -44.3322 -49.4 53.3767
      vertex -44.3322 -49.4 32.6233
      vertex -44.251 -49.4 32.6867
    endloop
  endfacet
  facet normal 0 -1 0
    outer loop
      vertex -44.4103 -49.4 53.444
      vertex -44.4103 -49.4 32.556
      vertex -44.3322 -49.4 32.6233
    endloop
  endfacet
  facet normal 0 -1 0
    outer loop
      vertex -44.4849 -49.4 53.5151
      vertex -44.4849 -49.4 32.4849
      vertex -44.4103 -49.4 32.556
    endloop
  endfacet
  facet normal 0 -1 0
    outer loop
      vertex -44.556 -49.4 53.5897
      vertex -44.556 -49.4 32.4103
      vertex -44.4849 -49.4 32.4849
    endloop
  endfacet
  facet normal 0 -1 0
    outer loop
      vertex -44.6233 -49.4 53.6678
      vertex -44.6233 -49.4 32.3322
      vertex -44.556 -49.4 32.4103
    endloop
  endfacet
  facet normal 0 -1 0
    outer loop
      vertex -44.6867 -49.4 53.749
      vertex -44.6867 -49.4 32.251
      vertex -44.6233 -49.4 32.3322
    endloop
  endfacet
  facet normal 0 -1 0
    outer loop
      vertex -44.7461 -49.4 53.8333
      vertex -44.7461 -49.4 32.1667
      vertex -44.6867 -49.4 32.251
    endloop
  endfacet
  facet normal 0 -1 -0
    outer loop
      vertex -44.7461 -49.4 53.8333
      vertex -44.8012 -49.4 32.0796
      vertex -44.7461 -49.4 32.1667
    endloop
  endfacet
  facet normal 0 -1 0
    outer loop
      vertex -44.8012 -49.4 53.9204
      vertex -44.8012 -49.4 32.0796
      vertex -44.7461 -49.4 53.8333
    endloop
  endfacet
  facet normal -0 -1 0
    outer loop
      vertex -44.8012 -49.4 32.0796
      vertex -44.8012 -49.4 53.9204
      vertex -44.852 -49.4 31.9899
    endloop
  endfacet
  facet normal 0 -1 0
    outer loop
      vertex -50 -49.4 62
      vertex -44.9401 -49.4 31.8036
      vertex -44.8984 -49.4 31.8979
    endloop
  endfacet
  facet normal 0 -1 0
    outer loop
      vertex -50 -49.4 62
      vertex -44.9772 -49.4 31.7075
      vertex -44.9401 -49.4 31.8036
    endloop
  endfacet
  facet normal 0 -1 0
    outer loop
      vertex -50 -49.4 62
      vertex -45.0096 -49.4 31.6096
      vertex -44.9772 -49.4 31.7075
    endloop
  endfacet
  facet normal 0 -1 0
    outer loop
      vertex -50 -49.4 62
      vertex -45.0371 -49.4 31.5103
      vertex -45.0096 -49.4 31.6096
    endloop
  endfacet
  facet normal 0 -1 0
    outer loop
      vertex -50 -49.4 62
      vertex -45.0596 -49.4 31.4097
      vertex -45.0371 -49.4 31.5103
    endloop
  endfacet
  facet normal 0 -1 0
    outer loop
      vertex -50 -49.4 62
      vertex -45.0773 -49.4 31.3081
      vertex -45.0596 -49.4 31.4097
    endloop
  endfacet
  facet normal 0 -1 0
    outer loop
      vertex -50 -49.4 62
      vertex -45.0899 -49.4 31.2058
      vertex -45.0773 -49.4 31.3081
    endloop
  endfacet
  facet normal 0 -1 0
    outer loop
      vertex -50 -49.4 62
      vertex -45.0975 -49.4 31.103
      vertex -45.0899 -49.4 31.2058
    endloop
  endfacet
  facet normal 0 -1 0
    outer loop
      vertex -50 -49.4 62
      vertex -45.1 -49.4 31
      vertex -45.0975 -49.4 31.103
    endloop
  endfacet
  facet normal 0 -1 0
    outer loop
      vertex -50 -49.4 2.5
      vertex -45.1 -49.4 31
      vertex -50 -49.4 62
    endloop
  endfacet
  facet normal 0 -1 -0
    outer loop
      vertex -45.1 -49.4 31
      vertex -50 -49.4 2.5
      vertex -45.0975 -49.4 30.897
    endloop
  endfacet
  facet normal 0 -1 -0
    outer loop
      vertex -45.0975 -49.4 30.897
      vertex -50 -49.4 2.5
      vertex -45.0899 -49.4 30.7942
    endloop
  endfacet
  facet normal 0 -1 0
    outer loop
      vertex -34.1867 -49.4 11.251
      vertex -43 -49.4 28.9
      vertex -43.103 -49.4 28.9025
    endloop
  endfacet
  facet normal 0 -1 0
    outer loop
      vertex -34.2461 -49.4 11.1667
      vertex -43.103 -49.4 28.9025
      vertex -43.2058 -49.4 28.9101
    endloop
  endfacet
  facet normal 0 -1 0
    outer loop
      vertex -34.3012 -49.4 11.0796
      vertex -43.2058 -49.4 28.9101
      vertex -43.3081 -49.4 28.9227
    endloop
  endfacet
  facet normal 0 -1 0
    outer loop
      vertex -34.352 -49.4 10.9899
      vertex -43.3081 -49.4 28.9227
      vertex -43.4097 -49.4 28.9404
    endloop
  endfacet
  facet normal 0 -1 0
    outer loop
      vertex -34.3984 -49.4 10.8979
      vertex -43.4097 -49.4 28.9404
      vertex -43.5103 -49.4 28.9629
    endloop
  endfacet
  facet normal 0 -1 0
    outer loop
      vertex -34.4401 -49.4 10.8036
      vertex -43.5103 -49.4 28.9629
      vertex -43.6096 -49.4 28.9904
    endloop
  endfacet
  facet normal 0 -1 0
    outer loop
      vertex -50 -49.4 2.5
      vertex -43.6096 -49.4 28.9904
      vertex -43.7075 -49.4 29.0228
    endloop
  endfacet
  facet normal 0 -1 0
    outer loop
      vertex -50 -49.4 2.5
      vertex -43.7075 -49.4 29.0228
      vertex -43.8036 -49.4 29.0599
    endloop
  endfacet
  facet normal 0 -1 0
    outer loop
      vertex -50 -49.4 2.5
      vertex -43.8036 -49.4 29.0599
      vertex -43.8979 -49.4 29.1016
    endloop
  endfacet
  facet normal 0 -1 0
    outer loop
      vertex -50 -49.4 2.5
      vertex -43.8979 -49.4 29.1016
      vertex -43.9899 -49.4 29.148
    endloop
  endfacet
  facet normal 0 -1 0
    outer loop
      vertex -50 -49.4 2.5
      vertex -43.9899 -49.4 29.148
      vertex -44.0796 -49.4 29.1988
    endloop
  endfacet
  facet normal 0 -1 0
    outer loop
      vertex -50 -49.4 2.5
      vertex -44.0796 -49.4 29.1988
      vertex -44.1667 -49.4 29.2539
    endloop
  endfacet
  facet normal 0 -1 0
    outer loop
      vertex -50 -49.4 2.5
      vertex -44.1667 -49.4 29.2539
      vertex -44.251 -49.4 29.3133
    endloop
  endfacet
  facet normal 0 -1 0
    outer loop
      vertex -50 -49.4 2.5
      vertex -44.251 -49.4 29.3133
      vertex -44.3322 -49.4 29.3767
    endloop
  endfacet
  facet normal 0 -1 0
    outer loop
      vertex -50 -49.4 2.5
      vertex -44.3322 -49.4 29.3767
      vertex -44.4103 -49.4 29.444
    endloop
  endfacet
  facet normal 0 -1 0
    outer loop
      vertex -50 -49.4 2.5
      vertex -44.4103 -49.4 29.444
      vertex -44.4849 -49.4 29.5151
    endloop
  endfacet
  facet normal 0 -1 0
    outer loop
      vertex -50 -49.4 2.5
      vertex -44.4849 -49.4 29.5151
      vertex -44.556 -49.4 29.5897
    endloop
  endfacet
  facet normal 0 -1 0
    outer loop
      vertex -50 -49.4 2.5
      vertex -44.556 -49.4 29.5897
      vertex -44.6233 -49.4 29.6678
    endloop
  endfacet
  facet normal 0 -1 0
    outer loop
      vertex -50 -49.4 2.5
      vertex -44.6233 -49.4 29.6678
      vertex -44.6867 -49.4 29.749
    endloop
  endfacet
  facet normal 0 -1 0
    outer loop
      vertex -50 -49.4 2.5
      vertex -44.6867 -49.4 29.749
      vertex -44.7461 -49.4 29.8333
    endloop
  endfacet
  facet normal 0 -1 0
    outer loop
      vertex -43 -49.4 28.9
      vertex -32.603 -49.4 12.0975
      vertex -32.5 -49.4 12.1
    endloop
  endfacet
  facet normal 0 -1 0
    outer loop
      vertex -43 -49.4 28.9
      vertex -32.7058 -49.4 12.0899
      vertex -32.603 -49.4 12.0975
    endloop
  endfacet
  facet normal 0 -1 0
    outer loop
      vertex -43 -49.4 28.9
      vertex -32.8081 -49.4 12.0773
      vertex -32.7058 -49.4 12.0899
    endloop
  endfacet
  facet normal 0 -1 0
    outer loop
      vertex -43 -49.4 28.9
      vertex -32.9097 -49.4 12.0596
      vertex -32.8081 -49.4 12.0773
    endloop
  endfacet
  facet normal 0 -1 0
    outer loop
      vertex -43 -49.4 28.9
      vertex -33.0103 -49.4 12.0371
      vertex -32.9097 -49.4 12.0596
    endloop
  endfacet
  facet normal 0 -1 0
    outer loop
      vertex -43 -49.4 28.9
      vertex -33.1096 -49.4 12.0096
      vertex -33.0103 -49.4 12.0371
    endloop
  endfacet
  facet normal 0 -1 0
    outer loop
      vertex -43 -49.4 28.9
      vertex -33.2075 -49.4 11.9772
      vertex -33.1096 -49.4 12.0096
    endloop
  endfacet
  facet normal 0 -1 0
    outer loop
      vertex -43 -49.4 28.9
      vertex -33.3036 -49.4 11.9401
      vertex -33.2075 -49.4 11.9772
    endloop
  endfacet
  facet normal 0 -1 0
    outer loop
      vertex -43 -49.4 28.9
      vertex -33.3979 -49.4 11.8984
      vertex -33.3036 -49.4 11.9401
    endloop
  endfacet
  facet normal 0 -1 0
    outer loop
      vertex -50 -49.4 2.5
      vertex -44.7461 -49.4 29.8333
      vertex -44.8012 -49.4 29.9204
    endloop
  endfacet
  facet normal 0 -1 0
    outer loop
      vertex -43 -49.4 28.9
      vertex -33.4899 -49.4 11.852
      vertex -33.3979 -49.4 11.8984
    endloop
  endfacet
  facet normal 0 -1 0
    outer loop
      vertex -43 -49.4 28.9
      vertex -33.5796 -49.4 11.8012
      vertex -33.4899 -49.4 11.852
    endloop
  endfacet
  facet normal 0 -1 0
    outer loop
      vertex -43 -49.4 28.9
      vertex -33.6667 -49.4 11.7461
      vertex -33.5796 -49.4 11.8012
    endloop
  endfacet
  facet normal 0 -1 0
    outer loop
      vertex -43 -49.4 28.9
      vertex -33.751 -49.4 11.6867
      vertex -33.6667 -49.4 11.7461
    endloop
  endfacet
  facet normal 0 -1 0
    outer loop
      vertex -43 -49.4 28.9
      vertex -33.8322 -49.4 11.6233
      vertex -33.751 -49.4 11.6867
    endloop
  endfacet
  facet normal 0 -1 0
    outer loop
      vertex -43 -49.4 28.9
      vertex -33.9103 -49.4 11.556
      vertex -33.8322 -49.4 11.6233
    endloop
  endfacet
  facet normal 0 -1 0
    outer loop
      vertex -43 -49.4 28.9
      vertex -33.9849 -49.4 11.4849
      vertex -33.9103 -49.4 11.556
    endloop
  endfacet
  facet normal 0 -1 0
    outer loop
      vertex -43 -49.4 28.9
      vertex -34.056 -49.4 11.4103
      vertex -33.9849 -49.4 11.4849
    endloop
  endfacet
  facet normal 0 -1 0
    outer loop
      vertex -43 -49.4 28.9
      vertex -34.1233 -49.4 11.3322
      vertex -34.056 -49.4 11.4103
    endloop
  endfacet
  facet normal 0 -1 0
    outer loop
      vertex -43 -49.4 28.9
      vertex -34.1867 -49.4 11.251
      vertex -34.1233 -49.4 11.3322
    endloop
  endfacet
  facet normal 0 -1 0
    outer loop
      vertex -43.103 -49.4 28.9025
      vertex -34.2461 -49.4 11.1667
      vertex -34.1867 -49.4 11.251
    endloop
  endfacet
  facet normal 0 -1 0
    outer loop
      vertex -50 -49.4 2.5
      vertex -44.8012 -49.4 29.9204
      vertex -44.852 -49.4 30.0101
    endloop
  endfacet
  facet normal 0 -1 0
    outer loop
      vertex -43.2058 -49.4 28.9101
      vertex -34.3012 -49.4 11.0796
      vertex -34.2461 -49.4 11.1667
    endloop
  endfacet
  facet normal 0 -1 0
    outer loop
      vertex -43.3081 -49.4 28.9227
      vertex -34.352 -49.4 10.9899
      vertex -34.3012 -49.4 11.0796
    endloop
  endfacet
  facet normal 0 -1 0
    outer loop
      vertex -43.4097 -49.4 28.9404
      vertex -34.3984 -49.4 10.8979
      vertex -34.352 -49.4 10.9899
    endloop
  endfacet
  facet normal 0 -1 0
    outer loop
      vertex -43.5103 -49.4 28.9629
      vertex -34.4401 -49.4 10.8036
      vertex -34.3984 -49.4 10.8979
    endloop
  endfacet
  facet normal 0 -1 -0
    outer loop
      vertex -43.6096 -49.4 28.9904
      vertex -50 -49.4 2.5
      vertex -34.4401 -49.4 10.8036
    endloop
  endfacet
  facet normal 0 -1 0
    outer loop
      vertex -34.4401 -49.4 10.8036
      vertex -50 -49.4 2.5
      vertex -34.4772 -49.4 10.7075
    endloop
  endfacet
  facet normal 0 -1 0
    outer loop
      vertex -34.4772 -49.4 10.7075
      vertex -50 -49.4 2.5
      vertex -34.5096 -49.4 10.6096
    endloop
  endfacet
  facet normal 0 -1 0
    outer loop
      vertex -34.5096 -49.4 10.6096
      vertex -50 -49.4 2.5
      vertex -34.5371 -49.4 10.5103
    endloop
  endfacet
  facet normal 0 -1 0
    outer loop
      vertex -34.5371 -49.4 10.5103
      vertex -50 -49.4 2.5
      vertex -34.5596 -49.4 10.4097
    endloop
  endfacet
  facet normal 0 -1 0
    outer loop
      vertex -34.5596 -49.4 10.4097
      vertex -50 -49.4 2.5
      vertex -34.5773 -49.4 10.3081
    endloop
  endfacet
  facet normal 0 -1 0
    outer loop
      vertex -34.5773 -49.4 10.3081
      vertex -50 -49.4 2.5
      vertex -34.5899 -49.4 10.2058
    endloop
  endfacet
  facet normal 0 -1 0
    outer loop
      vertex -34.5899 -49.4 10.2058
      vertex -50 -49.4 2.5
      vertex -34.5975 -49.4 10.103
    endloop
  endfacet
  facet normal 0 -1 0
    outer loop
      vertex -34.5975 -49.4 10.103
      vertex -50 -49.4 2.5
      vertex -34.6 -49.4 10
    endloop
  endfacet
  facet normal 0 -1 -0
    outer loop
      vertex -34.6 -49.4 10
      vertex -50 -49.4 2.5
      vertex -34.5975 -49.4 9.89696
    endloop
  endfacet
  facet normal 0 -1 -0
    outer loop
      vertex -34.5975 -49.4 9.89696
      vertex -50 -49.4 2.5
      vertex -34.5899 -49.4 9.79416
    endloop
  endfacet
  facet normal 0 -1 -0
    outer loop
      vertex -34.5899 -49.4 9.79416
      vertex -50 -49.4 2.5
      vertex -34.5773 -49.4 9.69187
    endloop
  endfacet
  facet normal 0 -1 -0
    outer loop
      vertex -34.5773 -49.4 9.69187
      vertex -50 -49.4 2.5
      vertex -34.5596 -49.4 9.59031
    endloop
  endfacet
  facet normal 0 -1 0
    outer loop
      vertex -50 -49.4 2.5
      vertex -44.852 -49.4 30.0101
      vertex -44.8984 -49.4 30.1021
    endloop
  endfacet
  facet normal 0 -1 -0
    outer loop
      vertex -34.5596 -49.4 9.59031
      vertex -50 -49.4 2.5
      vertex -34.5371 -49.4 9.48974
    endloop
  endfacet
  facet normal 0 -1 -0
    outer loop
      vertex -34.5371 -49.4 9.48974
      vertex -50 -49.4 2.5
      vertex -34.5096 -49.4 9.3904
    endloop
  endfacet
  facet normal 0 -1 -0
    outer loop
      vertex -34.5096 -49.4 9.3904
      vertex -50 -49.4 2.5
      vertex -34.4772 -49.4 9.29253
    endloop
  endfacet
  facet normal 0 -1 -0
    outer loop
      vertex -34.4772 -49.4 9.29253
      vertex -50 -49.4 2.5
      vertex -34.4401 -49.4 9.19637
    endloop
  endfacet
  facet normal 0 -1 -0
    outer loop
      vertex -32.397 -49.4 7.90253
      vertex -50 -49.4 2.5
      vertex -10 -49.4 2.5
    endloop
  endfacet
  facet normal 0 -1 -0
    outer loop
      vertex -32.603 -49.4 7.90253
      vertex -50 -49.4 2.5
      vertex -32.5 -49.4 7.9
    endloop
  endfacet
  facet normal 0 -1 -0
    outer loop
      vertex -32.7058 -49.4 7.91011
      vertex -50 -49.4 2.5
      vertex -32.603 -49.4 7.90253
    endloop
  endfacet
  facet normal 0 -1 -0
    outer loop
      vertex -32.8081 -49.4 7.92273
      vertex -50 -49.4 2.5
      vertex -32.7058 -49.4 7.91011
    endloop
  endfacet
  facet normal 0 -1 -0
    outer loop
      vertex -32.9097 -49.4 7.94035
      vertex -50 -49.4 2.5
      vertex -32.8081 -49.4 7.92273
    endloop
  endfacet
  facet normal 0 -1 -0
    outer loop
      vertex -33.0103 -49.4 7.96293
      vertex -50 -49.4 2.5
      vertex -32.9097 -49.4 7.94035
    endloop
  endfacet
  facet normal 0 -1 -0
    outer loop
      vertex -33.1096 -49.4 7.99043
      vertex -50 -49.4 2.5
      vertex -33.0103 -49.4 7.96293
    endloop
  endfacet
  facet normal 0 -1 -0
    outer loop
      vertex -33.2075 -49.4 8.02276
      vertex -50 -49.4 2.5
      vertex -33.1096 -49.4 7.99043
    endloop
  endfacet
  facet normal 0 -1 -0
    outer loop
      vertex -33.3036 -49.4 8.05985
      vertex -50 -49.4 2.5
      vertex -33.2075 -49.4 8.02276
    endloop
  endfacet
  facet normal 0 -1 -0
    outer loop
      vertex -33.3979 -49.4 8.10162
      vertex -50 -49.4 2.5
      vertex -33.3036 -49.4 8.05985
    endloop
  endfacet
  facet normal 0 -1 -0
    outer loop
      vertex -33.4899 -49.4 8.14797
      vertex -50 -49.4 2.5
      vertex -33.3979 -49.4 8.10162
    endloop
  endfacet
  facet normal 0 -1 -0
    outer loop
      vertex -33.5796 -49.4 8.19877
      vertex -50 -49.4 2.5
      vertex -33.4899 -49.4 8.14797
    endloop
  endfacet
  facet normal 0 -1 -0
    outer loop
      vertex -33.6667 -49.4 8.25391
      vertex -50 -49.4 2.5
      vertex -33.5796 -49.4 8.19877
    endloop
  endfacet
  facet normal 0 -1 -0
    outer loop
      vertex -33.751 -49.4 8.31326
      vertex -50 -49.4 2.5
      vertex -33.6667 -49.4 8.25391
    endloop
  endfacet
  facet normal 0 -1 -0
    outer loop
      vertex -33.8322 -49.4 8.37668
      vertex -50 -49.4 2.5
      vertex -33.751 -49.4 8.31326
    endloop
  endfacet
  facet normal 0 -1 -0
    outer loop
      vertex -33.9103 -49.4 8.444
      vertex -50 -49.4 2.5
      vertex -33.8322 -49.4 8.37668
    endloop
  endfacet
  facet normal 0 -1 -0
    outer loop
      vertex -33.9849 -49.4 8.51508
      vertex -50 -49.4 2.5
      vertex -33.9103 -49.4 8.444
    endloop
  endfacet
  facet normal 0 -1 -0
    outer loop
      vertex -34.056 -49.4 8.58973
      vertex -50 -49.4 2.5
      vertex -33.9849 -49.4 8.51508
    endloop
  endfacet
  facet normal 0 -1 -0
    outer loop
      vertex -34.1233 -49.4 8.66777
      vertex -50 -49.4 2.5
      vertex -34.056 -49.4 8.58973
    endloop
  endfacet
  facet normal 0 -1 -0
    outer loop
      vertex -34.1867 -49.4 8.74903
      vertex -50 -49.4 2.5
      vertex -34.1233 -49.4 8.66777
    endloop
  endfacet
  facet normal 0 -1 -0
    outer loop
      vertex -34.2461 -49.4 8.8333
      vertex -50 -49.4 2.5
      vertex -34.1867 -49.4 8.74903
    endloop
  endfacet
  facet normal 0 -1 -0
    outer loop
      vertex -34.3012 -49.4 8.92038
      vertex -50 -49.4 2.5
      vertex -34.2461 -49.4 8.8333
    endloop
  endfacet
  facet normal 0 -1 -0
    outer loop
      vertex -34.352 -49.4 9.01007
      vertex -50 -49.4 2.5
      vertex -34.3012 -49.4 8.92038
    endloop
  endfacet
  facet normal 0 -1 -0
    outer loop
      vertex -34.3984 -49.4 9.10213
      vertex -50 -49.4 2.5
      vertex -34.352 -49.4 9.01007
    endloop
  endfacet
  facet normal 0 -1 -0
    outer loop
      vertex -34.4401 -49.4 9.19637
      vertex -50 -49.4 2.5
      vertex -34.3984 -49.4 9.10213
    endloop
  endfacet
  facet normal 0 -1 -0
    outer loop
      vertex -44.9401 -49.4 30.1964
      vertex -50 -49.4 2.5
      vertex -44.8984 -49.4 30.1021
    endloop
  endfacet
  facet normal 0 -1 -0
    outer loop
      vertex -44.9772 -49.4 30.2925
      vertex -50 -49.4 2.5
      vertex -44.9401 -49.4 30.1964
    endloop
  endfacet
  facet normal 0 -1 -0
    outer loop
      vertex -45.0096 -49.4 30.3904
      vertex -50 -49.4 2.5
      vertex -44.9772 -49.4 30.2925
    endloop
  endfacet
  facet normal 0 -1 -0
    outer loop
      vertex -45.0371 -49.4 30.4897
      vertex -50 -49.4 2.5
      vertex -45.0096 -49.4 30.3904
    endloop
  endfacet
  facet normal 0 -1 -0
    outer loop
      vertex -45.0596 -49.4 30.5903
      vertex -50 -49.4 2.5
      vertex -45.0371 -49.4 30.4897
    endloop
  endfacet
  facet normal 0 -1 -0
    outer loop
      vertex -45.0773 -49.4 30.6919
      vertex -50 -49.4 2.5
      vertex -45.0596 -49.4 30.5903
    endloop
  endfacet
  facet normal 0 -1 -0
    outer loop
      vertex -45.0899 -49.4 30.7942
      vertex -50 -49.4 2.5
      vertex -45.0773 -49.4 30.6919
    endloop
  endfacet
  facet normal 0 -1 0
    outer loop
      vertex -42.7942 -49.4 57.0899
      vertex -50 -49.4 62
      vertex -42.897 -49.4 57.0975
    endloop
  endfacet
  facet normal 0 -1 0
    outer loop
      vertex -42.6919 -49.4 57.0773
      vertex -50 -49.4 62
      vertex -42.7942 -49.4 57.0899
    endloop
  endfacet
  facet normal 0 -1 0
    outer loop
      vertex -42.5903 -49.4 57.0596
      vertex -50 -49.4 62
      vertex -42.6919 -49.4 57.0773
    endloop
  endfacet
  facet normal 0 -1 0
    outer loop
      vertex -42.4897 -49.4 57.0371
      vertex -50 -49.4 62
      vertex -42.5903 -49.4 57.0596
    endloop
  endfacet
  facet normal 0 -1 0
    outer loop
      vertex -42.3904 -49.4 57.0096
      vertex -50 -49.4 62
      vertex -42.4897 -49.4 57.0371
    endloop
  endfacet
  facet normal 0 -1 0
    outer loop
      vertex -42.2925 -49.4 56.9772
      vertex -50 -49.4 62
      vertex -42.3904 -49.4 57.0096
    endloop
  endfacet
  facet normal 0 -1 0
    outer loop
      vertex -42.1964 -49.4 56.9401
      vertex -50 -49.4 62
      vertex -42.2925 -49.4 56.9772
    endloop
  endfacet
  facet normal 0 -1 0
    outer loop
      vertex -50 -49.4 62
      vertex -42.1964 -49.4 56.9401
      vertex -10 -49.4 62
    endloop
  endfacet
  facet normal 0 -1 0
    outer loop
      vertex -42.1021 -49.4 56.8984
      vertex -10 -49.4 62
      vertex -42.1964 -49.4 56.9401
    endloop
  endfacet
  facet normal 0 -1 0
    outer loop
      vertex -42.0101 -49.4 56.852
      vertex -10 -49.4 62
      vertex -42.1021 -49.4 56.8984
    endloop
  endfacet
  facet normal 0 -1 0
    outer loop
      vertex -41.9204 -49.4 56.8012
      vertex -10 -49.4 62
      vertex -42.0101 -49.4 56.852
    endloop
  endfacet
  facet normal 0 -1 0
    outer loop
      vertex -41.8333 -49.4 56.7461
      vertex -10 -49.4 62
      vertex -41.9204 -49.4 56.8012
    endloop
  endfacet
  facet normal 0 -1 0
    outer loop
      vertex -41.749 -49.4 56.6867
      vertex -10 -49.4 62
      vertex -41.8333 -49.4 56.7461
    endloop
  endfacet
  facet normal 0 -1 0
    outer loop
      vertex -41.6678 -49.4 56.6233
      vertex -10 -49.4 62
      vertex -41.749 -49.4 56.6867
    endloop
  endfacet
  facet normal 0 -1 0
    outer loop
      vertex -41.5897 -49.4 56.556
      vertex -10 -49.4 62
      vertex -41.6678 -49.4 56.6233
    endloop
  endfacet
  facet normal 0 -1 0
    outer loop
      vertex -41.5151 -49.4 56.4849
      vertex -10 -49.4 62
      vertex -41.5897 -49.4 56.556
    endloop
  endfacet
  facet normal 0 -1 0
    outer loop
      vertex -41.444 -49.4 56.4103
      vertex -10 -49.4 62
      vertex -41.5151 -49.4 56.4849
    endloop
  endfacet
  facet normal 0 -1 0
    outer loop
      vertex -41.3767 -49.4 56.3322
      vertex -10 -49.4 62
      vertex -41.444 -49.4 56.4103
    endloop
  endfacet
  facet normal 0 -1 0
    outer loop
      vertex -41.3133 -49.4 56.251
      vertex -10 -49.4 62
      vertex -41.3767 -49.4 56.3322
    endloop
  endfacet
  facet normal 0 -1 0
    outer loop
      vertex -41.2539 -49.4 56.1667
      vertex -10 -49.4 62
      vertex -41.3133 -49.4 56.251
    endloop
  endfacet
  facet normal 0 -1 0
    outer loop
      vertex -41.1988 -49.4 56.0796
      vertex -10 -49.4 62
      vertex -41.2539 -49.4 56.1667
    endloop
  endfacet
  facet normal 0 -1 0
    outer loop
      vertex -41.148 -49.4 55.9899
      vertex -10 -49.4 62
      vertex -41.1988 -49.4 56.0796
    endloop
  endfacet
  facet normal 0 -1 0
    outer loop
      vertex -41.1016 -49.4 55.8979
      vertex -10 -49.4 62
      vertex -41.148 -49.4 55.9899
    endloop
  endfacet
  facet normal 0 -1 0
    outer loop
      vertex -41.0599 -49.4 55.8036
      vertex -10 -49.4 62
      vertex -41.1016 -49.4 55.8979
    endloop
  endfacet
  facet normal 0 -1 0
    outer loop
      vertex -41.0228 -49.4 55.7075
      vertex -10 -49.4 62
      vertex -41.0599 -49.4 55.8036
    endloop
  endfacet
  facet normal 0 -1 0
    outer loop
      vertex -40.9904 -49.4 55.6096
      vertex -10 -49.4 62
      vertex -41.0228 -49.4 55.7075
    endloop
  endfacet
  facet normal 0 -1 0
    outer loop
      vertex -40.9629 -49.4 55.5103
      vertex -10 -49.4 62
      vertex -40.9904 -49.4 55.6096
    endloop
  endfacet
  facet normal 0 -1 0
    outer loop
      vertex -40.9403 -49.4 55.4097
      vertex -10 -49.4 62
      vertex -40.9629 -49.4 55.5103
    endloop
  endfacet
  facet normal 0 -1 0
    outer loop
      vertex -40.9227 -49.4 55.3081
      vertex -10 -49.4 62
      vertex -40.9403 -49.4 55.4097
    endloop
  endfacet
  facet normal 0 -1 0
    outer loop
      vertex -40.9101 -49.4 55.2058
      vertex -10 -49.4 62
      vertex -40.9227 -49.4 55.3081
    endloop
  endfacet
  facet normal 0 -1 0
    outer loop
      vertex -40.9025 -49.4 55.103
      vertex -10 -49.4 62
      vertex -40.9101 -49.4 55.2058
    endloop
  endfacet
  facet normal 0 -1 0
    outer loop
      vertex -40.9 -49.4 55
      vertex -10 -49.4 62
      vertex -40.9025 -49.4 55.103
    endloop
  endfacet
  facet normal 0 -1 0
    outer loop
      vertex -40.9025 -49.4 54.897
      vertex -10 -49.4 62
      vertex -40.9 -49.4 55
    endloop
  endfacet
  facet normal 0 -1 0
    outer loop
      vertex -40.9101 -49.4 54.7942
      vertex -10 -49.4 62
      vertex -40.9025 -49.4 54.897
    endloop
  endfacet
  facet normal 0 -1 0
    outer loop
      vertex -40.9227 -49.4 54.6919
      vertex -10 -49.4 62
      vertex -40.9101 -49.4 54.7942
    endloop
  endfacet
  facet normal 0 -1 0
    outer loop
      vertex -40.9403 -49.4 54.5903
      vertex -10 -49.4 62
      vertex -40.9227 -49.4 54.6919
    endloop
  endfacet
  facet normal 0 -1 0
    outer loop
      vertex -40.9629 -49.4 54.4897
      vertex -10 -49.4 62
      vertex -40.9403 -49.4 54.5903
    endloop
  endfacet
  facet normal 0 -1 0
    outer loop
      vertex -40.9904 -49.4 54.3904
      vertex -10 -49.4 62
      vertex -40.9629 -49.4 54.4897
    endloop
  endfacet
  facet normal 0 -1 0
    outer loop
      vertex -41.0228 -49.4 54.2925
      vertex -10 -49.4 62
      vertex -40.9904 -49.4 54.3904
    endloop
  endfacet
  facet normal 0 -1 0
    outer loop
      vertex -41.0599 -49.4 54.1964
      vertex -10 -49.4 62
      vertex -41.0228 -49.4 54.2925
    endloop
  endfacet
  facet normal 0 -1 0
    outer loop
      vertex -41.1016 -49.4 54.1021
      vertex -10 -49.4 62
      vertex -41.0599 -49.4 54.1964
    endloop
  endfacet
  facet normal 0 -1 0
    outer loop
      vertex -41.148 -49.4 54.0101
      vertex -10 -49.4 62
      vertex -41.1016 -49.4 54.1021
    endloop
  endfacet
  facet normal 0 -1 0
    outer loop
      vertex -41.1988 -49.4 53.9204
      vertex -10 -49.4 62
      vertex -41.148 -49.4 54.0101
    endloop
  endfacet
  facet normal 0 -1 0
    outer loop
      vertex -41.1988 -49.4 32.0796
      vertex -41.1988 -49.4 53.9204
      vertex -41.2539 -49.4 53.8333
    endloop
  endfacet
  facet normal 0 -1 0
    outer loop
      vertex -41.2539 -49.4 32.1667
      vertex -41.2539 -49.4 53.8333
      vertex -41.3133 -49.4 53.749
    endloop
  endfacet
  facet normal 0 -1 0
    outer loop
      vertex -41.3133 -49.4 32.251
      vertex -41.3133 -49.4 53.749
      vertex -41.3767 -49.4 53.6678
    endloop
  endfacet
  facet normal 0 -1 0
    outer loop
      vertex -41.3767 -49.4 32.3322
      vertex -41.3767 -49.4 53.6678
      vertex -41.444 -49.4 53.5897
    endloop
  endfacet
  facet normal 0 -1 0
    outer loop
      vertex -41.444 -49.4 32.4103
      vertex -41.444 -49.4 53.5897
      vertex -41.5151 -49.4 53.5151
    endloop
  endfacet
  facet normal 0 -1 0
    outer loop
      vertex -41.5151 -49.4 32.4849
      vertex -41.5151 -49.4 53.5151
      vertex -41.5897 -49.4 53.444
    endloop
  endfacet
  facet normal 0 -1 0
    outer loop
      vertex -41.5897 -49.4 32.556
      vertex -41.5897 -49.4 53.444
      vertex -41.6678 -49.4 53.3767
    endloop
  endfacet
  facet normal 0 -1 0
    outer loop
      vertex -41.6678 -49.4 32.6233
      vertex -41.6678 -49.4 53.3767
      vertex -41.749 -49.4 53.3133
    endloop
  endfacet
  facet normal 0 -1 0
    outer loop
      vertex -41.749 -49.4 32.6867
      vertex -41.749 -49.4 53.3133
      vertex -41.8333 -49.4 53.2539
    endloop
  endfacet
  facet normal 0 -1 0
    outer loop
      vertex -41.8333 -49.4 32.7461
      vertex -41.8333 -49.4 53.2539
      vertex -41.9204 -49.4 53.1988
    endloop
  endfacet
  facet normal 0 -1 0
    outer loop
      vertex -41.9204 -49.4 32.8012
      vertex -41.9204 -49.4 53.1988
      vertex -42.0101 -49.4 53.148
    endloop
  endfacet
  facet normal 0 -1 0
    outer loop
      vertex -42.0101 -49.4 32.852
      vertex -42.0101 -49.4 53.148
      vertex -42.1021 -49.4 53.1016
    endloop
  endfacet
  facet normal 0 -1 0
    outer loop
      vertex -42.1021 -49.4 32.8984
      vertex -42.1021 -49.4 53.1016
      vertex -42.1964 -49.4 53.0599
    endloop
  endfacet
  facet normal 0 -1 0
    outer loop
      vertex -42.1964 -49.4 32.9401
      vertex -42.1964 -49.4 53.0599
      vertex -42.2925 -49.4 53.0228
    endloop
  endfacet
  facet normal 0 -1 0
    outer loop
      vertex -42.2925 -49.4 32.9772
      vertex -42.2925 -49.4 53.0228
      vertex -42.3904 -49.4 52.9904
    endloop
  endfacet
  facet normal 0 -1 0
    outer loop
      vertex -43 -49.4 33.1
      vertex -42.897 -49.4 52.9025
      vertex -43 -49.4 52.9
    endloop
  endfacet
  facet normal 0 -1 0
    outer loop
      vertex -42.897 -49.4 33.0975
      vertex -42.897 -49.4 52.9025
      vertex -43 -49.4 33.1
    endloop
  endfacet
  facet normal 0 -1 0
    outer loop
      vertex -42.897 -49.4 52.9025
      vertex -42.897 -49.4 33.0975
      vertex -42.7942 -49.4 52.9101
    endloop
  endfacet
  facet normal 0 -1 0
    outer loop
      vertex -42.7942 -49.4 33.0899
      vertex -42.7942 -49.4 52.9101
      vertex -42.897 -49.4 33.0975
    endloop
  endfacet
  facet normal 0 -1 0
    outer loop
      vertex -42.7942 -49.4 52.9101
      vertex -42.7942 -49.4 33.0899
      vertex -42.6919 -49.4 52.9227
    endloop
  endfacet
  facet normal 0 -1 0
    outer loop
      vertex -42.6919 -49.4 33.0773
      vertex -42.6919 -49.4 52.9227
      vertex -42.7942 -49.4 33.0899
    endloop
  endfacet
  facet normal 0 -1 0
    outer loop
      vertex -42.6919 -49.4 52.9227
      vertex -42.6919 -49.4 33.0773
      vertex -42.5903 -49.4 52.9403
    endloop
  endfacet
  facet normal 0 -1 0
    outer loop
      vertex -42.5903 -49.4 33.0597
      vertex -42.5903 -49.4 52.9403
      vertex -42.6919 -49.4 33.0773
    endloop
  endfacet
  facet normal 0 -1 0
    outer loop
      vertex -42.5903 -49.4 52.9403
      vertex -42.5903 -49.4 33.0597
      vertex -42.4897 -49.4 52.9629
    endloop
  endfacet
  facet normal 0 -1 0
    outer loop
      vertex -42.4897 -49.4 33.0371
      vertex -42.4897 -49.4 52.9629
      vertex -42.5903 -49.4 33.0597
    endloop
  endfacet
  facet normal 0 -1 0
    outer loop
      vertex -42.4897 -49.4 52.9629
      vertex -42.4897 -49.4 33.0371
      vertex -42.3904 -49.4 52.9904
    endloop
  endfacet
  facet normal 0 -1 0
    outer loop
      vertex -42.3904 -49.4 33.0096
      vertex -42.3904 -49.4 52.9904
      vertex -42.4897 -49.4 33.0371
    endloop
  endfacet
  facet normal 0 -1 0
    outer loop
      vertex -42.2925 -49.4 32.9772
      vertex -42.3904 -49.4 52.9904
      vertex -42.3904 -49.4 33.0096
    endloop
  endfacet
  facet normal 0 -1 0
    outer loop
      vertex -42.2925 -49.4 53.0228
      vertex -42.2925 -49.4 32.9772
      vertex -42.1964 -49.4 32.9401
    endloop
  endfacet
  facet normal 0 -1 0
    outer loop
      vertex -42.1964 -49.4 53.0599
      vertex -42.1964 -49.4 32.9401
      vertex -42.1021 -49.4 32.8984
    endloop
  endfacet
  facet normal 0 -1 0
    outer loop
      vertex -42.1021 -49.4 53.1016
      vertex -42.1021 -49.4 32.8984
      vertex -42.0101 -49.4 32.852
    endloop
  endfacet
  facet normal 0 -1 0
    outer loop
      vertex -42.0101 -49.4 53.148
      vertex -42.0101 -49.4 32.852
      vertex -41.9204 -49.4 32.8012
    endloop
  endfacet
  facet normal 0 -1 0
    outer loop
      vertex -41.9204 -49.4 53.1988
      vertex -41.9204 -49.4 32.8012
      vertex -41.8333 -49.4 32.7461
    endloop
  endfacet
  facet normal 0 -1 0
    outer loop
      vertex -41.8333 -49.4 53.2539
      vertex -41.8333 -49.4 32.7461
      vertex -41.749 -49.4 32.6867
    endloop
  endfacet
  facet normal 0 -1 0
    outer loop
      vertex -41.749 -49.4 53.3133
      vertex -41.749 -49.4 32.6867
      vertex -41.6678 -49.4 32.6233
    endloop
  endfacet
  facet normal 0 -1 0
    outer loop
      vertex -41.6678 -49.4 53.3767
      vertex -41.6678 -49.4 32.6233
      vertex -41.5897 -49.4 32.556
    endloop
  endfacet
  facet normal 0 -1 0
    outer loop
      vertex -41.5897 -49.4 53.444
      vertex -41.5897 -49.4 32.556
      vertex -41.5151 -49.4 32.4849
    endloop
  endfacet
  facet normal 0 -1 0
    outer loop
      vertex -41.5151 -49.4 53.5151
      vertex -41.5151 -49.4 32.4849
      vertex -41.444 -49.4 32.4103
    endloop
  endfacet
  facet normal 0 -1 0
    outer loop
      vertex -41.444 -49.4 53.5897
      vertex -41.444 -49.4 32.4103
      vertex -41.3767 -49.4 32.3322
    endloop
  endfacet
  facet normal 0 -1 0
    outer loop
      vertex -41.3767 -49.4 53.6678
      vertex -41.3767 -49.4 32.3322
      vertex -41.3133 -49.4 32.251
    endloop
  endfacet
  facet normal 0 -1 0
    outer loop
      vertex -41.3133 -49.4 53.749
      vertex -41.3133 -49.4 32.251
      vertex -41.2539 -49.4 32.1667
    endloop
  endfacet
  facet normal 0 -1 0
    outer loop
      vertex -41.2539 -49.4 53.8333
      vertex -41.2539 -49.4 32.1667
      vertex -41.1988 -49.4 32.0796
    endloop
  endfacet
  facet normal 0 -1 0
    outer loop
      vertex -41.1988 -49.4 53.9204
      vertex -41.1988 -49.4 32.0796
      vertex -10 -49.4 62
    endloop
  endfacet
  facet normal 0 -1 0
    outer loop
      vertex -41.148 -49.4 31.9899
      vertex -10 -49.4 62
      vertex -41.1988 -49.4 32.0796
    endloop
  endfacet
  facet normal 0 -1 0
    outer loop
      vertex -41.1016 -49.4 31.8979
      vertex -10 -49.4 62
      vertex -41.148 -49.4 31.9899
    endloop
  endfacet
  facet normal 0 -1 0
    outer loop
      vertex -41.0599 -49.4 31.8036
      vertex -10 -49.4 62
      vertex -41.1016 -49.4 31.8979
    endloop
  endfacet
  facet normal 0 -1 0
    outer loop
      vertex -41.0228 -49.4 31.7075
      vertex -10 -49.4 62
      vertex -41.0599 -49.4 31.8036
    endloop
  endfacet
  facet normal 0 -1 0
    outer loop
      vertex -40.9904 -49.4 31.6096
      vertex -10 -49.4 62
      vertex -41.0228 -49.4 31.7075
    endloop
  endfacet
  facet normal 0 -1 0
    outer loop
      vertex -40.9629 -49.4 31.5103
      vertex -10 -49.4 62
      vertex -40.9904 -49.4 31.6096
    endloop
  endfacet
  facet normal 0 -1 0
    outer loop
      vertex -16.5 -49.4 12.1
      vertex -40.9629 -49.4 31.5103
      vertex -40.9403 -49.4 31.4097
    endloop
  endfacet
  facet normal 0 -1 0
    outer loop
      vertex -16.5 -49.4 12.1
      vertex -40.9403 -49.4 31.4097
      vertex -40.9227 -49.4 31.3081
    endloop
  endfacet
  facet normal 0 -1 0
    outer loop
      vertex -16.5 -49.4 12.1
      vertex -40.9227 -49.4 31.3081
      vertex -40.9101 -49.4 31.2058
    endloop
  endfacet
  facet normal 0 -1 0
    outer loop
      vertex -16.5 -49.4 12.1
      vertex -40.9101 -49.4 31.2058
      vertex -40.9025 -49.4 31.103
    endloop
  endfacet
  facet normal 0 -1 0
    outer loop
      vertex -16.5 -49.4 12.1
      vertex -40.9025 -49.4 31.103
      vertex -40.9 -49.4 31
    endloop
  endfacet
  facet normal 0 -1 0
    outer loop
      vertex -16.5 -49.4 12.1
      vertex -40.9 -49.4 31
      vertex -40.9025 -49.4 30.897
    endloop
  endfacet
  facet normal 0 -1 0
    outer loop
      vertex -16.5 -49.4 12.1
      vertex -40.9025 -49.4 30.897
      vertex -40.9101 -49.4 30.7942
    endloop
  endfacet
  facet normal 0 -1 0
    outer loop
      vertex -16.5 -49.4 12.1
      vertex -40.9101 -49.4 30.7942
      vertex -40.9227 -49.4 30.6919
    endloop
  endfacet
  facet normal 0 -1 0
    outer loop
      vertex -16.5 -49.4 12.1
      vertex -40.9227 -49.4 30.6919
      vertex -40.9403 -49.4 30.5903
    endloop
  endfacet
  facet normal 0 -1 0
    outer loop
      vertex -16.5 -49.4 12.1
      vertex -40.9403 -49.4 30.5903
      vertex -40.9629 -49.4 30.4897
    endloop
  endfacet
  facet normal 0 -1 0
    outer loop
      vertex -32.0903 -49.4 12.0596
      vertex -41.1016 -49.4 30.1021
      vertex -32.1919 -49.4 12.0773
    endloop
  endfacet
  facet normal 0 -1 0
    outer loop
      vertex -41.148 -49.4 30.0101
      vertex -32.1919 -49.4 12.0773
      vertex -41.1016 -49.4 30.1021
    endloop
  endfacet
  facet normal 0 -1 0
    outer loop
      vertex -32.1919 -49.4 12.0773
      vertex -41.148 -49.4 30.0101
      vertex -32.2942 -49.4 12.0899
    endloop
  endfacet
  facet normal 0 -1 0
    outer loop
      vertex -41.1988 -49.4 29.9204
      vertex -32.2942 -49.4 12.0899
      vertex -41.148 -49.4 30.0101
    endloop
  endfacet
  facet normal 0 -1 0
    outer loop
      vertex -32.2942 -49.4 12.0899
      vertex -41.1988 -49.4 29.9204
      vertex -32.397 -49.4 12.0975
    endloop
  endfacet
  facet normal 0 -1 0
    outer loop
      vertex -41.2539 -49.4 29.8333
      vertex -32.397 -49.4 12.0975
      vertex -41.1988 -49.4 29.9204
    endloop
  endfacet
  facet normal 0 -1 0
    outer loop
      vertex -32.397 -49.4 12.0975
      vertex -41.2539 -49.4 29.8333
      vertex -32.5 -49.4 12.1
    endloop
  endfacet
  facet normal 0 -1 0
    outer loop
      vertex -32.5 -49.4 12.1
      vertex -41.2539 -49.4 29.8333
      vertex -41.3133 -49.4 29.749
    endloop
  endfacet
  facet normal 0 -1 0
    outer loop
      vertex -32.5 -49.4 12.1
      vertex -41.3133 -49.4 29.749
      vertex -41.3767 -49.4 29.6678
    endloop
  endfacet
  facet normal 0 -1 0
    outer loop
      vertex -32.5 -49.4 12.1
      vertex -41.3767 -49.4 29.6678
      vertex -41.444 -49.4 29.5897
    endloop
  endfacet
  facet normal 0 -1 0
    outer loop
      vertex -32.5 -49.4 12.1
      vertex -41.444 -49.4 29.5897
      vertex -41.5151 -49.4 29.5151
    endloop
  endfacet
  facet normal 0 -1 0
    outer loop
      vertex -32.5 -49.4 12.1
      vertex -42.897 -49.4 28.9025
      vertex -43 -49.4 28.9
    endloop
  endfacet
  facet normal 0 -1 0
    outer loop
      vertex -32.5 -49.4 12.1
      vertex -42.7942 -49.4 28.9101
      vertex -42.897 -49.4 28.9025
    endloop
  endfacet
  facet normal 0 -1 0
    outer loop
      vertex -32.5 -49.4 12.1
      vertex -42.6919 -49.4 28.9227
      vertex -42.7942 -49.4 28.9101
    endloop
  endfacet
  facet normal 0 -1 0
    outer loop
      vertex -32.5 -49.4 12.1
      vertex -42.5903 -49.4 28.9404
      vertex -42.6919 -49.4 28.9227
    endloop
  endfacet
  facet normal 0 -1 0
    outer loop
      vertex -32.5 -49.4 12.1
      vertex -42.4897 -49.4 28.9629
      vertex -42.5903 -49.4 28.9404
    endloop
  endfacet
  facet normal 0 -1 0
    outer loop
      vertex -32.5 -49.4 12.1
      vertex -42.3904 -49.4 28.9904
      vertex -42.4897 -49.4 28.9629
    endloop
  endfacet
  facet normal 0 -1 0
    outer loop
      vertex -32.5 -49.4 12.1
      vertex -42.2925 -49.4 29.0228
      vertex -42.3904 -49.4 28.9904
    endloop
  endfacet
  facet normal 0 -1 0
    outer loop
      vertex -32.5 -49.4 12.1
      vertex -42.1964 -49.4 29.0599
      vertex -42.2925 -49.4 29.0228
    endloop
  endfacet
  facet normal 0 -1 0
    outer loop
      vertex -32.5 -49.4 12.1
      vertex -42.1021 -49.4 29.1016
      vertex -42.1964 -49.4 29.0599
    endloop
  endfacet
  facet normal 0 -1 0
    outer loop
      vertex -32.5 -49.4 12.1
      vertex -42.0101 -49.4 29.148
      vertex -42.1021 -49.4 29.1016
    endloop
  endfacet
  facet normal 0 -1 0
    outer loop
      vertex -32.5 -49.4 12.1
      vertex -41.9204 -49.4 29.1988
      vertex -42.0101 -49.4 29.148
    endloop
  endfacet
  facet normal 0 -1 0
    outer loop
      vertex -32.5 -49.4 12.1
      vertex -41.8333 -49.4 29.2539
      vertex -41.9204 -49.4 29.1988
    endloop
  endfacet
  facet normal 0 -1 0
    outer loop
      vertex -32.5 -49.4 12.1
      vertex -41.749 -49.4 29.3133
      vertex -41.8333 -49.4 29.2539
    endloop
  endfacet
  facet normal 0 -1 0
    outer loop
      vertex -32.5 -49.4 12.1
      vertex -41.6678 -49.4 29.3767
      vertex -41.749 -49.4 29.3133
    endloop
  endfacet
  facet normal 0 -1 0
    outer loop
      vertex -32.5 -49.4 12.1
      vertex -41.5897 -49.4 29.444
      vertex -41.6678 -49.4 29.3767
    endloop
  endfacet
  facet normal 0 -1 0
    outer loop
      vertex -32.5 -49.4 12.1
      vertex -41.5151 -49.4 29.5151
      vertex -41.5897 -49.4 29.444
    endloop
  endfacet
  facet normal 0 -1 0
    outer loop
      vertex -41.1016 -49.4 30.1021
      vertex -32.0903 -49.4 12.0596
      vertex -41.0599 -49.4 30.1964
    endloop
  endfacet
  facet normal 0 -1 0
    outer loop
      vertex -40.9629 -49.4 31.5103
      vertex -16.5 -49.4 12.1
      vertex -10 -49.4 62
    endloop
  endfacet
  facet normal 0 -1 0
    outer loop
      vertex -16.397 -49.4 12.0975
      vertex -10 -49.4 62
      vertex -16.5 -49.4 12.1
    endloop
  endfacet
  facet normal 0 -1 0
    outer loop
      vertex -16.2942 -49.4 12.0899
      vertex -10 -49.4 62
      vertex -16.397 -49.4 12.0975
    endloop
  endfacet
  facet normal 0 -1 0
    outer loop
      vertex -16.1919 -49.4 12.0773
      vertex -10 -49.4 62
      vertex -16.2942 -49.4 12.0899
    endloop
  endfacet
  facet normal 0 -1 0
    outer loop
      vertex -16.0903 -49.4 12.0596
      vertex -10 -49.4 62
      vertex -16.1919 -49.4 12.0773
    endloop
  endfacet
  facet normal 0 -1 0
    outer loop
      vertex -15.9897 -49.4 12.0371
      vertex -10 -49.4 62
      vertex -16.0903 -49.4 12.0596
    endloop
  endfacet
  facet normal 0 -1 0
    outer loop
      vertex -15.8904 -49.4 12.0096
      vertex -10 -49.4 62
      vertex -15.9897 -49.4 12.0371
    endloop
  endfacet
  facet normal 0 -1 0
    outer loop
      vertex -15.7925 -49.4 11.9772
      vertex -10 -49.4 62
      vertex -15.8904 -49.4 12.0096
    endloop
  endfacet
  facet normal 0 -1 0
    outer loop
      vertex -15.6964 -49.4 11.9401
      vertex -10 -49.4 62
      vertex -15.7925 -49.4 11.9772
    endloop
  endfacet
  facet normal 0 -1 0
    outer loop
      vertex -15.6021 -49.4 11.8984
      vertex -10 -49.4 62
      vertex -15.6964 -49.4 11.9401
    endloop
  endfacet
  facet normal 0 -1 0
    outer loop
      vertex -15.5101 -49.4 11.852
      vertex -10 -49.4 62
      vertex -15.6021 -49.4 11.8984
    endloop
  endfacet
  facet normal 0 -1 0
    outer loop
      vertex -15.4204 -49.4 11.8012
      vertex -10 -49.4 62
      vertex -15.5101 -49.4 11.852
    endloop
  endfacet
  facet normal 0 -1 0
    outer loop
      vertex -15.3333 -49.4 11.7461
      vertex -10 -49.4 62
      vertex -15.4204 -49.4 11.8012
    endloop
  endfacet
  facet normal 0 -1 0
    outer loop
      vertex -15.249 -49.4 11.6867
      vertex -10 -49.4 62
      vertex -15.3333 -49.4 11.7461
    endloop
  endfacet
  facet normal 0 -1 0
    outer loop
      vertex -15.1678 -49.4 11.6233
      vertex -10 -49.4 62
      vertex -15.249 -49.4 11.6867
    endloop
  endfacet
  facet normal 0 -1 0
    outer loop
      vertex -15.0897 -49.4 11.556
      vertex -10 -49.4 62
      vertex -15.1678 -49.4 11.6233
    endloop
  endfacet
  facet normal 0 -1 0
    outer loop
      vertex -15.0151 -49.4 11.4849
      vertex -10 -49.4 62
      vertex -15.0897 -49.4 11.556
    endloop
  endfacet
  facet normal 0 -1 0
    outer loop
      vertex -14.944 -49.4 11.4103
      vertex -10 -49.4 62
      vertex -15.0151 -49.4 11.4849
    endloop
  endfacet
  facet normal 0 -1 0
    outer loop
      vertex -14.8767 -49.4 11.3322
      vertex -10 -49.4 62
      vertex -14.944 -49.4 11.4103
    endloop
  endfacet
  facet normal 0 -1 0
    outer loop
      vertex -14.8133 -49.4 11.251
      vertex -10 -49.4 62
      vertex -14.8767 -49.4 11.3322
    endloop
  endfacet
  facet normal 0 -1 0
    outer loop
      vertex -14.7539 -49.4 11.1667
      vertex -10 -49.4 62
      vertex -14.8133 -49.4 11.251
    endloop
  endfacet
  facet normal 0 -1 0
    outer loop
      vertex -14.6988 -49.4 11.0796
      vertex -10 -49.4 62
      vertex -14.7539 -49.4 11.1667
    endloop
  endfacet
  facet normal 0 -1 0
    outer loop
      vertex -14.648 -49.4 10.9899
      vertex -10 -49.4 62
      vertex -14.6988 -49.4 11.0796
    endloop
  endfacet
  facet normal 0 -1 0
    outer loop
      vertex -14.6016 -49.4 10.8979
      vertex -10 -49.4 62
      vertex -14.648 -49.4 10.9899
    endloop
  endfacet
  facet normal 0 -1 0
    outer loop
      vertex -14.5599 -49.4 10.8036
      vertex -10 -49.4 62
      vertex -14.6016 -49.4 10.8979
    endloop
  endfacet
  facet normal 0 -1 0
    outer loop
      vertex -10 -49.4 2.5
      vertex -14.5599 -49.4 10.8036
      vertex -14.5228 -49.4 10.7075
    endloop
  endfacet
  facet normal 0 -1 0
    outer loop
      vertex -10 -49.4 2.5
      vertex -14.5228 -49.4 10.7075
      vertex -14.4904 -49.4 10.6096
    endloop
  endfacet
  facet normal 0 -1 0
    outer loop
      vertex -10 -49.4 2.5
      vertex -14.4904 -49.4 10.6096
      vertex -14.4629 -49.4 10.5103
    endloop
  endfacet
  facet normal 0 -1 0
    outer loop
      vertex -10 -49.4 2.5
      vertex -14.4629 -49.4 10.5103
      vertex -14.4404 -49.4 10.4097
    endloop
  endfacet
  facet normal 0 -1 0
    outer loop
      vertex -10 -49.4 2.5
      vertex -14.4404 -49.4 10.4097
      vertex -14.4227 -49.4 10.3081
    endloop
  endfacet
  facet normal 0 -1 0
    outer loop
      vertex -10 -49.4 2.5
      vertex -14.4227 -49.4 10.3081
      vertex -14.4101 -49.4 10.2058
    endloop
  endfacet
  facet normal 0 -1 0
    outer loop
      vertex -10 -49.4 2.5
      vertex -14.4101 -49.4 10.2058
      vertex -14.4025 -49.4 10.103
    endloop
  endfacet
  facet normal 0 -1 0
    outer loop
      vertex -10 -49.4 2.5
      vertex -14.4025 -49.4 10.103
      vertex -14.4 -49.4 10
    endloop
  endfacet
  facet normal 0 -1 0
    outer loop
      vertex -10 -49.4 2.5
      vertex -14.4 -49.4 10
      vertex -14.4025 -49.4 9.89696
    endloop
  endfacet
  facet normal 0 -1 0
    outer loop
      vertex -10 -49.4 2.5
      vertex -14.4025 -49.4 9.89696
      vertex -14.4101 -49.4 9.79416
    endloop
  endfacet
  facet normal 0 -1 0
    outer loop
      vertex -16.603 -49.4 7.90253
      vertex -10 -49.4 2.5
      vertex -16.5 -49.4 7.9
    endloop
  endfacet
  facet normal 0 -1 0
    outer loop
      vertex -16.5 -49.4 7.9
      vertex -10 -49.4 2.5
      vertex -16.397 -49.4 7.90253
    endloop
  endfacet
  facet normal 0 -1 0
    outer loop
      vertex -16.397 -49.4 7.90253
      vertex -10 -49.4 2.5
      vertex -16.2942 -49.4 7.91011
    endloop
  endfacet
  facet normal 0 -1 0
    outer loop
      vertex -14.5599 -49.4 10.8036
      vertex -10 -49.4 2.5
      vertex -10 -49.4 62
    endloop
  endfacet
  facet normal 0 -1 0
    outer loop
      vertex -14.4227 -49.4 9.69187
      vertex -10 -49.4 2.5
      vertex -14.4101 -49.4 9.79416
    endloop
  endfacet
  facet normal 0 -1 0
    outer loop
      vertex -14.4404 -49.4 9.59031
      vertex -10 -49.4 2.5
      vertex -14.4227 -49.4 9.69187
    endloop
  endfacet
  facet normal 0 -1 0
    outer loop
      vertex -14.4629 -49.4 9.48974
      vertex -10 -49.4 2.5
      vertex -14.4404 -49.4 9.59031
    endloop
  endfacet
  facet normal 0 -1 0
    outer loop
      vertex -14.4904 -49.4 9.3904
      vertex -10 -49.4 2.5
      vertex -14.4629 -49.4 9.48974
    endloop
  endfacet
  facet normal 0 -1 0
    outer loop
      vertex -14.5228 -49.4 9.29253
      vertex -10 -49.4 2.5
      vertex -14.4904 -49.4 9.3904
    endloop
  endfacet
  facet normal 0 -1 0
    outer loop
      vertex -14.5599 -49.4 9.19637
      vertex -10 -49.4 2.5
      vertex -14.5228 -49.4 9.29253
    endloop
  endfacet
  facet normal 0 -1 0
    outer loop
      vertex -14.6016 -49.4 9.10213
      vertex -10 -49.4 2.5
      vertex -14.5599 -49.4 9.19637
    endloop
  endfacet
  facet normal 0 -1 0
    outer loop
      vertex -14.648 -49.4 9.01007
      vertex -10 -49.4 2.5
      vertex -14.6016 -49.4 9.10213
    endloop
  endfacet
  facet normal 0 -1 0
    outer loop
      vertex -14.6988 -49.4 8.92038
      vertex -10 -49.4 2.5
      vertex -14.648 -49.4 9.01007
    endloop
  endfacet
  facet normal 0 -1 0
    outer loop
      vertex -14.7539 -49.4 8.8333
      vertex -10 -49.4 2.5
      vertex -14.6988 -49.4 8.92038
    endloop
  endfacet
  facet normal 0 -1 0
    outer loop
      vertex -14.8133 -49.4 8.74903
      vertex -10 -49.4 2.5
      vertex -14.7539 -49.4 8.8333
    endloop
  endfacet
  facet normal 0 -1 0
    outer loop
      vertex -14.8767 -49.4 8.66777
      vertex -10 -49.4 2.5
      vertex -14.8133 -49.4 8.74903
    endloop
  endfacet
  facet normal 0 -1 0
    outer loop
      vertex -14.944 -49.4 8.58973
      vertex -10 -49.4 2.5
      vertex -14.8767 -49.4 8.66777
    endloop
  endfacet
  facet normal 0 -1 0
    outer loop
      vertex -15.0151 -49.4 8.51508
      vertex -10 -49.4 2.5
      vertex -14.944 -49.4 8.58973
    endloop
  endfacet
  facet normal 0 -1 0
    outer loop
      vertex -15.0897 -49.4 8.444
      vertex -10 -49.4 2.5
      vertex -15.0151 -49.4 8.51508
    endloop
  endfacet
  facet normal 0 -1 0
    outer loop
      vertex -15.1678 -49.4 8.37668
      vertex -10 -49.4 2.5
      vertex -15.0897 -49.4 8.444
    endloop
  endfacet
  facet normal 0 -1 0
    outer loop
      vertex -15.249 -49.4 8.31326
      vertex -10 -49.4 2.5
      vertex -15.1678 -49.4 8.37668
    endloop
  endfacet
  facet normal 0 -1 0
    outer loop
      vertex -15.3333 -49.4 8.25391
      vertex -10 -49.4 2.5
      vertex -15.249 -49.4 8.31326
    endloop
  endfacet
  facet normal 0 -1 0
    outer loop
      vertex -15.4204 -49.4 8.19877
      vertex -10 -49.4 2.5
      vertex -15.3333 -49.4 8.25391
    endloop
  endfacet
  facet normal 0 -1 0
    outer loop
      vertex -15.5101 -49.4 8.14797
      vertex -10 -49.4 2.5
      vertex -15.4204 -49.4 8.19877
    endloop
  endfacet
  facet normal 0 -1 0
    outer loop
      vertex -15.6021 -49.4 8.10162
      vertex -10 -49.4 2.5
      vertex -15.5101 -49.4 8.14797
    endloop
  endfacet
  facet normal 0 -1 0
    outer loop
      vertex -15.6964 -49.4 8.05985
      vertex -10 -49.4 2.5
      vertex -15.6021 -49.4 8.10162
    endloop
  endfacet
  facet normal 0 -1 0
    outer loop
      vertex -15.7925 -49.4 8.02276
      vertex -10 -49.4 2.5
      vertex -15.6964 -49.4 8.05985
    endloop
  endfacet
  facet normal 0 -1 0
    outer loop
      vertex -15.8904 -49.4 7.99043
      vertex -10 -49.4 2.5
      vertex -15.7925 -49.4 8.02276
    endloop
  endfacet
  facet normal 0 -1 0
    outer loop
      vertex -15.9897 -49.4 7.96293
      vertex -10 -49.4 2.5
      vertex -15.8904 -49.4 7.99043
    endloop
  endfacet
  facet normal 0 -1 0
    outer loop
      vertex -16.0903 -49.4 7.94035
      vertex -10 -49.4 2.5
      vertex -15.9897 -49.4 7.96293
    endloop
  endfacet
  facet normal 0 -1 0
    outer loop
      vertex -16.1919 -49.4 7.92273
      vertex -10 -49.4 2.5
      vertex -16.0903 -49.4 7.94035
    endloop
  endfacet
  facet normal 0 -1 0
    outer loop
      vertex -16.2942 -49.4 7.91011
      vertex -10 -49.4 2.5
      vertex -16.1919 -49.4 7.92273
    endloop
  endfacet
  facet normal 1 0 0
    outer loop
      vertex -10 -41.1972 62
      vertex -10 -45.2956 61
      vertex -10 -41.1972 61
    endloop
  endfacet
  facet normal 1 -0 0
    outer loop
      vertex -10 -49.4 62
      vertex -10 -45.2956 61
      vertex -10 -41.1972 62
    endloop
  endfacet
  facet normal 1 0 0
    outer loop
      vertex -10 -49.4 2.5
      vertex -10 -45.2956 61
      vertex -10 -49.4 62
    endloop
  endfacet
  facet normal 1 0 0
    outer loop
      vertex -10 -45.2956 61
      vertex -10 -49.4 2.5
      vertex -10 -45.2956 2.5
    endloop
  endfacet
  facet normal 0 0 1
    outer loop
      vertex -10.3024 -41.1293 62
      vertex -10 -49.4 62
      vertex -10 -41.1972 62
    endloop
  endfacet
  facet normal 0 0 1
    outer loop
      vertex -12.3081 -40.5743 62
      vertex -10 -49.4 62
      vertex -10.3024 -41.1293 62
    endloop
  endfacet
  facet normal 0 0 1
    outer loop
      vertex -14.2841 -39.9215 62
      vertex -10 -49.4 62
      vertex -12.3081 -40.5743 62
    endloop
  endfacet
  facet normal 0 0 1
    outer loop
      vertex -16.2258 -39.1725 62
      vertex -10 -49.4 62
      vertex -14.2841 -39.9215 62
    endloop
  endfacet
  facet normal 0 0 1
    outer loop
      vertex -18.1283 -38.3291 62
      vertex -10 -49.4 62
      vertex -16.2258 -39.1725 62
    endloop
  endfacet
  facet normal 0 0 1
    outer loop
      vertex -19.9872 -37.3935 62
      vertex -10 -49.4 62
      vertex -18.1283 -38.3291 62
    endloop
  endfacet
  facet normal 0 0 1
    outer loop
      vertex -50 -49.4 62
      vertex -19.9872 -37.3935 62
      vertex -21.798 -36.3677 62
    endloop
  endfacet
  facet normal 0 0 1
    outer loop
      vertex -50 -49.4 62
      vertex -21.798 -36.3677 62
      vertex -23.5562 -35.2543 62
    endloop
  endfacet
  facet normal 0 0 1
    outer loop
      vertex -50 -49.4 62
      vertex -23.5562 -35.2543 62
      vertex -23.9173 -35 62
    endloop
  endfacet
  facet normal 0 0 1
    outer loop
      vertex -50 -49.4 62
      vertex -23.9173 -35 62
      vertex -50 -35 62
    endloop
  endfacet
  facet normal 0 0 1
    outer loop
      vertex -19.9872 -37.3935 62
      vertex -50 -49.4 62
      vertex -10 -49.4 62
    endloop
  endfacet
  facet normal 0 1 0
    outer loop
      vertex -30.4417 -35 61
      vertex -23.9173 -35 62
      vertex -23.9173 -35 61
    endloop
  endfacet
  facet normal 0 1 0
    outer loop
      vertex -23.9173 -35 62
      vertex -30.4417 -35 61
      vertex -50 -35 62
    endloop
  endfacet
  facet normal 0 1 0
    outer loop
      vertex -50 -35 2.5
      vertex -30.4417 -35 61
      vertex -30.4417 -35 2.5
    endloop
  endfacet
  facet normal 0 1 0
    outer loop
      vertex -30.4417 -35 61
      vertex -50 -35 2.5
      vertex -50 -35 62
    endloop
  endfacet
  facet normal 0 0 -1
    outer loop
      vertex -10 -49.4 2.5
      vertex -11.2743 -45.0094 2.5
      vertex -10 -45.2956 2.5
    endloop
  endfacet
  facet normal 0 0 -1
    outer loop
      vertex -10 -49.4 2.5
      vertex -13.4692 -44.402 2.5
      vertex -11.2743 -45.0094 2.5
    endloop
  endfacet
  facet normal 0 0 -1
    outer loop
      vertex -10 -49.4 2.5
      vertex -15.6317 -43.6876 2.5
      vertex -13.4692 -44.402 2.5
    endloop
  endfacet
  facet normal 0 0 -1
    outer loop
      vertex -10 -49.4 2.5
      vertex -17.7565 -42.868 2.5
      vertex -15.6317 -43.6876 2.5
    endloop
  endfacet
  facet normal 0 0 -1
    outer loop
      vertex -10 -49.4 2.5
      vertex -19.8385 -41.9451 2.5
      vertex -17.7565 -42.868 2.5
    endloop
  endfacet
  facet normal 0 0 -1
    outer loop
      vertex -50 -49.4 2.5
      vertex -19.8385 -41.9451 2.5
      vertex -10 -49.4 2.5
    endloop
  endfacet
  facet normal -0 0 -1
    outer loop
      vertex -19.8385 -41.9451 2.5
      vertex -50 -49.4 2.5
      vertex -21.8728 -40.9211 2.5
    endloop
  endfacet
  facet normal -0 0 -1
    outer loop
      vertex -21.8728 -40.9211 2.5
      vertex -50 -49.4 2.5
      vertex -23.8544 -39.7986 2.5
    endloop
  endfacet
  facet normal -0 0 -1
    outer loop
      vertex -23.8544 -39.7986 2.5
      vertex -50 -49.4 2.5
      vertex -25.7785 -38.5802 2.5
    endloop
  endfacet
  facet normal 0 0 -1
    outer loop
      vertex -50 -49.4 2.5
      vertex -27.6404 -37.2688 2.5
      vertex -25.7785 -38.5802 2.5
    endloop
  endfacet
  facet normal 0 0 -1
    outer loop
      vertex -50 -49.4 2.5
      vertex -29.4358 -35.8677 2.5
      vertex -27.6404 -37.2688 2.5
    endloop
  endfacet
  facet normal 0 0 -1
    outer loop
      vertex -50 -49.4 2.5
      vertex -30.4417 -35 2.5
      vertex -29.4358 -35.8677 2.5
    endloop
  endfacet
  facet normal -0 0 -1
    outer loop
      vertex -30.4417 -35 2.5
      vertex -50 -49.4 2.5
      vertex -50 -35 2.5
    endloop
  endfacet
  facet normal 0 0 1
    outer loop
      vertex -39.8942 -16.9473 4
      vertex -41.1221 -23.9109 4
      vertex -37.0263 -21.043 4
    endloop
  endfacet
  facet normal 0 -0 1
    outer loop
      vertex -41.1221 -23.9109 4
      vertex -39.8942 -16.9473 4
      vertex -43.99 -19.8151 4
    endloop
  endfacet
  facet normal -0.573575 0.819153 0
    outer loop
      vertex -37.0263 -21.043 4
      vertex -41.1221 -23.9109 57
      vertex -37.0263 -21.043 57
    endloop
  endfacet
  facet normal -0.573575 0.819153 0
    outer loop
      vertex -41.1221 -23.9109 57
      vertex -37.0263 -21.043 4
      vertex -41.1221 -23.9109 4
    endloop
  endfacet
  facet normal 0 0 -1
    outer loop
      vertex -41.1221 -23.9109 57
      vertex -39.8942 -16.9473 57
      vertex -37.0263 -21.043 57
    endloop
  endfacet
  facet normal 0 0 -1
    outer loop
      vertex -39.8942 -16.9473 57
      vertex -41.1221 -23.9109 57
      vertex -43.99 -19.8151 57
    endloop
  endfacet
  facet normal 0.573562 -0.819162 0
    outer loop
      vertex -43.99 -19.8151 4
      vertex -39.8942 -16.9473 57
      vertex -43.99 -19.8151 57
    endloop
  endfacet
  facet normal 0.573562 -0.819162 0
    outer loop
      vertex -39.8942 -16.9473 57
      vertex -43.99 -19.8151 4
      vertex -39.8942 -16.9473 4
    endloop
  endfacet
  facet normal -0.573562 -0.819162 0
    outer loop
      vertex 39.8942 -16.9473 4
      vertex 43.99 -19.8151 57
      vertex 39.8942 -16.9473 57
    endloop
  endfacet
  facet normal -0.573562 -0.819162 -0
    outer loop
      vertex 43.99 -19.8151 57
      vertex 39.8942 -16.9473 4
      vertex 43.99 -19.8151 4
    endloop
  endfacet
  facet normal 0 0 1
    outer loop
      vertex 39.8942 -16.9473 4
      vertex 41.1221 -23.9109 4
      vertex 43.99 -19.8151 4
    endloop
  endfacet
  facet normal 0 0 1
    outer loop
      vertex 41.1221 -23.9109 4
      vertex 39.8942 -16.9473 4
      vertex 37.0263 -21.043 4
    endloop
  endfacet
  facet normal 0.573575 0.819153 -0
    outer loop
      vertex 41.1221 -23.9109 4
      vertex 37.0263 -21.043 57
      vertex 41.1221 -23.9109 57
    endloop
  endfacet
  facet normal 0.573575 0.819153 0
    outer loop
      vertex 37.0263 -21.043 57
      vertex 41.1221 -23.9109 4
      vertex 37.0263 -21.043 4
    endloop
  endfacet
  facet normal 0 0 -1
    outer loop
      vertex 41.1221 -23.9109 57
      vertex 39.8942 -16.9473 57
      vertex 43.99 -19.8151 57
    endloop
  endfacet
  facet normal 0 -0 -1
    outer loop
      vertex 39.8942 -16.9473 57
      vertex 41.1221 -23.9109 57
      vertex 37.0263 -21.043 57
    endloop
  endfacet
  facet normal -0.892869 0 -0.450317
    outer loop
      vertex -14.6016 -49.4 10.8979
      vertex -14.648 -42.4 10.9899
      vertex -14.6016 -42.4 10.8979
    endloop
  endfacet
  facet normal -0.892869 -0 -0.450317
    outer loop
      vertex -14.648 -42.4 10.9899
      vertex -14.6016 -49.4 10.8979
      vertex -14.648 -49.4 10.9899
    endloop
  endfacet
  facet normal -0.36015 0 -0.932895
    outer loop
      vertex -15.7925 -49.4 11.9772
      vertex -15.6964 -42.4 11.9401
      vertex -15.6964 -49.4 11.9401
    endloop
  endfacet
  facet normal -0.36015 0 -0.932895
    outer loop
      vertex -15.6964 -42.4 11.9401
      vertex -15.7925 -49.4 11.9772
      vertex -15.7925 -42.4 11.9772
    endloop
  endfacet
  facet normal 0.404428 0 -0.91457
    outer loop
      vertex -17.3979 -49.4 11.8984
      vertex -17.3036 -42.4 11.9401
      vertex -17.3036 -49.4 11.9401
    endloop
  endfacet
  facet normal 0.404428 0 -0.91457
    outer loop
      vertex -17.3036 -42.4 11.9401
      vertex -17.3979 -49.4 11.8984
      vertex -17.3979 -42.4 11.8984
    endloop
  endfacet
  facet normal 0.932895 0 -0.36015
    outer loop
      vertex -18.4401 -49.4 10.8036
      vertex -18.4772 -42.4 10.7075
      vertex -18.4401 -42.4 10.8036
    endloop
  endfacet
  facet normal 0.932895 0 -0.36015
    outer loop
      vertex -18.4772 -42.4 10.7075
      vertex -18.4401 -49.4 10.8036
      vertex -18.4772 -49.4 10.7075
    endloop
  endfacet
  facet normal -0.963726 0 -0.266893
    outer loop
      vertex -14.4629 -49.4 10.5103
      vertex -14.4904 -42.4 10.6096
      vertex -14.4629 -42.4 10.5103
    endloop
  endfacet
  facet normal -0.963726 -0 -0.266893
    outer loop
      vertex -14.4904 -42.4 10.6096
      vertex -14.4629 -49.4 10.5103
      vertex -14.4904 -49.4 10.6096
    endloop
  endfacet
  facet normal -0.534613 0 -0.845097
    outer loop
      vertex -15.4204 -49.4 11.8012
      vertex -15.3333 -42.4 11.7461
      vertex -15.3333 -49.4 11.7461
    endloop
  endfacet
  facet normal -0.534613 0 -0.845097
    outer loop
      vertex -15.3333 -42.4 11.7461
      vertex -15.4204 -49.4 11.8012
      vertex -15.4204 -42.4 11.8012
    endloop
  endfacet
  facet normal 0.757542 0 -0.652786
    outer loop
      vertex -18.056 -49.4 11.4103
      vertex -18.1233 -42.4 11.3322
      vertex -18.056 -42.4 11.4103
    endloop
  endfacet
  facet normal 0.757542 0 -0.652786
    outer loop
      vertex -18.1233 -42.4 11.3322
      vertex -18.056 -49.4 11.4103
      vertex -18.1233 -49.4 11.3322
    endloop
  endfacet
  facet normal 0.218266 0 -0.975889
    outer loop
      vertex -17.0103 -49.4 12.0371
      vertex -16.9097 -42.4 12.0596
      vertex -16.9097 -49.4 12.0596
    endloop
  endfacet
  facet normal 0.218266 0 -0.975889
    outer loop
      vertex -16.9097 -42.4 12.0596
      vertex -17.0103 -49.4 12.0371
      vertex -17.0103 -42.4 12.0371
    endloop
  endfacet
  facet normal -0.122435 0 0.992477
    outer loop
      vertex -16.2942 -42.4 7.91011
      vertex -16.1919 -49.4 7.92273
      vertex -16.1919 -42.4 7.92273
    endloop
  endfacet
  facet normal -0.122435 0 0.992477
    outer loop
      vertex -16.1919 -49.4 7.92273
      vertex -16.2942 -42.4 7.91011
      vertex -16.2942 -49.4 7.91011
    endloop
  endfacet
  facet normal -0.817451 0 -0.575998
    outer loop
      vertex -14.7539 -49.4 11.1667
      vertex -14.8133 -42.4 11.251
      vertex -14.7539 -42.4 11.1667
    endloop
  endfacet
  facet normal -0.817451 -0 -0.575998
    outer loop
      vertex -14.8133 -42.4 11.251
      vertex -14.7539 -49.4 11.1667
      vertex -14.8133 -49.4 11.251
    endloop
  endfacet
  facet normal -0.723884 0 -0.689922
    outer loop
      vertex -14.944 -49.4 11.4103
      vertex -15.0151 -42.4 11.4849
      vertex -14.944 -42.4 11.4103
    endloop
  endfacet
  facet normal -0.723884 -0 -0.689922
    outer loop
      vertex -15.0151 -42.4 11.4849
      vertex -14.944 -49.4 11.4103
      vertex -15.0151 -49.4 11.4849
    endloop
  endfacet
  facet normal -0.171628 0 -0.985162
    outer loop
      vertex -16.1919 -49.4 12.0773
      vertex -16.0903 -42.4 12.0596
      vertex -16.0903 -49.4 12.0596
    endloop
  endfacet
  facet normal -0.171628 0 -0.985162
    outer loop
      vertex -16.0903 -42.4 12.0596
      vertex -16.1919 -49.4 12.0773
      vertex -16.1919 -42.4 12.0773
    endloop
  endfacet
  facet normal 0.999706 0 -0.0242647
    outer loop
      vertex -18.5975 -49.4 10.103
      vertex -18.6 -42.4 10
      vertex -18.5975 -42.4 10.103
    endloop
  endfacet
  facet normal 0.999706 0 -0.0242647
    outer loop
      vertex -18.6 -42.4 10
      vertex -18.5975 -49.4 10.103
      vertex -18.6 -49.4 10
    endloop
  endfacet
  facet normal 0.997278 0 -0.0737287
    outer loop
      vertex -18.5899 -49.4 10.2058
      vertex -18.5975 -42.4 10.103
      vertex -18.5899 -42.4 10.2058
    endloop
  endfacet
  facet normal 0.997278 0 -0.0737287
    outer loop
      vertex -18.5975 -42.4 10.103
      vertex -18.5899 -49.4 10.2058
      vertex -18.5975 -49.4 10.103
    endloop
  endfacet
  facet normal 0.985162 0 -0.171628
    outer loop
      vertex -18.5596 -49.4 10.4097
      vertex -18.5773 -42.4 10.3081
      vertex -18.5596 -42.4 10.4097
    endloop
  endfacet
  facet normal 0.985162 0 -0.171628
    outer loop
      vertex -18.5773 -42.4 10.3081
      vertex -18.5596 -49.4 10.4097
      vertex -18.5773 -49.4 10.3081
    endloop
  endfacet
  facet normal 0.845097 0 -0.534613
    outer loop
      vertex -18.2461 -49.4 11.1667
      vertex -18.3012 -42.4 11.0796
      vertex -18.2461 -42.4 11.1667
    endloop
  endfacet
  facet normal 0.845097 0 -0.534613
    outer loop
      vertex -18.3012 -42.4 11.0796
      vertex -18.2461 -49.4 11.1667
      vertex -18.3012 -49.4 11.0796
    endloop
  endfacet
  facet normal 0.575998 0 -0.817451
    outer loop
      vertex -17.751 -49.4 11.6867
      vertex -17.6667 -42.4 11.7461
      vertex -17.6667 -49.4 11.7461
    endloop
  endfacet
  facet normal 0.575998 0 -0.817451
    outer loop
      vertex -17.6667 -42.4 11.7461
      vertex -17.751 -49.4 11.6867
      vertex -17.751 -42.4 11.6867
    endloop
  endfacet
  facet normal 0.492792 0 -0.870147
    outer loop
      vertex -17.5796 -49.4 11.8012
      vertex -17.4899 -42.4 11.852
      vertex -17.4899 -49.4 11.852
    endloop
  endfacet
  facet normal 0.492792 0 -0.870147
    outer loop
      vertex -17.4899 -42.4 11.852
      vertex -17.5796 -49.4 11.8012
      vertex -17.5796 -42.4 11.8012
    endloop
  endfacet
  facet normal -0.949331 0 0.314277
    outer loop
      vertex -14.5228 -49.4 9.29253
      vertex -14.4904 -42.4 9.3904
      vertex -14.5228 -42.4 9.29253
    endloop
  endfacet
  facet normal -0.949331 0 0.314277
    outer loop
      vertex -14.4904 -42.4 9.3904
      vertex -14.5228 -49.4 9.29253
      vertex -14.4904 -49.4 9.3904
    endloop
  endfacet
  facet normal -0.997278 0 -0.0737287
    outer loop
      vertex -14.4025 -49.4 10.103
      vertex -14.4101 -42.4 10.2058
      vertex -14.4025 -42.4 10.103
    endloop
  endfacet
  facet normal -0.997278 -0 -0.0737287
    outer loop
      vertex -14.4101 -42.4 10.2058
      vertex -14.4025 -49.4 10.103
      vertex -14.4101 -49.4 10.2058
    endloop
  endfacet
  facet normal -0.870147 0 -0.492792
    outer loop
      vertex -14.648 -49.4 10.9899
      vertex -14.6988 -42.4 11.0796
      vertex -14.648 -42.4 10.9899
    endloop
  endfacet
  facet normal -0.870147 -0 -0.492792
    outer loop
      vertex -14.6988 -42.4 11.0796
      vertex -14.648 -49.4 10.9899
      vertex -14.6988 -49.4 11.0796
    endloop
  endfacet
  facet normal -0.689922 0 -0.723884
    outer loop
      vertex -15.0897 -49.4 11.556
      vertex -15.0151 -42.4 11.4849
      vertex -15.0151 -49.4 11.4849
    endloop
  endfacet
  facet normal -0.689922 0 -0.723884
    outer loop
      vertex -15.0151 -42.4 11.4849
      vertex -15.0897 -49.4 11.556
      vertex -15.0897 -42.4 11.556
    endloop
  endfacet
  facet normal -0.845097 0 -0.534613
    outer loop
      vertex -14.6988 -49.4 11.0796
      vertex -14.7539 -42.4 11.1667
      vertex -14.6988 -42.4 11.0796
    endloop
  endfacet
  facet normal -0.845097 -0 -0.534613
    outer loop
      vertex -14.7539 -42.4 11.1667
      vertex -14.6988 -49.4 11.0796
      vertex -14.7539 -49.4 11.1667
    endloop
  endfacet
  facet normal -0.788201 0 -0.615418
    outer loop
      vertex -14.8133 -49.4 11.251
      vertex -14.8767 -42.4 11.3322
      vertex -14.8133 -42.4 11.251
    endloop
  endfacet
  facet normal -0.788201 -0 -0.615418
    outer loop
      vertex -14.8767 -42.4 11.3322
      vertex -14.8133 -49.4 11.251
      vertex -14.8767 -49.4 11.3322
    endloop
  endfacet
  facet normal -0.757542 0 -0.652786
    outer loop
      vertex -14.8767 -49.4 11.3322
      vertex -14.944 -42.4 11.4103
      vertex -14.8767 -42.4 11.3322
    endloop
  endfacet
  facet normal -0.757542 -0 -0.652786
    outer loop
      vertex -14.944 -42.4 11.4103
      vertex -14.8767 -49.4 11.3322
      vertex -14.944 -49.4 11.4103
    endloop
  endfacet
  facet normal 0.0242647 0 -0.999706
    outer loop
      vertex -16.603 -49.4 12.0975
      vertex -16.5 -42.4 12.1
      vertex -16.5 -49.4 12.1
    endloop
  endfacet
  facet normal 0.0242647 0 -0.999706
    outer loop
      vertex -16.5 -42.4 12.1
      vertex -16.603 -49.4 12.0975
      vertex -16.603 -42.4 12.0975
    endloop
  endfacet
  facet normal -0.266893 0 -0.963726
    outer loop
      vertex -15.9897 -49.4 12.0371
      vertex -15.8904 -42.4 12.0096
      vertex -15.8904 -49.4 12.0096
    endloop
  endfacet
  facet normal -0.266893 0 -0.963726
    outer loop
      vertex -15.8904 -42.4 12.0096
      vertex -15.9897 -49.4 12.0371
      vertex -15.9897 -42.4 12.0371
    endloop
  endfacet
  facet normal -0.314191 0 -0.94936
    outer loop
      vertex -15.8904 -49.4 12.0096
      vertex -15.7925 -42.4 11.9772
      vertex -15.7925 -49.4 11.9772
    endloop
  endfacet
  facet normal -0.314191 0 -0.94936
    outer loop
      vertex -15.7925 -42.4 11.9772
      vertex -15.8904 -49.4 12.0096
      vertex -15.8904 -42.4 12.0096
    endloop
  endfacet
  facet normal -0.122243 0 -0.9925
    outer loop
      vertex -16.2942 -49.4 12.0899
      vertex -16.1919 -42.4 12.0773
      vertex -16.1919 -49.4 12.0773
    endloop
  endfacet
  facet normal -0.122243 0 -0.9925
    outer loop
      vertex -16.1919 -42.4 12.0773
      vertex -16.2942 -49.4 12.0899
      vertex -16.2942 -42.4 12.0899
    endloop
  endfacet
  facet normal -0.0737287 0 -0.997278
    outer loop
      vertex -16.397 -49.4 12.0975
      vertex -16.2942 -42.4 12.0899
      vertex -16.2942 -49.4 12.0899
    endloop
  endfacet
  facet normal -0.0737287 0 -0.997278
    outer loop
      vertex -16.2942 -42.4 12.0899
      vertex -16.397 -49.4 12.0975
      vertex -16.397 -42.4 12.0975
    endloop
  endfacet
  facet normal -0.218266 0 -0.975889
    outer loop
      vertex -16.0903 -49.4 12.0596
      vertex -15.9897 -42.4 12.0371
      vertex -15.9897 -49.4 12.0371
    endloop
  endfacet
  facet normal -0.218266 0 -0.975889
    outer loop
      vertex -15.9897 -42.4 12.0371
      vertex -16.0903 -49.4 12.0596
      vertex -16.0903 -42.4 12.0596
    endloop
  endfacet
  facet normal -0.450317 0 -0.892869
    outer loop
      vertex -15.6021 -49.4 11.8984
      vertex -15.5101 -42.4 11.852
      vertex -15.5101 -49.4 11.852
    endloop
  endfacet
  facet normal -0.450317 0 -0.892869
    outer loop
      vertex -15.5101 -42.4 11.852
      vertex -15.6021 -49.4 11.8984
      vertex -15.6021 -42.4 11.8984
    endloop
  endfacet
  facet normal -0.492792 0 -0.870147
    outer loop
      vertex -15.5101 -49.4 11.852
      vertex -15.4204 -42.4 11.8012
      vertex -15.4204 -49.4 11.8012
    endloop
  endfacet
  facet normal -0.492792 0 -0.870147
    outer loop
      vertex -15.4204 -42.4 11.8012
      vertex -15.5101 -49.4 11.852
      vertex -15.5101 -42.4 11.852
    endloop
  endfacet
  facet normal -0.404428 0 -0.91457
    outer loop
      vertex -15.6964 -49.4 11.9401
      vertex -15.6021 -42.4 11.8984
      vertex -15.6021 -49.4 11.8984
    endloop
  endfacet
  facet normal -0.404428 0 -0.91457
    outer loop
      vertex -15.6021 -42.4 11.8984
      vertex -15.6964 -49.4 11.9401
      vertex -15.6964 -42.4 11.9401
    endloop
  endfacet
  facet normal -0.652786 0 -0.757542
    outer loop
      vertex -15.1678 -49.4 11.6233
      vertex -15.0897 -42.4 11.556
      vertex -15.0897 -49.4 11.556
    endloop
  endfacet
  facet normal -0.652786 0 -0.757542
    outer loop
      vertex -15.0897 -42.4 11.556
      vertex -15.1678 -49.4 11.6233
      vertex -15.1678 -42.4 11.6233
    endloop
  endfacet
  facet normal -0.615418 0 -0.788201
    outer loop
      vertex -15.249 -49.4 11.6867
      vertex -15.1678 -42.4 11.6233
      vertex -15.1678 -49.4 11.6233
    endloop
  endfacet
  facet normal -0.615418 0 -0.788201
    outer loop
      vertex -15.1678 -42.4 11.6233
      vertex -15.249 -49.4 11.6867
      vertex -15.249 -42.4 11.6867
    endloop
  endfacet
  facet normal 0.963726 0 -0.266893
    outer loop
      vertex -18.5096 -49.4 10.6096
      vertex -18.5371 -42.4 10.5103
      vertex -18.5096 -42.4 10.6096
    endloop
  endfacet
  facet normal 0.963726 0 -0.266893
    outer loop
      vertex -18.5371 -42.4 10.5103
      vertex -18.5096 -49.4 10.6096
      vertex -18.5371 -49.4 10.5103
    endloop
  endfacet
  facet normal 0.94936 0 -0.314191
    outer loop
      vertex -18.4772 -49.4 10.7075
      vertex -18.5096 -42.4 10.6096
      vertex -18.4772 -42.4 10.7075
    endloop
  endfacet
  facet normal 0.94936 0 -0.314191
    outer loop
      vertex -18.5096 -42.4 10.6096
      vertex -18.4772 -49.4 10.7075
      vertex -18.5096 -49.4 10.6096
    endloop
  endfacet
  facet normal 0.9925 0 -0.122243
    outer loop
      vertex -18.5773 -49.4 10.3081
      vertex -18.5899 -42.4 10.2058
      vertex -18.5773 -42.4 10.3081
    endloop
  endfacet
  facet normal 0.9925 0 -0.122243
    outer loop
      vertex -18.5899 -42.4 10.2058
      vertex -18.5773 -49.4 10.3081
      vertex -18.5899 -49.4 10.2058
    endloop
  endfacet
  facet normal 0.975889 0 -0.218266
    outer loop
      vertex -18.5371 -49.4 10.5103
      vertex -18.5596 -42.4 10.4097
      vertex -18.5371 -42.4 10.5103
    endloop
  endfacet
  facet normal 0.975889 0 -0.218266
    outer loop
      vertex -18.5596 -42.4 10.4097
      vertex -18.5371 -49.4 10.5103
      vertex -18.5596 -49.4 10.4097
    endloop
  endfacet
  facet normal 0.892869 0 -0.450317
    outer loop
      vertex -18.352 -49.4 10.9899
      vertex -18.3984 -42.4 10.8979
      vertex -18.352 -42.4 10.9899
    endloop
  endfacet
  facet normal 0.892869 0 -0.450317
    outer loop
      vertex -18.3984 -42.4 10.8979
      vertex -18.352 -49.4 10.9899
      vertex -18.3984 -49.4 10.8979
    endloop
  endfacet
  facet normal 0.91457 0 -0.404428
    outer loop
      vertex -18.3984 -49.4 10.8979
      vertex -18.4401 -42.4 10.8036
      vertex -18.3984 -42.4 10.8979
    endloop
  endfacet
  facet normal 0.91457 0 -0.404428
    outer loop
      vertex -18.4401 -42.4 10.8036
      vertex -18.3984 -49.4 10.8979
      vertex -18.4401 -49.4 10.8036
    endloop
  endfacet
  facet normal 0.788201 0 -0.615418
    outer loop
      vertex -18.1233 -49.4 11.3322
      vertex -18.1867 -42.4 11.251
      vertex -18.1233 -42.4 11.3322
    endloop
  endfacet
  facet normal 0.788201 0 -0.615418
    outer loop
      vertex -18.1867 -42.4 11.251
      vertex -18.1233 -49.4 11.3322
      vertex -18.1867 -49.4 11.251
    endloop
  endfacet
  facet normal 0.817451 0 -0.575998
    outer loop
      vertex -18.1867 -49.4 11.251
      vertex -18.2461 -42.4 11.1667
      vertex -18.1867 -42.4 11.251
    endloop
  endfacet
  facet normal 0.817451 0 -0.575998
    outer loop
      vertex -18.2461 -42.4 11.1667
      vertex -18.1867 -49.4 11.251
      vertex -18.2461 -49.4 11.1667
    endloop
  endfacet
  facet normal 0.314191 0 -0.94936
    outer loop
      vertex -17.2075 -49.4 11.9772
      vertex -17.1096 -42.4 12.0096
      vertex -17.1096 -49.4 12.0096
    endloop
  endfacet
  facet normal 0.314191 0 -0.94936
    outer loop
      vertex -17.1096 -42.4 12.0096
      vertex -17.2075 -49.4 11.9772
      vertex -17.2075 -42.4 11.9772
    endloop
  endfacet
  facet normal 0.266893 0 -0.963726
    outer loop
      vertex -17.1096 -49.4 12.0096
      vertex -17.0103 -42.4 12.0371
      vertex -17.0103 -49.4 12.0371
    endloop
  endfacet
  facet normal 0.266893 0 -0.963726
    outer loop
      vertex -17.0103 -42.4 12.0371
      vertex -17.1096 -49.4 12.0096
      vertex -17.1096 -42.4 12.0096
    endloop
  endfacet
  facet normal 0.36015 0 -0.932895
    outer loop
      vertex -17.3036 -49.4 11.9401
      vertex -17.2075 -42.4 11.9772
      vertex -17.2075 -49.4 11.9772
    endloop
  endfacet
  facet normal 0.36015 0 -0.932895
    outer loop
      vertex -17.2075 -42.4 11.9772
      vertex -17.3036 -49.4 11.9401
      vertex -17.3036 -42.4 11.9401
    endloop
  endfacet
  facet normal 0.0737287 0 -0.997278
    outer loop
      vertex -16.7058 -49.4 12.0899
      vertex -16.603 -42.4 12.0975
      vertex -16.603 -49.4 12.0975
    endloop
  endfacet
  facet normal 0.0737287 0 -0.997278
    outer loop
      vertex -16.603 -42.4 12.0975
      vertex -16.7058 -49.4 12.0899
      vertex -16.7058 -42.4 12.0899
    endloop
  endfacet
  facet normal 0.122243 0 -0.9925
    outer loop
      vertex -16.8081 -49.4 12.0773
      vertex -16.7058 -42.4 12.0899
      vertex -16.7058 -49.4 12.0899
    endloop
  endfacet
  facet normal 0.122243 0 -0.9925
    outer loop
      vertex -16.7058 -42.4 12.0899
      vertex -16.8081 -49.4 12.0773
      vertex -16.8081 -42.4 12.0773
    endloop
  endfacet
  facet normal 0.450317 0 -0.892869
    outer loop
      vertex -17.4899 -49.4 11.852
      vertex -17.3979 -42.4 11.8984
      vertex -17.3979 -49.4 11.8984
    endloop
  endfacet
  facet normal 0.450317 0 -0.892869
    outer loop
      vertex -17.3979 -42.4 11.8984
      vertex -17.4899 -49.4 11.852
      vertex -17.4899 -42.4 11.852
    endloop
  endfacet
  facet normal 0.652786 0 -0.757542
    outer loop
      vertex -17.9103 -49.4 11.556
      vertex -17.8322 -42.4 11.6233
      vertex -17.8322 -49.4 11.6233
    endloop
  endfacet
  facet normal 0.652786 0 -0.757542
    outer loop
      vertex -17.8322 -42.4 11.6233
      vertex -17.9103 -49.4 11.556
      vertex -17.9103 -42.4 11.556
    endloop
  endfacet
  facet normal 0.689922 0 -0.723884
    outer loop
      vertex -17.9849 -49.4 11.4849
      vertex -17.9103 -42.4 11.556
      vertex -17.9103 -49.4 11.556
    endloop
  endfacet
  facet normal 0.689922 0 -0.723884
    outer loop
      vertex -17.9103 -42.4 11.556
      vertex -17.9849 -49.4 11.4849
      vertex -17.9849 -42.4 11.4849
    endloop
  endfacet
  facet normal 0.615418 0 -0.788201
    outer loop
      vertex -17.8322 -49.4 11.6233
      vertex -17.751 -42.4 11.6867
      vertex -17.751 -49.4 11.6867
    endloop
  endfacet
  facet normal 0.615418 0 -0.788201
    outer loop
      vertex -17.751 -42.4 11.6867
      vertex -17.8322 -49.4 11.6233
      vertex -17.8322 -42.4 11.6233
    endloop
  endfacet
  facet normal 0.723884 0 -0.689922
    outer loop
      vertex -17.9849 -49.4 11.4849
      vertex -18.056 -42.4 11.4103
      vertex -17.9849 -42.4 11.4849
    endloop
  endfacet
  facet normal 0.723884 0 -0.689922
    outer loop
      vertex -18.056 -42.4 11.4103
      vertex -17.9849 -49.4 11.4849
      vertex -18.056 -49.4 11.4103
    endloop
  endfacet
  facet normal -0.999706 0 -0.0242647
    outer loop
      vertex -14.4 -49.4 10
      vertex -14.4025 -42.4 10.103
      vertex -14.4 -42.4 10
    endloop
  endfacet
  facet normal -0.999706 -0 -0.0242647
    outer loop
      vertex -14.4025 -42.4 10.103
      vertex -14.4 -49.4 10
      vertex -14.4025 -49.4 10.103
    endloop
  endfacet
  facet normal -0.992499 0 0.122255
    outer loop
      vertex -14.4227 -49.4 9.69187
      vertex -14.4101 -42.4 9.79416
      vertex -14.4227 -42.4 9.69187
    endloop
  endfacet
  facet normal -0.992499 0 0.122255
    outer loop
      vertex -14.4101 -42.4 9.79416
      vertex -14.4227 -49.4 9.69187
      vertex -14.4101 -49.4 9.79416
    endloop
  endfacet
  facet normal -0.93297 0 0.359954
    outer loop
      vertex -14.5599 -49.4 9.19637
      vertex -14.5228 -42.4 9.29253
      vertex -14.5599 -42.4 9.19637
    endloop
  endfacet
  facet normal -0.93297 0 0.359954
    outer loop
      vertex -14.5228 -42.4 9.29253
      vertex -14.5599 -49.4 9.19637
      vertex -14.5228 -49.4 9.29253
    endloop
  endfacet
  facet normal 0.0245557 0 0.999698
    outer loop
      vertex -16.603 -42.4 7.90253
      vertex -16.5 -49.4 7.9
      vertex -16.5 -42.4 7.9
    endloop
  endfacet
  facet normal 0.0245557 0 0.999698
    outer loop
      vertex -16.5 -49.4 7.9
      vertex -16.603 -42.4 7.90253
      vertex -16.603 -49.4 7.90253
    endloop
  endfacet
  facet normal -0.0735358 0 0.997293
    outer loop
      vertex -16.397 -42.4 7.90253
      vertex -16.2942 -49.4 7.91011
      vertex -16.2942 -42.4 7.91011
    endloop
  endfacet
  facet normal -0.0735358 0 0.997293
    outer loop
      vertex -16.2942 -49.4 7.91011
      vertex -16.397 -42.4 7.90253
      vertex -16.397 -49.4 7.90253
    endloop
  endfacet
  facet normal -0.266893 0 0.963726
    outer loop
      vertex -15.9897 -42.4 7.96293
      vertex -15.8904 -49.4 7.99043
      vertex -15.8904 -42.4 7.99043
    endloop
  endfacet
  facet normal -0.266893 0 0.963726
    outer loop
      vertex -15.8904 -49.4 7.99043
      vertex -15.9897 -42.4 7.96293
      vertex -15.9897 -49.4 7.96293
    endloop
  endfacet
  facet normal -0.360065 0 0.932927
    outer loop
      vertex -15.7925 -42.4 8.02276
      vertex -15.6964 -49.4 8.05985
      vertex -15.6964 -42.4 8.05985
    endloop
  endfacet
  facet normal -0.360065 0 0.932927
    outer loop
      vertex -15.6964 -49.4 8.05985
      vertex -15.7925 -42.4 8.02276
      vertex -15.7925 -49.4 8.02276
    endloop
  endfacet
  facet normal -0.404996 0 0.914319
    outer loop
      vertex -15.6964 -42.4 8.05985
      vertex -15.6021 -49.4 8.10162
      vertex -15.6021 -42.4 8.10162
    endloop
  endfacet
  facet normal -0.404996 0 0.914319
    outer loop
      vertex -15.6021 -49.4 8.10162
      vertex -15.6964 -42.4 8.05985
      vertex -15.6964 -49.4 8.05985
    endloop
  endfacet
  facet normal -0.985162 0 -0.171628
    outer loop
      vertex -14.4227 -49.4 10.3081
      vertex -14.4404 -42.4 10.4097
      vertex -14.4227 -42.4 10.3081
    endloop
  endfacet
  facet normal -0.985162 -0 -0.171628
    outer loop
      vertex -14.4404 -42.4 10.4097
      vertex -14.4227 -49.4 10.3081
      vertex -14.4404 -49.4 10.4097
    endloop
  endfacet
  facet normal -0.975889 0 -0.218266
    outer loop
      vertex -14.4404 -49.4 10.4097
      vertex -14.4629 -42.4 10.5103
      vertex -14.4404 -42.4 10.4097
    endloop
  endfacet
  facet normal -0.975889 -0 -0.218266
    outer loop
      vertex -14.4629 -42.4 10.5103
      vertex -14.4404 -49.4 10.4097
      vertex -14.4629 -49.4 10.5103
    endloop
  endfacet
  facet normal -0.94936 0 -0.314191
    outer loop
      vertex -14.4904 -49.4 10.6096
      vertex -14.5228 -42.4 10.7075
      vertex -14.4904 -42.4 10.6096
    endloop
  endfacet
  facet normal -0.94936 -0 -0.314191
    outer loop
      vertex -14.5228 -42.4 10.7075
      vertex -14.4904 -49.4 10.6096
      vertex -14.5228 -49.4 10.7075
    endloop
  endfacet
  facet normal -0.91457 0 -0.404428
    outer loop
      vertex -14.5599 -49.4 10.8036
      vertex -14.6016 -42.4 10.8979
      vertex -14.5599 -42.4 10.8036
    endloop
  endfacet
  facet normal -0.91457 -0 -0.404428
    outer loop
      vertex -14.6016 -42.4 10.8979
      vertex -14.5599 -49.4 10.8036
      vertex -14.6016 -49.4 10.8979
    endloop
  endfacet
  facet normal -0.932895 0 -0.36015
    outer loop
      vertex -14.5228 -49.4 10.7075
      vertex -14.5599 -42.4 10.8036
      vertex -14.5228 -42.4 10.7075
    endloop
  endfacet
  facet normal -0.932895 -0 -0.36015
    outer loop
      vertex -14.5599 -42.4 10.8036
      vertex -14.5228 -49.4 10.7075
      vertex -14.5599 -49.4 10.8036
    endloop
  endfacet
  facet normal -0.0242647 0 -0.999706
    outer loop
      vertex -16.5 -49.4 12.1
      vertex -16.397 -42.4 12.0975
      vertex -16.397 -49.4 12.0975
    endloop
  endfacet
  facet normal -0.0242647 0 -0.999706
    outer loop
      vertex -16.397 -42.4 12.0975
      vertex -16.5 -49.4 12.1
      vertex -16.5 -42.4 12.1
    endloop
  endfacet
  facet normal -0.575998 0 -0.817451
    outer loop
      vertex -15.3333 -49.4 11.7461
      vertex -15.249 -42.4 11.6867
      vertex -15.249 -49.4 11.6867
    endloop
  endfacet
  facet normal -0.575998 0 -0.817451
    outer loop
      vertex -15.249 -42.4 11.6867
      vertex -15.3333 -49.4 11.7461
      vertex -15.3333 -42.4 11.7461
    endloop
  endfacet
  facet normal 0.870147 0 -0.492792
    outer loop
      vertex -18.3012 -49.4 11.0796
      vertex -18.352 -42.4 10.9899
      vertex -18.3012 -42.4 11.0796
    endloop
  endfacet
  facet normal 0.870147 0 -0.492792
    outer loop
      vertex -18.352 -42.4 10.9899
      vertex -18.3012 -49.4 11.0796
      vertex -18.352 -49.4 10.9899
    endloop
  endfacet
  facet normal 0.171628 0 -0.985162
    outer loop
      vertex -16.9097 -49.4 12.0596
      vertex -16.8081 -42.4 12.0773
      vertex -16.8081 -49.4 12.0773
    endloop
  endfacet
  facet normal 0.171628 0 -0.985162
    outer loop
      vertex -16.8081 -42.4 12.0773
      vertex -16.9097 -49.4 12.0596
      vertex -16.9097 -42.4 12.0596
    endloop
  endfacet
  facet normal 0.534613 0 -0.845097
    outer loop
      vertex -17.6667 -49.4 11.7461
      vertex -17.5796 -42.4 11.8012
      vertex -17.5796 -49.4 11.8012
    endloop
  endfacet
  facet normal 0.534613 0 -0.845097
    outer loop
      vertex -17.5796 -42.4 11.8012
      vertex -17.6667 -49.4 11.7461
      vertex -17.6667 -42.4 11.7461
    endloop
  endfacet
  facet normal -0.997278 0 0.0737287
    outer loop
      vertex -14.4101 -49.4 9.79416
      vertex -14.4025 -42.4 9.89696
      vertex -14.4101 -42.4 9.79416
    endloop
  endfacet
  facet normal -0.997278 0 0.0737287
    outer loop
      vertex -14.4025 -42.4 9.89696
      vertex -14.4101 -49.4 9.79416
      vertex -14.4025 -49.4 9.89696
    endloop
  endfacet
  facet normal -0.999706 0 0.0242553
    outer loop
      vertex -14.4025 -49.4 9.89696
      vertex -14.4 -42.4 10
      vertex -14.4025 -42.4 9.89696
    endloop
  endfacet
  facet normal -0.999706 0 0.0242553
    outer loop
      vertex -14.4 -42.4 10
      vertex -14.4025 -49.4 9.89696
      vertex -14.4 -49.4 10
    endloop
  endfacet
  facet normal -0.975876 0 0.218328
    outer loop
      vertex -14.4629 -49.4 9.48974
      vertex -14.4404 -42.4 9.59031
      vertex -14.4629 -42.4 9.48974
    endloop
  endfacet
  facet normal -0.975876 0 0.218328
    outer loop
      vertex -14.4404 -42.4 9.59031
      vertex -14.4629 -49.4 9.48974
      vertex -14.4404 -49.4 9.59031
    endloop
  endfacet
  facet normal -0.870123 0 0.492834
    outer loop
      vertex -14.6988 -49.4 8.92038
      vertex -14.648 -42.4 9.01007
      vertex -14.6988 -42.4 8.92038
    endloop
  endfacet
  facet normal -0.870123 0 0.492834
    outer loop
      vertex -14.648 -42.4 9.01007
      vertex -14.6988 -49.4 8.92038
      vertex -14.648 -49.4 9.01007
    endloop
  endfacet
  facet normal -0.534891 0 0.844921
    outer loop
      vertex -15.4204 -42.4 8.19877
      vertex -15.3333 -49.4 8.25391
      vertex -15.3333 -42.4 8.25391
    endloop
  endfacet
  facet normal -0.534891 0 0.844921
    outer loop
      vertex -15.3333 -49.4 8.25391
      vertex -15.4204 -42.4 8.19877
      vertex -15.4204 -49.4 8.19877
    endloop
  endfacet
  facet normal -0.68982 0 0.723981
    outer loop
      vertex -15.0897 -42.4 8.444
      vertex -15.0151 -49.4 8.51508
      vertex -15.0151 -42.4 8.51508
    endloop
  endfacet
  facet normal -0.68982 0 0.723981
    outer loop
      vertex -15.0151 -49.4 8.51508
      vertex -15.0897 -42.4 8.444
      vertex -15.0897 -49.4 8.444
    endloop
  endfacet
  facet normal -0.757294 0 0.653074
    outer loop
      vertex -14.944 -49.4 8.58973
      vertex -14.8767 -42.4 8.66777
      vertex -14.944 -42.4 8.58973
    endloop
  endfacet
  facet normal -0.757294 0 0.653074
    outer loop
      vertex -14.8767 -42.4 8.66777
      vertex -14.944 -49.4 8.58973
      vertex -14.8767 -49.4 8.66777
    endloop
  endfacet
  facet normal 0.492792 0 0.870147
    outer loop
      vertex -17.5796 -42.4 8.19877
      vertex -17.4899 -49.4 8.14797
      vertex -17.4899 -42.4 8.14797
    endloop
  endfacet
  facet normal 0.492792 0 0.870147
    outer loop
      vertex -17.4899 -49.4 8.14797
      vertex -17.5796 -42.4 8.19877
      vertex -17.5796 -49.4 8.19877
    endloop
  endfacet
  facet normal 0.999706 -0 0.0242553
    outer loop
      vertex -18.6 -49.4 10
      vertex -18.5975 -42.4 9.89696
      vertex -18.6 -42.4 10
    endloop
  endfacet
  facet normal 0.999706 0 0.0242553
    outer loop
      vertex -18.5975 -42.4 9.89696
      vertex -18.6 -49.4 10
      vertex -18.5975 -49.4 9.89696
    endloop
  endfacet
  facet normal 0.949331 -0 0.314277
    outer loop
      vertex -18.5096 -49.4 9.3904
      vertex -18.4772 -42.4 9.29253
      vertex -18.5096 -42.4 9.3904
    endloop
  endfacet
  facet normal 0.949331 0 0.314277
    outer loop
      vertex -18.4772 -42.4 9.29253
      vertex -18.5096 -49.4 9.3904
      vertex -18.4772 -49.4 9.29253
    endloop
  endfacet
  facet normal -0.170875 0 0.985293
    outer loop
      vertex -16.1919 -42.4 7.92273
      vertex -16.0903 -49.4 7.94035
      vertex -16.0903 -42.4 7.94035
    endloop
  endfacet
  facet normal -0.170875 0 0.985293
    outer loop
      vertex -16.0903 -49.4 7.94035
      vertex -16.1919 -42.4 7.92273
      vertex -16.1919 -49.4 7.92273
    endloop
  endfacet
  facet normal -0.313579 0 0.949562
    outer loop
      vertex -15.8904 -42.4 7.99043
      vertex -15.7925 -49.4 8.02276
      vertex -15.7925 -42.4 8.02276
    endloop
  endfacet
  facet normal -0.313579 0 0.949562
    outer loop
      vertex -15.7925 -49.4 8.02276
      vertex -15.8904 -42.4 7.99043
      vertex -15.8904 -49.4 7.99043
    endloop
  endfacet
  facet normal -0.9925 0 -0.122243
    outer loop
      vertex -14.4101 -49.4 10.2058
      vertex -14.4227 -42.4 10.3081
      vertex -14.4101 -42.4 10.2058
    endloop
  endfacet
  facet normal -0.9925 -0 -0.122243
    outer loop
      vertex -14.4227 -42.4 10.3081
      vertex -14.4101 -49.4 10.2058
      vertex -14.4227 -49.4 10.3081
    endloop
  endfacet
  facet normal -0.98515 0 0.171693
    outer loop
      vertex -14.4404 -49.4 9.59031
      vertex -14.4227 -42.4 9.69187
      vertex -14.4404 -42.4 9.59031
    endloop
  endfacet
  facet normal -0.98515 0 0.171693
    outer loop
      vertex -14.4227 -42.4 9.69187
      vertex -14.4404 -49.4 9.59031
      vertex -14.4227 -49.4 9.69187
    endloop
  endfacet
  facet normal -0.963754 0 0.266793
    outer loop
      vertex -14.4904 -49.4 9.3904
      vertex -14.4629 -42.4 9.48974
      vertex -14.4904 -42.4 9.3904
    endloop
  endfacet
  facet normal -0.963754 0 0.266793
    outer loop
      vertex -14.4629 -42.4 9.48974
      vertex -14.4904 -49.4 9.3904
      vertex -14.4629 -49.4 9.48974
    endloop
  endfacet
  facet normal -0.845041 0 0.534701
    outer loop
      vertex -14.7539 -49.4 8.8333
      vertex -14.6988 -42.4 8.92038
      vertex -14.7539 -42.4 8.8333
    endloop
  endfacet
  facet normal -0.845041 0 0.534701
    outer loop
      vertex -14.6988 -42.4 8.92038
      vertex -14.7539 -49.4 8.8333
      vertex -14.6988 -49.4 8.92038
    endloop
  endfacet
  facet normal -0.788421 0 0.615136
    outer loop
      vertex -14.8767 -49.4 8.66777
      vertex -14.8133 -42.4 8.74903
      vertex -14.8767 -42.4 8.66777
    endloop
  endfacet
  facet normal -0.788421 0 0.615136
    outer loop
      vertex -14.8133 -42.4 8.74903
      vertex -14.8767 -49.4 8.66777
      vertex -14.8133 -49.4 8.74903
    endloop
  endfacet
  facet normal 0.652897 0 0.757446
    outer loop
      vertex -17.9103 -42.4 8.444
      vertex -17.8322 -49.4 8.37668
      vertex -17.8322 -42.4 8.37668
    endloop
  endfacet
  facet normal 0.652897 0 0.757446
    outer loop
      vertex -17.8322 -49.4 8.37668
      vertex -17.9103 -42.4 8.444
      vertex -17.9103 -49.4 8.444
    endloop
  endfacet
  facet normal 0.44993 0 0.893064
    outer loop
      vertex -17.4899 -42.4 8.14797
      vertex -17.3979 -49.4 8.10162
      vertex -17.3979 -42.4 8.10162
    endloop
  endfacet
  facet normal 0.44993 0 0.893064
    outer loop
      vertex -17.3979 -49.4 8.10162
      vertex -17.4899 -42.4 8.14797
      vertex -17.4899 -49.4 8.14797
    endloop
  endfacet
  facet normal -0.0245557 0 0.999698
    outer loop
      vertex -16.5 -42.4 7.9
      vertex -16.397 -49.4 7.90253
      vertex -16.397 -42.4 7.90253
    endloop
  endfacet
  facet normal -0.0245557 0 0.999698
    outer loop
      vertex -16.397 -49.4 7.90253
      vertex -16.5 -42.4 7.9
      vertex -16.5 -49.4 7.9
    endloop
  endfacet
  facet normal 0.963754 -0 0.266793
    outer loop
      vertex -18.5371 -49.4 9.48974
      vertex -18.5096 -42.4 9.3904
      vertex -18.5371 -42.4 9.48974
    endloop
  endfacet
  facet normal 0.963754 0 0.266793
    outer loop
      vertex -18.5096 -42.4 9.3904
      vertex -18.5371 -49.4 9.48974
      vertex -18.5096 -49.4 9.3904
    endloop
  endfacet
  facet normal 0.975876 -0 0.218328
    outer loop
      vertex -18.5596 -49.4 9.59031
      vertex -18.5371 -42.4 9.48974
      vertex -18.5596 -42.4 9.59031
    endloop
  endfacet
  facet normal 0.975876 0 0.218328
    outer loop
      vertex -18.5371 -42.4 9.48974
      vertex -18.5596 -49.4 9.59031
      vertex -18.5371 -49.4 9.48974
    endloop
  endfacet
  facet normal 0.992499 -0 0.122255
    outer loop
      vertex -18.5899 -49.4 9.79416
      vertex -18.5773 -42.4 9.69187
      vertex -18.5899 -42.4 9.79416
    endloop
  endfacet
  facet normal 0.992499 0 0.122255
    outer loop
      vertex -18.5773 -42.4 9.69187
      vertex -18.5899 -49.4 9.79416
      vertex -18.5773 -49.4 9.69187
    endloop
  endfacet
  facet normal 0.98515 -0 0.171693
    outer loop
      vertex -18.5773 -49.4 9.69187
      vertex -18.5596 -42.4 9.59031
      vertex -18.5773 -42.4 9.69187
    endloop
  endfacet
  facet normal 0.98515 0 0.171693
    outer loop
      vertex -18.5596 -42.4 9.59031
      vertex -18.5773 -49.4 9.69187
      vertex -18.5596 -49.4 9.59031
    endloop
  endfacet
  facet normal 0.93297 -0 0.359954
    outer loop
      vertex -18.4772 -49.4 9.29253
      vertex -18.4401 -42.4 9.19637
      vertex -18.4772 -42.4 9.29253
    endloop
  endfacet
  facet normal 0.93297 0 0.359954
    outer loop
      vertex -18.4401 -42.4 9.19637
      vertex -18.4772 -49.4 9.29253
      vertex -18.4401 -49.4 9.19637
    endloop
  endfacet
  facet normal 0.914475 -0 0.404643
    outer loop
      vertex -18.4401 -49.4 9.19637
      vertex -18.3984 -42.4 9.10213
      vertex -18.4401 -42.4 9.19637
    endloop
  endfacet
  facet normal 0.914475 0 0.404643
    outer loop
      vertex -18.3984 -42.4 9.10213
      vertex -18.4401 -49.4 9.19637
      vertex -18.3984 -49.4 9.10213
    endloop
  endfacet
  facet normal -0.219004 0 0.975724
    outer loop
      vertex -16.0903 -42.4 7.94035
      vertex -15.9897 -49.4 7.96293
      vertex -15.9897 -42.4 7.96293
    endloop
  endfacet
  facet normal -0.219004 0 0.975724
    outer loop
      vertex -15.9897 -49.4 7.96293
      vertex -16.0903 -42.4 7.94035
      vertex -16.0903 -49.4 7.94035
    endloop
  endfacet
  facet normal -0.914475 0 0.404643
    outer loop
      vertex -14.6016 -49.4 9.10213
      vertex -14.5599 -42.4 9.19637
      vertex -14.6016 -42.4 9.10213
    endloop
  endfacet
  facet normal -0.914475 0 0.404643
    outer loop
      vertex -14.5599 -42.4 9.19637
      vertex -14.6016 -49.4 9.10213
      vertex -14.5599 -49.4 9.19637
    endloop
  endfacet
  facet normal -0.892987 0 0.450083
    outer loop
      vertex -14.648 -49.4 9.01007
      vertex -14.6016 -42.4 9.10213
      vertex -14.648 -42.4 9.01007
    endloop
  endfacet
  facet normal -0.892987 0 0.450083
    outer loop
      vertex -14.6016 -42.4 9.10213
      vertex -14.648 -49.4 9.01007
      vertex -14.6016 -49.4 9.10213
    endloop
  endfacet
  facet normal -0.615539 0 0.788107
    outer loop
      vertex -15.249 -42.4 8.31326
      vertex -15.1678 -49.4 8.37668
      vertex -15.1678 -42.4 8.37668
    endloop
  endfacet
  facet normal -0.615539 0 0.788107
    outer loop
      vertex -15.1678 -49.4 8.37668
      vertex -15.249 -42.4 8.31326
      vertex -15.249 -49.4 8.31326
    endloop
  endfacet
  facet normal -0.652897 0 0.757446
    outer loop
      vertex -15.1678 -42.4 8.37668
      vertex -15.0897 -49.4 8.444
      vertex -15.0897 -42.4 8.444
    endloop
  endfacet
  facet normal -0.652897 0 0.757446
    outer loop
      vertex -15.0897 -49.4 8.444
      vertex -15.1678 -42.4 8.37668
      vertex -15.1678 -49.4 8.37668
    endloop
  endfacet
  facet normal -0.575674 0 0.81768
    outer loop
      vertex -15.3333 -42.4 8.25391
      vertex -15.249 -49.4 8.31326
      vertex -15.249 -42.4 8.31326
    endloop
  endfacet
  facet normal -0.575674 0 0.81768
    outer loop
      vertex -15.249 -49.4 8.31326
      vertex -15.3333 -42.4 8.25391
      vertex -15.3333 -49.4 8.25391
    endloop
  endfacet
  facet normal -0.492792 0 0.870147
    outer loop
      vertex -15.5101 -42.4 8.14797
      vertex -15.4204 -49.4 8.19877
      vertex -15.4204 -42.4 8.19877
    endloop
  endfacet
  facet normal -0.492792 0 0.870147
    outer loop
      vertex -15.4204 -49.4 8.19877
      vertex -15.5101 -42.4 8.14797
      vertex -15.5101 -49.4 8.14797
    endloop
  endfacet
  facet normal -0.44993 0 0.893064
    outer loop
      vertex -15.6021 -42.4 8.10162
      vertex -15.5101 -49.4 8.14797
      vertex -15.5101 -42.4 8.14797
    endloop
  endfacet
  facet normal -0.44993 0 0.893064
    outer loop
      vertex -15.5101 -49.4 8.14797
      vertex -15.6021 -42.4 8.10162
      vertex -15.6021 -49.4 8.10162
    endloop
  endfacet
  facet normal -0.724115 0 0.689679
    outer loop
      vertex -15.0151 -49.4 8.51508
      vertex -14.944 -42.4 8.58973
      vertex -15.0151 -42.4 8.51508
    endloop
  endfacet
  facet normal -0.724115 0 0.689679
    outer loop
      vertex -14.944 -42.4 8.58973
      vertex -15.0151 -49.4 8.51508
      vertex -14.944 -49.4 8.58973
    endloop
  endfacet
  facet normal -0.817355 0 0.576135
    outer loop
      vertex -14.8133 -49.4 8.74903
      vertex -14.7539 -42.4 8.8333
      vertex -14.8133 -42.4 8.74903
    endloop
  endfacet
  facet normal -0.817355 0 0.576135
    outer loop
      vertex -14.7539 -42.4 8.8333
      vertex -14.8133 -49.4 8.74903
      vertex -14.7539 -49.4 8.8333
    endloop
  endfacet
  facet normal 0.360065 0 0.932927
    outer loop
      vertex -17.3036 -42.4 8.05985
      vertex -17.2075 -49.4 8.02276
      vertex -17.2075 -42.4 8.02276
    endloop
  endfacet
  facet normal 0.360065 0 0.932927
    outer loop
      vertex -17.2075 -49.4 8.02276
      vertex -17.3036 -42.4 8.05985
      vertex -17.3036 -49.4 8.05985
    endloop
  endfacet
  facet normal 0.313579 0 0.949562
    outer loop
      vertex -17.2075 -42.4 8.02276
      vertex -17.1096 -49.4 7.99043
      vertex -17.1096 -42.4 7.99043
    endloop
  endfacet
  facet normal 0.313579 0 0.949562
    outer loop
      vertex -17.1096 -49.4 7.99043
      vertex -17.2075 -42.4 8.02276
      vertex -17.2075 -49.4 8.02276
    endloop
  endfacet
  facet normal 0.615539 0 0.788107
    outer loop
      vertex -17.8322 -42.4 8.37668
      vertex -17.751 -49.4 8.31326
      vertex -17.751 -42.4 8.31326
    endloop
  endfacet
  facet normal 0.615539 0 0.788107
    outer loop
      vertex -17.751 -49.4 8.31326
      vertex -17.8322 -42.4 8.37668
      vertex -17.8322 -49.4 8.37668
    endloop
  endfacet
  facet normal 0.534891 0 0.844921
    outer loop
      vertex -17.6667 -42.4 8.25391
      vertex -17.5796 -49.4 8.19877
      vertex -17.5796 -42.4 8.19877
    endloop
  endfacet
  facet normal 0.534891 0 0.844921
    outer loop
      vertex -17.5796 -49.4 8.19877
      vertex -17.6667 -42.4 8.25391
      vertex -17.6667 -49.4 8.25391
    endloop
  endfacet
  facet normal 0.575674 0 0.81768
    outer loop
      vertex -17.751 -42.4 8.31326
      vertex -17.6667 -49.4 8.25391
      vertex -17.6667 -42.4 8.25391
    endloop
  endfacet
  facet normal 0.575674 0 0.81768
    outer loop
      vertex -17.6667 -49.4 8.25391
      vertex -17.751 -42.4 8.31326
      vertex -17.751 -49.4 8.31326
    endloop
  endfacet
  facet normal 0.266893 0 0.963726
    outer loop
      vertex -17.1096 -42.4 7.99043
      vertex -17.0103 -49.4 7.96293
      vertex -17.0103 -42.4 7.96293
    endloop
  endfacet
  facet normal 0.266893 0 0.963726
    outer loop
      vertex -17.0103 -49.4 7.96293
      vertex -17.1096 -42.4 7.99043
      vertex -17.1096 -49.4 7.99043
    endloop
  endfacet
  facet normal 0.122435 0 0.992477
    outer loop
      vertex -16.8081 -42.4 7.92273
      vertex -16.7058 -49.4 7.91011
      vertex -16.7058 -42.4 7.91011
    endloop
  endfacet
  facet normal 0.122435 0 0.992477
    outer loop
      vertex -16.7058 -49.4 7.91011
      vertex -16.8081 -42.4 7.92273
      vertex -16.8081 -49.4 7.92273
    endloop
  endfacet
  facet normal 0.219004 0 0.975724
    outer loop
      vertex -17.0103 -42.4 7.96293
      vertex -16.9097 -49.4 7.94035
      vertex -16.9097 -42.4 7.94035
    endloop
  endfacet
  facet normal 0.219004 0 0.975724
    outer loop
      vertex -16.9097 -49.4 7.94035
      vertex -17.0103 -42.4 7.96293
      vertex -17.0103 -49.4 7.96293
    endloop
  endfacet
  facet normal 0.845041 -0 0.534701
    outer loop
      vertex -18.3012 -49.4 8.92038
      vertex -18.2461 -42.4 8.8333
      vertex -18.3012 -42.4 8.92038
    endloop
  endfacet
  facet normal 0.845041 0 0.534701
    outer loop
      vertex -18.2461 -42.4 8.8333
      vertex -18.3012 -49.4 8.92038
      vertex -18.2461 -49.4 8.8333
    endloop
  endfacet
  facet normal 0.870123 -0 0.492834
    outer loop
      vertex -18.352 -49.4 9.01007
      vertex -18.3012 -42.4 8.92038
      vertex -18.352 -42.4 9.01007
    endloop
  endfacet
  facet normal 0.870123 0 0.492834
    outer loop
      vertex -18.3012 -42.4 8.92038
      vertex -18.352 -49.4 9.01007
      vertex -18.3012 -49.4 8.92038
    endloop
  endfacet
  facet normal 0.892987 -0 0.450083
    outer loop
      vertex -18.3984 -49.4 9.10213
      vertex -18.352 -42.4 9.01007
      vertex -18.3984 -42.4 9.10213
    endloop
  endfacet
  facet normal 0.892987 0 0.450083
    outer loop
      vertex -18.352 -42.4 9.01007
      vertex -18.3984 -49.4 9.10213
      vertex -18.352 -49.4 9.01007
    endloop
  endfacet
  facet normal 0.817355 -0 0.576135
    outer loop
      vertex -18.2461 -49.4 8.8333
      vertex -18.1867 -42.4 8.74903
      vertex -18.2461 -42.4 8.8333
    endloop
  endfacet
  facet normal 0.817355 0 0.576135
    outer loop
      vertex -18.1867 -42.4 8.74903
      vertex -18.2461 -49.4 8.8333
      vertex -18.1867 -49.4 8.74903
    endloop
  endfacet
  facet normal 0 -1 0
    outer loop
      vertex -16.603 -42.4 12.0975
      vertex -16.397 -42.4 12.0975
      vertex -16.5 -42.4 12.1
    endloop
  endfacet
  facet normal 0 -1 0
    outer loop
      vertex -16.7058 -42.4 12.0899
      vertex -16.397 -42.4 12.0975
      vertex -16.603 -42.4 12.0975
    endloop
  endfacet
  facet normal 0 -1 0
    outer loop
      vertex -16.7058 -42.4 12.0899
      vertex -16.2942 -42.4 12.0899
      vertex -16.397 -42.4 12.0975
    endloop
  endfacet
  facet normal 0 -1 0
    outer loop
      vertex -16.8081 -42.4 12.0773
      vertex -16.2942 -42.4 12.0899
      vertex -16.7058 -42.4 12.0899
    endloop
  endfacet
  facet normal 0 -1 0
    outer loop
      vertex -16.8081 -42.4 12.0773
      vertex -16.1919 -42.4 12.0773
      vertex -16.2942 -42.4 12.0899
    endloop
  endfacet
  facet normal 0 -1 0
    outer loop
      vertex -16.9097 -42.4 12.0596
      vertex -16.1919 -42.4 12.0773
      vertex -16.8081 -42.4 12.0773
    endloop
  endfacet
  facet normal 0 -1 0
    outer loop
      vertex -16.9097 -42.4 12.0596
      vertex -16.0903 -42.4 12.0596
      vertex -16.1919 -42.4 12.0773
    endloop
  endfacet
  facet normal 0 -1 0
    outer loop
      vertex -17.0103 -42.4 12.0371
      vertex -16.0903 -42.4 12.0596
      vertex -16.9097 -42.4 12.0596
    endloop
  endfacet
  facet normal 0 -1 0
    outer loop
      vertex -17.0103 -42.4 12.0371
      vertex -15.9897 -42.4 12.0371
      vertex -16.0903 -42.4 12.0596
    endloop
  endfacet
  facet normal 0 -1 0
    outer loop
      vertex -17.1096 -42.4 12.0096
      vertex -15.9897 -42.4 12.0371
      vertex -17.0103 -42.4 12.0371
    endloop
  endfacet
  facet normal 0 -1 0
    outer loop
      vertex -17.1096 -42.4 12.0096
      vertex -15.8904 -42.4 12.0096
      vertex -15.9897 -42.4 12.0371
    endloop
  endfacet
  facet normal 0 -1 0
    outer loop
      vertex -17.2075 -42.4 11.9772
      vertex -15.8904 -42.4 12.0096
      vertex -17.1096 -42.4 12.0096
    endloop
  endfacet
  facet normal 0 -1 0
    outer loop
      vertex -17.2075 -42.4 11.9772
      vertex -15.7925 -42.4 11.9772
      vertex -15.8904 -42.4 12.0096
    endloop
  endfacet
  facet normal 0 -1 0
    outer loop
      vertex -17.3036 -42.4 11.9401
      vertex -15.7925 -42.4 11.9772
      vertex -17.2075 -42.4 11.9772
    endloop
  endfacet
  facet normal 0 -1 0
    outer loop
      vertex -17.3036 -42.4 11.9401
      vertex -15.6964 -42.4 11.9401
      vertex -15.7925 -42.4 11.9772
    endloop
  endfacet
  facet normal 0 -1 0
    outer loop
      vertex -17.3979 -42.4 11.8984
      vertex -15.6964 -42.4 11.9401
      vertex -17.3036 -42.4 11.9401
    endloop
  endfacet
  facet normal 0 -1 0
    outer loop
      vertex -17.3979 -42.4 11.8984
      vertex -15.6021 -42.4 11.8984
      vertex -15.6964 -42.4 11.9401
    endloop
  endfacet
  facet normal 0 -1 0
    outer loop
      vertex -17.4899 -42.4 11.852
      vertex -15.6021 -42.4 11.8984
      vertex -17.3979 -42.4 11.8984
    endloop
  endfacet
  facet normal 0 -1 0
    outer loop
      vertex -17.4899 -42.4 11.852
      vertex -15.5101 -42.4 11.852
      vertex -15.6021 -42.4 11.8984
    endloop
  endfacet
  facet normal 0 -1 0
    outer loop
      vertex -17.5796 -42.4 11.8012
      vertex -15.5101 -42.4 11.852
      vertex -17.4899 -42.4 11.852
    endloop
  endfacet
  facet normal 0 -1 0
    outer loop
      vertex -17.5796 -42.4 11.8012
      vertex -15.4204 -42.4 11.8012
      vertex -15.5101 -42.4 11.852
    endloop
  endfacet
  facet normal 0 -1 0
    outer loop
      vertex -17.6667 -42.4 11.7461
      vertex -15.4204 -42.4 11.8012
      vertex -17.5796 -42.4 11.8012
    endloop
  endfacet
  facet normal 0 -1 0
    outer loop
      vertex -17.6667 -42.4 11.7461
      vertex -15.3333 -42.4 11.7461
      vertex -15.4204 -42.4 11.8012
    endloop
  endfacet
  facet normal 0 -1 0
    outer loop
      vertex -17.751 -42.4 11.6867
      vertex -15.3333 -42.4 11.7461
      vertex -17.6667 -42.4 11.7461
    endloop
  endfacet
  facet normal 0 -1 0
    outer loop
      vertex -17.751 -42.4 11.6867
      vertex -15.249 -42.4 11.6867
      vertex -15.3333 -42.4 11.7461
    endloop
  endfacet
  facet normal 0 -1 0
    outer loop
      vertex -17.8322 -42.4 11.6233
      vertex -15.249 -42.4 11.6867
      vertex -17.751 -42.4 11.6867
    endloop
  endfacet
  facet normal 0 -1 0
    outer loop
      vertex -17.8322 -42.4 11.6233
      vertex -15.1678 -42.4 11.6233
      vertex -15.249 -42.4 11.6867
    endloop
  endfacet
  facet normal 0 -1 0
    outer loop
      vertex -17.9103 -42.4 11.556
      vertex -15.1678 -42.4 11.6233
      vertex -17.8322 -42.4 11.6233
    endloop
  endfacet
  facet normal 0 -1 0
    outer loop
      vertex -17.9103 -42.4 11.556
      vertex -15.0897 -42.4 11.556
      vertex -15.1678 -42.4 11.6233
    endloop
  endfacet
  facet normal 0 -1 0
    outer loop
      vertex -17.9849 -42.4 11.4849
      vertex -15.0897 -42.4 11.556
      vertex -17.9103 -42.4 11.556
    endloop
  endfacet
  facet normal 0 -1 0
    outer loop
      vertex -17.9849 -42.4 11.4849
      vertex -15.0151 -42.4 11.4849
      vertex -15.0897 -42.4 11.556
    endloop
  endfacet
  facet normal 0 -1 0
    outer loop
      vertex -18.056 -42.4 11.4103
      vertex -15.0151 -42.4 11.4849
      vertex -17.9849 -42.4 11.4849
    endloop
  endfacet
  facet normal 0 -1 0
    outer loop
      vertex -18.056 -42.4 11.4103
      vertex -14.944 -42.4 11.4103
      vertex -15.0151 -42.4 11.4849
    endloop
  endfacet
  facet normal 0 -1 0
    outer loop
      vertex -18.1233 -42.4 11.3322
      vertex -14.944 -42.4 11.4103
      vertex -18.056 -42.4 11.4103
    endloop
  endfacet
  facet normal 0 -1 0
    outer loop
      vertex -18.1233 -42.4 11.3322
      vertex -14.8767 -42.4 11.3322
      vertex -14.944 -42.4 11.4103
    endloop
  endfacet
  facet normal 0 -1 0
    outer loop
      vertex -18.1867 -42.4 11.251
      vertex -14.8767 -42.4 11.3322
      vertex -18.1233 -42.4 11.3322
    endloop
  endfacet
  facet normal 0 -1 0
    outer loop
      vertex -18.1867 -42.4 11.251
      vertex -14.8133 -42.4 11.251
      vertex -14.8767 -42.4 11.3322
    endloop
  endfacet
  facet normal 0 -1 0
    outer loop
      vertex -18.2461 -42.4 11.1667
      vertex -14.8133 -42.4 11.251
      vertex -18.1867 -42.4 11.251
    endloop
  endfacet
  facet normal 0 -1 0
    outer loop
      vertex -18.2461 -42.4 11.1667
      vertex -14.7539 -42.4 11.1667
      vertex -14.8133 -42.4 11.251
    endloop
  endfacet
  facet normal 0 -1 0
    outer loop
      vertex -18.3012 -42.4 11.0796
      vertex -14.7539 -42.4 11.1667
      vertex -18.2461 -42.4 11.1667
    endloop
  endfacet
  facet normal 0 -1 0
    outer loop
      vertex -18.3012 -42.4 11.0796
      vertex -14.6988 -42.4 11.0796
      vertex -14.7539 -42.4 11.1667
    endloop
  endfacet
  facet normal 0 -1 0
    outer loop
      vertex -18.352 -42.4 10.9899
      vertex -14.6988 -42.4 11.0796
      vertex -18.3012 -42.4 11.0796
    endloop
  endfacet
  facet normal 0 -1 0
    outer loop
      vertex -18.352 -42.4 10.9899
      vertex -14.648 -42.4 10.9899
      vertex -14.6988 -42.4 11.0796
    endloop
  endfacet
  facet normal 0 -1 0
    outer loop
      vertex -18.3984 -42.4 10.8979
      vertex -14.648 -42.4 10.9899
      vertex -18.352 -42.4 10.9899
    endloop
  endfacet
  facet normal 0 -1 0
    outer loop
      vertex -18.3984 -42.4 10.8979
      vertex -14.6016 -42.4 10.8979
      vertex -14.648 -42.4 10.9899
    endloop
  endfacet
  facet normal 0 -1 0
    outer loop
      vertex -18.4401 -42.4 10.8036
      vertex -14.6016 -42.4 10.8979
      vertex -18.3984 -42.4 10.8979
    endloop
  endfacet
  facet normal 0 -1 0
    outer loop
      vertex -18.4401 -42.4 10.8036
      vertex -14.5599 -42.4 10.8036
      vertex -14.6016 -42.4 10.8979
    endloop
  endfacet
  facet normal 0 -1 0
    outer loop
      vertex -18.4772 -42.4 10.7075
      vertex -14.5599 -42.4 10.8036
      vertex -18.4401 -42.4 10.8036
    endloop
  endfacet
  facet normal 0 -1 0
    outer loop
      vertex -18.4772 -42.4 10.7075
      vertex -14.5228 -42.4 10.7075
      vertex -14.5599 -42.4 10.8036
    endloop
  endfacet
  facet normal 0 -1 0
    outer loop
      vertex -18.5096 -42.4 10.6096
      vertex -14.5228 -42.4 10.7075
      vertex -18.4772 -42.4 10.7075
    endloop
  endfacet
  facet normal 0 -1 0
    outer loop
      vertex -18.5096 -42.4 10.6096
      vertex -14.4904 -42.4 10.6096
      vertex -14.5228 -42.4 10.7075
    endloop
  endfacet
  facet normal 0 -1 0
    outer loop
      vertex -18.5371 -42.4 10.5103
      vertex -14.4904 -42.4 10.6096
      vertex -18.5096 -42.4 10.6096
    endloop
  endfacet
  facet normal 0 -1 0
    outer loop
      vertex -18.5371 -42.4 10.5103
      vertex -14.4629 -42.4 10.5103
      vertex -14.4904 -42.4 10.6096
    endloop
  endfacet
  facet normal 0 -1 0
    outer loop
      vertex -18.5596 -42.4 10.4097
      vertex -14.4629 -42.4 10.5103
      vertex -18.5371 -42.4 10.5103
    endloop
  endfacet
  facet normal 0 -1 0
    outer loop
      vertex -18.5596 -42.4 10.4097
      vertex -14.4404 -42.4 10.4097
      vertex -14.4629 -42.4 10.5103
    endloop
  endfacet
  facet normal 0 -1 0
    outer loop
      vertex -18.5773 -42.4 10.3081
      vertex -14.4404 -42.4 10.4097
      vertex -18.5596 -42.4 10.4097
    endloop
  endfacet
  facet normal 0 -1 0
    outer loop
      vertex -18.5773 -42.4 10.3081
      vertex -14.4227 -42.4 10.3081
      vertex -14.4404 -42.4 10.4097
    endloop
  endfacet
  facet normal 0 -1 0
    outer loop
      vertex -18.5899 -42.4 10.2058
      vertex -14.4227 -42.4 10.3081
      vertex -18.5773 -42.4 10.3081
    endloop
  endfacet
  facet normal 0 -1 0
    outer loop
      vertex -18.5899 -42.4 10.2058
      vertex -14.4101 -42.4 10.2058
      vertex -14.4227 -42.4 10.3081
    endloop
  endfacet
  facet normal 0 -1 0
    outer loop
      vertex -18.5975 -42.4 10.103
      vertex -14.4101 -42.4 10.2058
      vertex -18.5899 -42.4 10.2058
    endloop
  endfacet
  facet normal 0 -1 0
    outer loop
      vertex -18.5975 -42.4 10.103
      vertex -14.4025 -42.4 10.103
      vertex -14.4101 -42.4 10.2058
    endloop
  endfacet
  facet normal 0 -1 0
    outer loop
      vertex -18.6 -42.4 10
      vertex -14.4025 -42.4 10.103
      vertex -18.5975 -42.4 10.103
    endloop
  endfacet
  facet normal 0 -1 0
    outer loop
      vertex -18.6 -42.4 10
      vertex -14.4 -42.4 10
      vertex -14.4025 -42.4 10.103
    endloop
  endfacet
  facet normal 0 -1 0
    outer loop
      vertex -18.5975 -42.4 9.89696
      vertex -14.4 -42.4 10
      vertex -18.6 -42.4 10
    endloop
  endfacet
  facet normal 0 -1 0
    outer loop
      vertex -18.5975 -42.4 9.89696
      vertex -14.4025 -42.4 9.89696
      vertex -14.4 -42.4 10
    endloop
  endfacet
  facet normal 0 -1 0
    outer loop
      vertex -18.5899 -42.4 9.79416
      vertex -14.4025 -42.4 9.89696
      vertex -18.5975 -42.4 9.89696
    endloop
  endfacet
  facet normal 0 -1 0
    outer loop
      vertex -18.5899 -42.4 9.79416
      vertex -14.4101 -42.4 9.79416
      vertex -14.4025 -42.4 9.89696
    endloop
  endfacet
  facet normal 0 -1 0
    outer loop
      vertex -18.5773 -42.4 9.69187
      vertex -14.4101 -42.4 9.79416
      vertex -18.5899 -42.4 9.79416
    endloop
  endfacet
  facet normal 0 -1 0
    outer loop
      vertex -18.5773 -42.4 9.69187
      vertex -14.4227 -42.4 9.69187
      vertex -14.4101 -42.4 9.79416
    endloop
  endfacet
  facet normal 0 -1 0
    outer loop
      vertex -18.5596 -42.4 9.59031
      vertex -14.4227 -42.4 9.69187
      vertex -18.5773 -42.4 9.69187
    endloop
  endfacet
  facet normal 0 -1 0
    outer loop
      vertex -18.5596 -42.4 9.59031
      vertex -14.4404 -42.4 9.59031
      vertex -14.4227 -42.4 9.69187
    endloop
  endfacet
  facet normal 0 -1 0
    outer loop
      vertex -18.5371 -42.4 9.48974
      vertex -14.4404 -42.4 9.59031
      vertex -18.5596 -42.4 9.59031
    endloop
  endfacet
  facet normal 0 -1 0
    outer loop
      vertex -18.5371 -42.4 9.48974
      vertex -14.4629 -42.4 9.48974
      vertex -14.4404 -42.4 9.59031
    endloop
  endfacet
  facet normal 0 -1 0
    outer loop
      vertex -18.5096 -42.4 9.3904
      vertex -14.4629 -42.4 9.48974
      vertex -18.5371 -42.4 9.48974
    endloop
  endfacet
  facet normal 0 -1 0
    outer loop
      vertex -18.5096 -42.4 9.3904
      vertex -14.4904 -42.4 9.3904
      vertex -14.4629 -42.4 9.48974
    endloop
  endfacet
  facet normal 0 -1 0
    outer loop
      vertex -18.4772 -42.4 9.29253
      vertex -14.4904 -42.4 9.3904
      vertex -18.5096 -42.4 9.3904
    endloop
  endfacet
  facet normal 0 -1 0
    outer loop
      vertex -18.4772 -42.4 9.29253
      vertex -14.5228 -42.4 9.29253
      vertex -14.4904 -42.4 9.3904
    endloop
  endfacet
  facet normal 0 -1 0
    outer loop
      vertex -18.4401 -42.4 9.19637
      vertex -14.5228 -42.4 9.29253
      vertex -18.4772 -42.4 9.29253
    endloop
  endfacet
  facet normal 0 -1 0
    outer loop
      vertex -18.4401 -42.4 9.19637
      vertex -14.5599 -42.4 9.19637
      vertex -14.5228 -42.4 9.29253
    endloop
  endfacet
  facet normal 0 -1 0
    outer loop
      vertex -18.3984 -42.4 9.10213
      vertex -14.5599 -42.4 9.19637
      vertex -18.4401 -42.4 9.19637
    endloop
  endfacet
  facet normal 0 -1 0
    outer loop
      vertex -18.3984 -42.4 9.10213
      vertex -14.6016 -42.4 9.10213
      vertex -14.5599 -42.4 9.19637
    endloop
  endfacet
  facet normal 0 -1 0
    outer loop
      vertex -18.352 -42.4 9.01007
      vertex -14.6016 -42.4 9.10213
      vertex -18.3984 -42.4 9.10213
    endloop
  endfacet
  facet normal 0 -1 0
    outer loop
      vertex -18.352 -42.4 9.01007
      vertex -14.648 -42.4 9.01007
      vertex -14.6016 -42.4 9.10213
    endloop
  endfacet
  facet normal 0 -1 0
    outer loop
      vertex -18.3012 -42.4 8.92038
      vertex -14.648 -42.4 9.01007
      vertex -18.352 -42.4 9.01007
    endloop
  endfacet
  facet normal 0 -1 0
    outer loop
      vertex -18.3012 -42.4 8.92038
      vertex -14.6988 -42.4 8.92038
      vertex -14.648 -42.4 9.01007
    endloop
  endfacet
  facet normal 0 -1 0
    outer loop
      vertex -18.2461 -42.4 8.8333
      vertex -14.6988 -42.4 8.92038
      vertex -18.3012 -42.4 8.92038
    endloop
  endfacet
  facet normal 0 -1 0
    outer loop
      vertex -18.2461 -42.4 8.8333
      vertex -14.7539 -42.4 8.8333
      vertex -14.6988 -42.4 8.92038
    endloop
  endfacet
  facet normal 0 -1 0
    outer loop
      vertex -18.1867 -42.4 8.74903
      vertex -14.7539 -42.4 8.8333
      vertex -18.2461 -42.4 8.8333
    endloop
  endfacet
  facet normal 0 -1 0
    outer loop
      vertex -18.1867 -42.4 8.74903
      vertex -14.8133 -42.4 8.74903
      vertex -14.7539 -42.4 8.8333
    endloop
  endfacet
  facet normal 0 -1 0
    outer loop
      vertex -18.1233 -42.4 8.66777
      vertex -14.8133 -42.4 8.74903
      vertex -18.1867 -42.4 8.74903
    endloop
  endfacet
  facet normal 0 -1 0
    outer loop
      vertex -18.1233 -42.4 8.66777
      vertex -14.8767 -42.4 8.66777
      vertex -14.8133 -42.4 8.74903
    endloop
  endfacet
  facet normal 0 -1 0
    outer loop
      vertex -18.056 -42.4 8.58973
      vertex -14.8767 -42.4 8.66777
      vertex -18.1233 -42.4 8.66777
    endloop
  endfacet
  facet normal 0 -1 0
    outer loop
      vertex -18.056 -42.4 8.58973
      vertex -14.944 -42.4 8.58973
      vertex -14.8767 -42.4 8.66777
    endloop
  endfacet
  facet normal 0 -1 0
    outer loop
      vertex -17.9849 -42.4 8.51508
      vertex -14.944 -42.4 8.58973
      vertex -18.056 -42.4 8.58973
    endloop
  endfacet
  facet normal 0 -1 0
    outer loop
      vertex -17.9849 -42.4 8.51508
      vertex -15.0151 -42.4 8.51508
      vertex -14.944 -42.4 8.58973
    endloop
  endfacet
  facet normal 0 -1 0
    outer loop
      vertex -17.9103 -42.4 8.444
      vertex -15.0151 -42.4 8.51508
      vertex -17.9849 -42.4 8.51508
    endloop
  endfacet
  facet normal 0 -1 0
    outer loop
      vertex -17.9103 -42.4 8.444
      vertex -15.0897 -42.4 8.444
      vertex -15.0151 -42.4 8.51508
    endloop
  endfacet
  facet normal 0 -1 0
    outer loop
      vertex -17.8322 -42.4 8.37668
      vertex -15.0897 -42.4 8.444
      vertex -17.9103 -42.4 8.444
    endloop
  endfacet
  facet normal 0 -1 0
    outer loop
      vertex -17.8322 -42.4 8.37668
      vertex -15.1678 -42.4 8.37668
      vertex -15.0897 -42.4 8.444
    endloop
  endfacet
  facet normal 0 -1 0
    outer loop
      vertex -17.751 -42.4 8.31326
      vertex -15.1678 -42.4 8.37668
      vertex -17.8322 -42.4 8.37668
    endloop
  endfacet
  facet normal 0 -1 0
    outer loop
      vertex -17.751 -42.4 8.31326
      vertex -15.249 -42.4 8.31326
      vertex -15.1678 -42.4 8.37668
    endloop
  endfacet
  facet normal 0 -1 0
    outer loop
      vertex -17.6667 -42.4 8.25391
      vertex -15.249 -42.4 8.31326
      vertex -17.751 -42.4 8.31326
    endloop
  endfacet
  facet normal 0 -1 0
    outer loop
      vertex -17.6667 -42.4 8.25391
      vertex -15.3333 -42.4 8.25391
      vertex -15.249 -42.4 8.31326
    endloop
  endfacet
  facet normal 0 -1 0
    outer loop
      vertex -17.5796 -42.4 8.19877
      vertex -15.3333 -42.4 8.25391
      vertex -17.6667 -42.4 8.25391
    endloop
  endfacet
  facet normal 0 -1 0
    outer loop
      vertex -17.5796 -42.4 8.19877
      vertex -15.4204 -42.4 8.19877
      vertex -15.3333 -42.4 8.25391
    endloop
  endfacet
  facet normal 0 -1 0
    outer loop
      vertex -17.4899 -42.4 8.14797
      vertex -15.4204 -42.4 8.19877
      vertex -17.5796 -42.4 8.19877
    endloop
  endfacet
  facet normal 0 -1 0
    outer loop
      vertex -17.4899 -42.4 8.14797
      vertex -15.5101 -42.4 8.14797
      vertex -15.4204 -42.4 8.19877
    endloop
  endfacet
  facet normal 0 -1 0
    outer loop
      vertex -17.3979 -42.4 8.10162
      vertex -15.5101 -42.4 8.14797
      vertex -17.4899 -42.4 8.14797
    endloop
  endfacet
  facet normal 0 -1 0
    outer loop
      vertex -17.3979 -42.4 8.10162
      vertex -15.6021 -42.4 8.10162
      vertex -15.5101 -42.4 8.14797
    endloop
  endfacet
  facet normal 0 -1 0
    outer loop
      vertex -17.3036 -42.4 8.05985
      vertex -15.6021 -42.4 8.10162
      vertex -17.3979 -42.4 8.10162
    endloop
  endfacet
  facet normal 0 -1 0
    outer loop
      vertex -17.3036 -42.4 8.05985
      vertex -15.6964 -42.4 8.05985
      vertex -15.6021 -42.4 8.10162
    endloop
  endfacet
  facet normal 0 -1 0
    outer loop
      vertex -17.2075 -42.4 8.02276
      vertex -15.6964 -42.4 8.05985
      vertex -17.3036 -42.4 8.05985
    endloop
  endfacet
  facet normal 0 -1 0
    outer loop
      vertex -17.2075 -42.4 8.02276
      vertex -15.7925 -42.4 8.02276
      vertex -15.6964 -42.4 8.05985
    endloop
  endfacet
  facet normal 0 -1 0
    outer loop
      vertex -17.1096 -42.4 7.99043
      vertex -15.7925 -42.4 8.02276
      vertex -17.2075 -42.4 8.02276
    endloop
  endfacet
  facet normal 0 -1 0
    outer loop
      vertex -17.1096 -42.4 7.99043
      vertex -15.8904 -42.4 7.99043
      vertex -15.7925 -42.4 8.02276
    endloop
  endfacet
  facet normal 0 -1 0
    outer loop
      vertex -17.0103 -42.4 7.96293
      vertex -15.8904 -42.4 7.99043
      vertex -17.1096 -42.4 7.99043
    endloop
  endfacet
  facet normal 0 -1 0
    outer loop
      vertex -17.0103 -42.4 7.96293
      vertex -15.9897 -42.4 7.96293
      vertex -15.8904 -42.4 7.99043
    endloop
  endfacet
  facet normal 0 -1 0
    outer loop
      vertex -16.9097 -42.4 7.94035
      vertex -15.9897 -42.4 7.96293
      vertex -17.0103 -42.4 7.96293
    endloop
  endfacet
  facet normal 0 -1 0
    outer loop
      vertex -16.9097 -42.4 7.94035
      vertex -16.0903 -42.4 7.94035
      vertex -15.9897 -42.4 7.96293
    endloop
  endfacet
  facet normal 0 -1 0
    outer loop
      vertex -16.8081 -42.4 7.92273
      vertex -16.0903 -42.4 7.94035
      vertex -16.9097 -42.4 7.94035
    endloop
  endfacet
  facet normal 0 -1 0
    outer loop
      vertex -16.8081 -42.4 7.92273
      vertex -16.1919 -42.4 7.92273
      vertex -16.0903 -42.4 7.94035
    endloop
  endfacet
  facet normal 0 -1 0
    outer loop
      vertex -16.7058 -42.4 7.91011
      vertex -16.1919 -42.4 7.92273
      vertex -16.8081 -42.4 7.92273
    endloop
  endfacet
  facet normal 0 -1 0
    outer loop
      vertex -16.7058 -42.4 7.91011
      vertex -16.2942 -42.4 7.91011
      vertex -16.1919 -42.4 7.92273
    endloop
  endfacet
  facet normal 0 -1 0
    outer loop
      vertex -16.603 -42.4 7.90253
      vertex -16.2942 -42.4 7.91011
      vertex -16.7058 -42.4 7.91011
    endloop
  endfacet
  facet normal 0 -1 0
    outer loop
      vertex -16.603 -42.4 7.90253
      vertex -16.397 -42.4 7.90253
      vertex -16.2942 -42.4 7.91011
    endloop
  endfacet
  facet normal -0 -1 0
    outer loop
      vertex -16.397 -42.4 7.90253
      vertex -16.603 -42.4 7.90253
      vertex -16.5 -42.4 7.9
    endloop
  endfacet
  facet normal 0.997278 -0 0.0737287
    outer loop
      vertex -18.5975 -49.4 9.89696
      vertex -18.5899 -42.4 9.79416
      vertex -18.5975 -42.4 9.89696
    endloop
  endfacet
  facet normal 0.997278 0 0.0737287
    outer loop
      vertex -18.5899 -42.4 9.79416
      vertex -18.5975 -49.4 9.89696
      vertex -18.5899 -49.4 9.79416
    endloop
  endfacet
  facet normal 0.404996 0 0.914319
    outer loop
      vertex -17.3979 -42.4 8.10162
      vertex -17.3036 -49.4 8.05985
      vertex -17.3036 -42.4 8.05985
    endloop
  endfacet
  facet normal 0.404996 0 0.914319
    outer loop
      vertex -17.3036 -49.4 8.05985
      vertex -17.3979 -42.4 8.10162
      vertex -17.3979 -49.4 8.10162
    endloop
  endfacet
  facet normal 0.0735358 0 0.997293
    outer loop
      vertex -16.7058 -42.4 7.91011
      vertex -16.603 -49.4 7.90253
      vertex -16.603 -42.4 7.90253
    endloop
  endfacet
  facet normal 0.0735358 0 0.997293
    outer loop
      vertex -16.603 -49.4 7.90253
      vertex -16.7058 -42.4 7.91011
      vertex -16.7058 -49.4 7.91011
    endloop
  endfacet
  facet normal 0.170875 0 0.985293
    outer loop
      vertex -16.9097 -42.4 7.94035
      vertex -16.8081 -49.4 7.92273
      vertex -16.8081 -42.4 7.92273
    endloop
  endfacet
  facet normal 0.170875 0 0.985293
    outer loop
      vertex -16.8081 -49.4 7.92273
      vertex -16.9097 -42.4 7.94035
      vertex -16.9097 -49.4 7.94035
    endloop
  endfacet
  facet normal 0.724115 -0 0.689679
    outer loop
      vertex -18.056 -49.4 8.58973
      vertex -17.9849 -42.4 8.51508
      vertex -18.056 -42.4 8.58973
    endloop
  endfacet
  facet normal 0.724115 0 0.689679
    outer loop
      vertex -17.9849 -42.4 8.51508
      vertex -18.056 -49.4 8.58973
      vertex -17.9849 -49.4 8.51508
    endloop
  endfacet
  facet normal 0.757294 -0 0.653074
    outer loop
      vertex -18.1233 -49.4 8.66777
      vertex -18.056 -42.4 8.58973
      vertex -18.1233 -42.4 8.66777
    endloop
  endfacet
  facet normal 0.757294 0 0.653074
    outer loop
      vertex -18.056 -42.4 8.58973
      vertex -18.1233 -49.4 8.66777
      vertex -18.056 -49.4 8.58973
    endloop
  endfacet
  facet normal 0.788421 -0 0.615136
    outer loop
      vertex -18.1867 -49.4 8.74903
      vertex -18.1233 -42.4 8.66777
      vertex -18.1867 -42.4 8.74903
    endloop
  endfacet
  facet normal 0.788421 0 0.615136
    outer loop
      vertex -18.1233 -42.4 8.66777
      vertex -18.1867 -49.4 8.74903
      vertex -18.1233 -49.4 8.66777
    endloop
  endfacet
  facet normal 0.68982 0 0.723981
    outer loop
      vertex -17.9849 -42.4 8.51508
      vertex -17.9103 -49.4 8.444
      vertex -17.9103 -42.4 8.444
    endloop
  endfacet
  facet normal 0.68982 0 0.723981
    outer loop
      vertex -17.9103 -49.4 8.444
      vertex -17.9849 -42.4 8.51508
      vertex -17.9849 -49.4 8.51508
    endloop
  endfacet
  facet normal -0.892869 0 -0.450317
    outer loop
      vertex -30.6016 -49.4 10.8979
      vertex -30.648 -42.4 10.9899
      vertex -30.6016 -42.4 10.8979
    endloop
  endfacet
  facet normal -0.892869 -0 -0.450317
    outer loop
      vertex -30.648 -42.4 10.9899
      vertex -30.6016 -49.4 10.8979
      vertex -30.648 -49.4 10.9899
    endloop
  endfacet
  facet normal -0.36015 0 -0.932895
    outer loop
      vertex -31.7925 -49.4 11.9772
      vertex -31.6964 -42.4 11.9401
      vertex -31.6964 -49.4 11.9401
    endloop
  endfacet
  facet normal -0.36015 0 -0.932895
    outer loop
      vertex -31.6964 -42.4 11.9401
      vertex -31.7925 -49.4 11.9772
      vertex -31.7925 -42.4 11.9772
    endloop
  endfacet
  facet normal 0.404428 0 -0.91457
    outer loop
      vertex -33.3979 -49.4 11.8984
      vertex -33.3036 -42.4 11.9401
      vertex -33.3036 -49.4 11.9401
    endloop
  endfacet
  facet normal 0.404428 0 -0.91457
    outer loop
      vertex -33.3036 -42.4 11.9401
      vertex -33.3979 -49.4 11.8984
      vertex -33.3979 -42.4 11.8984
    endloop
  endfacet
  facet normal 0.932895 0 -0.36015
    outer loop
      vertex -34.4401 -49.4 10.8036
      vertex -34.4772 -42.4 10.7075
      vertex -34.4401 -42.4 10.8036
    endloop
  endfacet
  facet normal 0.932895 0 -0.36015
    outer loop
      vertex -34.4772 -42.4 10.7075
      vertex -34.4401 -49.4 10.8036
      vertex -34.4772 -49.4 10.7075
    endloop
  endfacet
  facet normal -0.963726 0 -0.266893
    outer loop
      vertex -30.4629 -49.4 10.5103
      vertex -30.4904 -42.4 10.6096
      vertex -30.4629 -42.4 10.5103
    endloop
  endfacet
  facet normal -0.963726 -0 -0.266893
    outer loop
      vertex -30.4904 -42.4 10.6096
      vertex -30.4629 -49.4 10.5103
      vertex -30.4904 -49.4 10.6096
    endloop
  endfacet
  facet normal -0.534613 0 -0.845097
    outer loop
      vertex -31.4204 -49.4 11.8012
      vertex -31.3333 -42.4 11.7461
      vertex -31.3333 -49.4 11.7461
    endloop
  endfacet
  facet normal -0.534613 0 -0.845097
    outer loop
      vertex -31.3333 -42.4 11.7461
      vertex -31.4204 -49.4 11.8012
      vertex -31.4204 -42.4 11.8012
    endloop
  endfacet
  facet normal 0.757542 0 -0.652786
    outer loop
      vertex -34.056 -49.4 11.4103
      vertex -34.1233 -42.4 11.3322
      vertex -34.056 -42.4 11.4103
    endloop
  endfacet
  facet normal 0.757542 0 -0.652786
    outer loop
      vertex -34.1233 -42.4 11.3322
      vertex -34.056 -49.4 11.4103
      vertex -34.1233 -49.4 11.3322
    endloop
  endfacet
  facet normal 0.218266 0 -0.975889
    outer loop
      vertex -33.0103 -49.4 12.0371
      vertex -32.9097 -42.4 12.0596
      vertex -32.9097 -49.4 12.0596
    endloop
  endfacet
  facet normal 0.218266 0 -0.975889
    outer loop
      vertex -32.9097 -42.4 12.0596
      vertex -33.0103 -49.4 12.0371
      vertex -33.0103 -42.4 12.0371
    endloop
  endfacet
  facet normal -0.122435 0 0.992477
    outer loop
      vertex -32.2942 -42.4 7.91011
      vertex -32.1919 -49.4 7.92273
      vertex -32.1919 -42.4 7.92273
    endloop
  endfacet
  facet normal -0.122435 0 0.992477
    outer loop
      vertex -32.1919 -49.4 7.92273
      vertex -32.2942 -42.4 7.91011
      vertex -32.2942 -49.4 7.91011
    endloop
  endfacet
  facet normal -0.817451 0 -0.575998
    outer loop
      vertex -30.7539 -49.4 11.1667
      vertex -30.8133 -42.4 11.251
      vertex -30.7539 -42.4 11.1667
    endloop
  endfacet
  facet normal -0.817451 -0 -0.575998
    outer loop
      vertex -30.8133 -42.4 11.251
      vertex -30.7539 -49.4 11.1667
      vertex -30.8133 -49.4 11.251
    endloop
  endfacet
  facet normal -0.171628 0 -0.985162
    outer loop
      vertex -32.1919 -49.4 12.0773
      vertex -32.0903 -42.4 12.0596
      vertex -32.0903 -49.4 12.0596
    endloop
  endfacet
  facet normal -0.171628 0 -0.985162
    outer loop
      vertex -32.0903 -42.4 12.0596
      vertex -32.1919 -49.4 12.0773
      vertex -32.1919 -42.4 12.0773
    endloop
  endfacet
  facet normal 0.999706 0 -0.0242647
    outer loop
      vertex -34.5975 -49.4 10.103
      vertex -34.6 -42.4 10
      vertex -34.5975 -42.4 10.103
    endloop
  endfacet
  facet normal 0.999706 0 -0.0242647
    outer loop
      vertex -34.6 -42.4 10
      vertex -34.5975 -49.4 10.103
      vertex -34.6 -49.4 10
    endloop
  endfacet
  facet normal 0.997278 0 -0.0737287
    outer loop
      vertex -34.5899 -49.4 10.2058
      vertex -34.5975 -42.4 10.103
      vertex -34.5899 -42.4 10.2058
    endloop
  endfacet
  facet normal 0.997278 0 -0.0737287
    outer loop
      vertex -34.5975 -42.4 10.103
      vertex -34.5899 -49.4 10.2058
      vertex -34.5975 -49.4 10.103
    endloop
  endfacet
  facet normal 0.985162 0 -0.171628
    outer loop
      vertex -34.5596 -49.4 10.4097
      vertex -34.5773 -42.4 10.3081
      vertex -34.5596 -42.4 10.4097
    endloop
  endfacet
  facet normal 0.985162 0 -0.171628
    outer loop
      vertex -34.5773 -42.4 10.3081
      vertex -34.5596 -49.4 10.4097
      vertex -34.5773 -49.4 10.3081
    endloop
  endfacet
  facet normal 0.845097 0 -0.534613
    outer loop
      vertex -34.2461 -49.4 11.1667
      vertex -34.3012 -42.4 11.0796
      vertex -34.2461 -42.4 11.1667
    endloop
  endfacet
  facet normal 0.845097 0 -0.534613
    outer loop
      vertex -34.3012 -42.4 11.0796
      vertex -34.2461 -49.4 11.1667
      vertex -34.3012 -49.4 11.0796
    endloop
  endfacet
  facet normal 0.575998 0 -0.817451
    outer loop
      vertex -33.751 -49.4 11.6867
      vertex -33.6667 -42.4 11.7461
      vertex -33.6667 -49.4 11.7461
    endloop
  endfacet
  facet normal 0.575998 0 -0.817451
    outer loop
      vertex -33.6667 -42.4 11.7461
      vertex -33.751 -49.4 11.6867
      vertex -33.751 -42.4 11.6867
    endloop
  endfacet
  facet normal 0.492792 0 -0.870147
    outer loop
      vertex -33.5796 -49.4 11.8012
      vertex -33.4899 -42.4 11.852
      vertex -33.4899 -49.4 11.852
    endloop
  endfacet
  facet normal 0.492792 0 -0.870147
    outer loop
      vertex -33.4899 -42.4 11.852
      vertex -33.5796 -49.4 11.8012
      vertex -33.5796 -42.4 11.8012
    endloop
  endfacet
  facet normal -0.949331 0 0.314277
    outer loop
      vertex -30.5228 -49.4 9.29253
      vertex -30.4904 -42.4 9.3904
      vertex -30.5228 -42.4 9.29253
    endloop
  endfacet
  facet normal -0.949331 0 0.314277
    outer loop
      vertex -30.4904 -42.4 9.3904
      vertex -30.5228 -49.4 9.29253
      vertex -30.4904 -49.4 9.3904
    endloop
  endfacet
  facet normal -0.870147 0 -0.492792
    outer loop
      vertex -30.648 -49.4 10.9899
      vertex -30.6988 -42.4 11.0796
      vertex -30.648 -42.4 10.9899
    endloop
  endfacet
  facet normal -0.870147 -0 -0.492792
    outer loop
      vertex -30.6988 -42.4 11.0796
      vertex -30.648 -49.4 10.9899
      vertex -30.6988 -49.4 11.0796
    endloop
  endfacet
  facet normal -0.689922 0 -0.723884
    outer loop
      vertex -31.0897 -49.4 11.556
      vertex -31.0151 -42.4 11.4849
      vertex -31.0151 -49.4 11.4849
    endloop
  endfacet
  facet normal -0.689922 0 -0.723884
    outer loop
      vertex -31.0151 -42.4 11.4849
      vertex -31.0897 -49.4 11.556
      vertex -31.0897 -42.4 11.556
    endloop
  endfacet
  facet normal -0.845097 0 -0.534613
    outer loop
      vertex -30.6988 -49.4 11.0796
      vertex -30.7539 -42.4 11.1667
      vertex -30.6988 -42.4 11.0796
    endloop
  endfacet
  facet normal -0.845097 -0 -0.534613
    outer loop
      vertex -30.7539 -42.4 11.1667
      vertex -30.6988 -49.4 11.0796
      vertex -30.7539 -49.4 11.1667
    endloop
  endfacet
  facet normal -0.788201 0 -0.615418
    outer loop
      vertex -30.8133 -49.4 11.251
      vertex -30.8767 -42.4 11.3322
      vertex -30.8133 -42.4 11.251
    endloop
  endfacet
  facet normal -0.788201 -0 -0.615418
    outer loop
      vertex -30.8767 -42.4 11.3322
      vertex -30.8133 -49.4 11.251
      vertex -30.8767 -49.4 11.3322
    endloop
  endfacet
  facet normal -0.757542 0 -0.652786
    outer loop
      vertex -30.8767 -49.4 11.3322
      vertex -30.944 -42.4 11.4103
      vertex -30.8767 -42.4 11.3322
    endloop
  endfacet
  facet normal -0.757542 -0 -0.652786
    outer loop
      vertex -30.944 -42.4 11.4103
      vertex -30.8767 -49.4 11.3322
      vertex -30.944 -49.4 11.4103
    endloop
  endfacet
  facet normal 0.0242647 0 -0.999706
    outer loop
      vertex -32.603 -49.4 12.0975
      vertex -32.5 -42.4 12.1
      vertex -32.5 -49.4 12.1
    endloop
  endfacet
  facet normal 0.0242647 0 -0.999706
    outer loop
      vertex -32.5 -42.4 12.1
      vertex -32.603 -49.4 12.0975
      vertex -32.603 -42.4 12.0975
    endloop
  endfacet
  facet normal -0.266893 0 -0.963726
    outer loop
      vertex -31.9897 -49.4 12.0371
      vertex -31.8904 -42.4 12.0096
      vertex -31.8904 -49.4 12.0096
    endloop
  endfacet
  facet normal -0.266893 0 -0.963726
    outer loop
      vertex -31.8904 -42.4 12.0096
      vertex -31.9897 -49.4 12.0371
      vertex -31.9897 -42.4 12.0371
    endloop
  endfacet
  facet normal -0.314191 0 -0.94936
    outer loop
      vertex -31.8904 -49.4 12.0096
      vertex -31.7925 -42.4 11.9772
      vertex -31.7925 -49.4 11.9772
    endloop
  endfacet
  facet normal -0.314191 0 -0.94936
    outer loop
      vertex -31.7925 -42.4 11.9772
      vertex -31.8904 -49.4 12.0096
      vertex -31.8904 -42.4 12.0096
    endloop
  endfacet
  facet normal -0.122243 0 -0.9925
    outer loop
      vertex -32.2942 -49.4 12.0899
      vertex -32.1919 -42.4 12.0773
      vertex -32.1919 -49.4 12.0773
    endloop
  endfacet
  facet normal -0.122243 0 -0.9925
    outer loop
      vertex -32.1919 -42.4 12.0773
      vertex -32.2942 -49.4 12.0899
      vertex -32.2942 -42.4 12.0899
    endloop
  endfacet
  facet normal -0.0737287 0 -0.997278
    outer loop
      vertex -32.397 -49.4 12.0975
      vertex -32.2942 -42.4 12.0899
      vertex -32.2942 -49.4 12.0899
    endloop
  endfacet
  facet normal -0.0737287 0 -0.997278
    outer loop
      vertex -32.2942 -42.4 12.0899
      vertex -32.397 -49.4 12.0975
      vertex -32.397 -42.4 12.0975
    endloop
  endfacet
  facet normal -0.218266 0 -0.975889
    outer loop
      vertex -32.0903 -49.4 12.0596
      vertex -31.9897 -42.4 12.0371
      vertex -31.9897 -49.4 12.0371
    endloop
  endfacet
  facet normal -0.218266 0 -0.975889
    outer loop
      vertex -31.9897 -42.4 12.0371
      vertex -32.0903 -49.4 12.0596
      vertex -32.0903 -42.4 12.0596
    endloop
  endfacet
  facet normal -0.450317 0 -0.892869
    outer loop
      vertex -31.6021 -49.4 11.8984
      vertex -31.5101 -42.4 11.852
      vertex -31.5101 -49.4 11.852
    endloop
  endfacet
  facet normal -0.450317 0 -0.892869
    outer loop
      vertex -31.5101 -42.4 11.852
      vertex -31.6021 -49.4 11.8984
      vertex -31.6021 -42.4 11.8984
    endloop
  endfacet
  facet normal -0.492792 0 -0.870147
    outer loop
      vertex -31.5101 -49.4 11.852
      vertex -31.4204 -42.4 11.8012
      vertex -31.4204 -49.4 11.8012
    endloop
  endfacet
  facet normal -0.492792 0 -0.870147
    outer loop
      vertex -31.4204 -42.4 11.8012
      vertex -31.5101 -49.4 11.852
      vertex -31.5101 -42.4 11.852
    endloop
  endfacet
  facet normal -0.404428 0 -0.91457
    outer loop
      vertex -31.6964 -49.4 11.9401
      vertex -31.6021 -42.4 11.8984
      vertex -31.6021 -49.4 11.8984
    endloop
  endfacet
  facet normal -0.404428 0 -0.91457
    outer loop
      vertex -31.6021 -42.4 11.8984
      vertex -31.6964 -49.4 11.9401
      vertex -31.6964 -42.4 11.9401
    endloop
  endfacet
  facet normal -0.652786 0 -0.757542
    outer loop
      vertex -31.1678 -49.4 11.6233
      vertex -31.0897 -42.4 11.556
      vertex -31.0897 -49.4 11.556
    endloop
  endfacet
  facet normal -0.652786 0 -0.757542
    outer loop
      vertex -31.0897 -42.4 11.556
      vertex -31.1678 -49.4 11.6233
      vertex -31.1678 -42.4 11.6233
    endloop
  endfacet
  facet normal -0.615418 0 -0.788201
    outer loop
      vertex -31.249 -49.4 11.6867
      vertex -31.1678 -42.4 11.6233
      vertex -31.1678 -49.4 11.6233
    endloop
  endfacet
  facet normal -0.615418 0 -0.788201
    outer loop
      vertex -31.1678 -42.4 11.6233
      vertex -31.249 -49.4 11.6867
      vertex -31.249 -42.4 11.6867
    endloop
  endfacet
  facet normal 0.963726 0 -0.266893
    outer loop
      vertex -34.5096 -49.4 10.6096
      vertex -34.5371 -42.4 10.5103
      vertex -34.5096 -42.4 10.6096
    endloop
  endfacet
  facet normal 0.963726 0 -0.266893
    outer loop
      vertex -34.5371 -42.4 10.5103
      vertex -34.5096 -49.4 10.6096
      vertex -34.5371 -49.4 10.5103
    endloop
  endfacet
  facet normal 0.94936 0 -0.314191
    outer loop
      vertex -34.4772 -49.4 10.7075
      vertex -34.5096 -42.4 10.6096
      vertex -34.4772 -42.4 10.7075
    endloop
  endfacet
  facet normal 0.94936 0 -0.314191
    outer loop
      vertex -34.5096 -42.4 10.6096
      vertex -34.4772 -49.4 10.7075
      vertex -34.5096 -49.4 10.6096
    endloop
  endfacet
  facet normal 0.975889 0 -0.218266
    outer loop
      vertex -34.5371 -49.4 10.5103
      vertex -34.5596 -42.4 10.4097
      vertex -34.5371 -42.4 10.5103
    endloop
  endfacet
  facet normal 0.975889 0 -0.218266
    outer loop
      vertex -34.5596 -42.4 10.4097
      vertex -34.5371 -49.4 10.5103
      vertex -34.5596 -49.4 10.4097
    endloop
  endfacet
  facet normal 0.892869 0 -0.450317
    outer loop
      vertex -34.352 -49.4 10.9899
      vertex -34.3984 -42.4 10.8979
      vertex -34.352 -42.4 10.9899
    endloop
  endfacet
  facet normal 0.892869 0 -0.450317
    outer loop
      vertex -34.3984 -42.4 10.8979
      vertex -34.352 -49.4 10.9899
      vertex -34.3984 -49.4 10.8979
    endloop
  endfacet
  facet normal 0.91457 0 -0.404428
    outer loop
      vertex -34.3984 -49.4 10.8979
      vertex -34.4401 -42.4 10.8036
      vertex -34.3984 -42.4 10.8979
    endloop
  endfacet
  facet normal 0.91457 0 -0.404428
    outer loop
      vertex -34.4401 -42.4 10.8036
      vertex -34.3984 -49.4 10.8979
      vertex -34.4401 -49.4 10.8036
    endloop
  endfacet
  facet normal 0.788201 0 -0.615418
    outer loop
      vertex -34.1233 -49.4 11.3322
      vertex -34.1867 -42.4 11.251
      vertex -34.1233 -42.4 11.3322
    endloop
  endfacet
  facet normal 0.788201 0 -0.615418
    outer loop
      vertex -34.1867 -42.4 11.251
      vertex -34.1233 -49.4 11.3322
      vertex -34.1867 -49.4 11.251
    endloop
  endfacet
  facet normal 0.314191 0 -0.94936
    outer loop
      vertex -33.2075 -49.4 11.9772
      vertex -33.1096 -42.4 12.0096
      vertex -33.1096 -49.4 12.0096
    endloop
  endfacet
  facet normal 0.314191 0 -0.94936
    outer loop
      vertex -33.1096 -42.4 12.0096
      vertex -33.2075 -49.4 11.9772
      vertex -33.2075 -42.4 11.9772
    endloop
  endfacet
  facet normal 0.266893 0 -0.963726
    outer loop
      vertex -33.1096 -49.4 12.0096
      vertex -33.0103 -42.4 12.0371
      vertex -33.0103 -49.4 12.0371
    endloop
  endfacet
  facet normal 0.266893 0 -0.963726
    outer loop
      vertex -33.0103 -42.4 12.0371
      vertex -33.1096 -49.4 12.0096
      vertex -33.1096 -42.4 12.0096
    endloop
  endfacet
  facet normal 0.36015 0 -0.932895
    outer loop
      vertex -33.3036 -49.4 11.9401
      vertex -33.2075 -42.4 11.9772
      vertex -33.2075 -49.4 11.9772
    endloop
  endfacet
  facet normal 0.36015 0 -0.932895
    outer loop
      vertex -33.2075 -42.4 11.9772
      vertex -33.3036 -49.4 11.9401
      vertex -33.3036 -42.4 11.9401
    endloop
  endfacet
  facet normal 0.0737287 0 -0.997278
    outer loop
      vertex -32.7058 -49.4 12.0899
      vertex -32.603 -42.4 12.0975
      vertex -32.603 -49.4 12.0975
    endloop
  endfacet
  facet normal 0.0737287 0 -0.997278
    outer loop
      vertex -32.603 -42.4 12.0975
      vertex -32.7058 -49.4 12.0899
      vertex -32.7058 -42.4 12.0899
    endloop
  endfacet
  facet normal 0.122243 0 -0.9925
    outer loop
      vertex -32.8081 -49.4 12.0773
      vertex -32.7058 -42.4 12.0899
      vertex -32.7058 -49.4 12.0899
    endloop
  endfacet
  facet normal 0.122243 0 -0.9925
    outer loop
      vertex -32.7058 -42.4 12.0899
      vertex -32.8081 -49.4 12.0773
      vertex -32.8081 -42.4 12.0773
    endloop
  endfacet
  facet normal 0.534613 0 -0.845097
    outer loop
      vertex -33.6667 -49.4 11.7461
      vertex -33.5796 -42.4 11.8012
      vertex -33.5796 -49.4 11.8012
    endloop
  endfacet
  facet normal 0.534613 0 -0.845097
    outer loop
      vertex -33.5796 -42.4 11.8012
      vertex -33.6667 -49.4 11.7461
      vertex -33.6667 -42.4 11.7461
    endloop
  endfacet
  facet normal 0.450317 0 -0.892869
    outer loop
      vertex -33.4899 -49.4 11.852
      vertex -33.3979 -42.4 11.8984
      vertex -33.3979 -49.4 11.8984
    endloop
  endfacet
  facet normal 0.450317 0 -0.892869
    outer loop
      vertex -33.3979 -42.4 11.8984
      vertex -33.4899 -49.4 11.852
      vertex -33.4899 -42.4 11.852
    endloop
  endfacet
  facet normal 0.652786 0 -0.757542
    outer loop
      vertex -33.9103 -49.4 11.556
      vertex -33.8322 -42.4 11.6233
      vertex -33.8322 -49.4 11.6233
    endloop
  endfacet
  facet normal 0.652786 0 -0.757542
    outer loop
      vertex -33.8322 -42.4 11.6233
      vertex -33.9103 -49.4 11.556
      vertex -33.9103 -42.4 11.556
    endloop
  endfacet
  facet normal 0.689922 0 -0.723884
    outer loop
      vertex -33.9849 -49.4 11.4849
      vertex -33.9103 -42.4 11.556
      vertex -33.9103 -49.4 11.556
    endloop
  endfacet
  facet normal 0.689922 0 -0.723884
    outer loop
      vertex -33.9103 -42.4 11.556
      vertex -33.9849 -49.4 11.4849
      vertex -33.9849 -42.4 11.4849
    endloop
  endfacet
  facet normal 0.615418 0 -0.788201
    outer loop
      vertex -33.8322 -49.4 11.6233
      vertex -33.751 -42.4 11.6867
      vertex -33.751 -49.4 11.6867
    endloop
  endfacet
  facet normal 0.615418 0 -0.788201
    outer loop
      vertex -33.751 -42.4 11.6867
      vertex -33.8322 -49.4 11.6233
      vertex -33.8322 -42.4 11.6233
    endloop
  endfacet
  facet normal 0.723884 0 -0.689922
    outer loop
      vertex -33.9849 -49.4 11.4849
      vertex -34.056 -42.4 11.4103
      vertex -33.9849 -42.4 11.4849
    endloop
  endfacet
  facet normal 0.723884 0 -0.689922
    outer loop
      vertex -34.056 -42.4 11.4103
      vertex -33.9849 -49.4 11.4849
      vertex -34.056 -49.4 11.4103
    endloop
  endfacet
  facet normal -0.999706 0 -0.0242647
    outer loop
      vertex -30.4 -49.4 10
      vertex -30.4025 -42.4 10.103
      vertex -30.4 -42.4 10
    endloop
  endfacet
  facet normal -0.999706 -0 -0.0242647
    outer loop
      vertex -30.4025 -42.4 10.103
      vertex -30.4 -49.4 10
      vertex -30.4025 -49.4 10.103
    endloop
  endfacet
  facet normal -0.992499 0 0.122255
    outer loop
      vertex -30.4227 -49.4 9.69187
      vertex -30.4101 -42.4 9.79416
      vertex -30.4227 -42.4 9.69187
    endloop
  endfacet
  facet normal -0.992499 0 0.122255
    outer loop
      vertex -30.4101 -42.4 9.79416
      vertex -30.4227 -49.4 9.69187
      vertex -30.4101 -49.4 9.79416
    endloop
  endfacet
  facet normal -0.93297 0 0.359954
    outer loop
      vertex -30.5599 -49.4 9.19637
      vertex -30.5228 -42.4 9.29253
      vertex -30.5599 -42.4 9.19637
    endloop
  endfacet
  facet normal -0.93297 0 0.359954
    outer loop
      vertex -30.5228 -42.4 9.29253
      vertex -30.5599 -49.4 9.19637
      vertex -30.5228 -49.4 9.29253
    endloop
  endfacet
  facet normal 0.0245557 0 0.999698
    outer loop
      vertex -32.603 -42.4 7.90253
      vertex -32.5 -49.4 7.9
      vertex -32.5 -42.4 7.9
    endloop
  endfacet
  facet normal 0.0245557 0 0.999698
    outer loop
      vertex -32.5 -49.4 7.9
      vertex -32.603 -42.4 7.90253
      vertex -32.603 -49.4 7.90253
    endloop
  endfacet
  facet normal -0.0735358 0 0.997293
    outer loop
      vertex -32.397 -42.4 7.90253
      vertex -32.2942 -49.4 7.91011
      vertex -32.2942 -42.4 7.91011
    endloop
  endfacet
  facet normal -0.0735358 0 0.997293
    outer loop
      vertex -32.2942 -49.4 7.91011
      vertex -32.397 -42.4 7.90253
      vertex -32.397 -49.4 7.90253
    endloop
  endfacet
  facet normal -0.266893 0 0.963726
    outer loop
      vertex -31.9897 -42.4 7.96293
      vertex -31.8904 -49.4 7.99043
      vertex -31.8904 -42.4 7.99043
    endloop
  endfacet
  facet normal -0.266893 0 0.963726
    outer loop
      vertex -31.8904 -49.4 7.99043
      vertex -31.9897 -42.4 7.96293
      vertex -31.9897 -49.4 7.96293
    endloop
  endfacet
  facet normal -0.360065 0 0.932927
    outer loop
      vertex -31.7925 -42.4 8.02276
      vertex -31.6964 -49.4 8.05985
      vertex -31.6964 -42.4 8.05985
    endloop
  endfacet
  facet normal -0.360065 0 0.932927
    outer loop
      vertex -31.6964 -49.4 8.05985
      vertex -31.7925 -42.4 8.02276
      vertex -31.7925 -49.4 8.02276
    endloop
  endfacet
  facet normal -0.404996 0 0.914319
    outer loop
      vertex -31.6964 -42.4 8.05985
      vertex -31.6021 -49.4 8.10162
      vertex -31.6021 -42.4 8.10162
    endloop
  endfacet
  facet normal -0.404996 0 0.914319
    outer loop
      vertex -31.6021 -49.4 8.10162
      vertex -31.6964 -42.4 8.05985
      vertex -31.6964 -49.4 8.05985
    endloop
  endfacet
  facet normal -0.985325 0 -0.170686
    outer loop
      vertex -30.4227 -49.4 10.3081
      vertex -30.4403 -42.4 10.4097
      vertex -30.4227 -42.4 10.3081
    endloop
  endfacet
  facet normal -0.985325 -0 -0.170686
    outer loop
      vertex -30.4403 -42.4 10.4097
      vertex -30.4227 -49.4 10.3081
      vertex -30.4403 -49.4 10.4097
    endloop
  endfacet
  facet normal -0.94936 0 -0.314191
    outer loop
      vertex -30.4904 -49.4 10.6096
      vertex -30.5228 -42.4 10.7075
      vertex -30.4904 -42.4 10.6096
    endloop
  endfacet
  facet normal -0.94936 -0 -0.314191
    outer loop
      vertex -30.5228 -42.4 10.7075
      vertex -30.4904 -49.4 10.6096
      vertex -30.5228 -49.4 10.7075
    endloop
  endfacet
  facet normal -0.91457 0 -0.404428
    outer loop
      vertex -30.5599 -49.4 10.8036
      vertex -30.6016 -42.4 10.8979
      vertex -30.5599 -42.4 10.8036
    endloop
  endfacet
  facet normal -0.91457 -0 -0.404428
    outer loop
      vertex -30.6016 -42.4 10.8979
      vertex -30.5599 -49.4 10.8036
      vertex -30.6016 -49.4 10.8979
    endloop
  endfacet
  facet normal -0.932895 0 -0.36015
    outer loop
      vertex -30.5228 -49.4 10.7075
      vertex -30.5599 -42.4 10.8036
      vertex -30.5228 -42.4 10.7075
    endloop
  endfacet
  facet normal -0.932895 -0 -0.36015
    outer loop
      vertex -30.5599 -42.4 10.8036
      vertex -30.5228 -49.4 10.7075
      vertex -30.5599 -49.4 10.8036
    endloop
  endfacet
  facet normal -0.723884 0 -0.689922
    outer loop
      vertex -30.944 -49.4 11.4103
      vertex -31.0151 -42.4 11.4849
      vertex -30.944 -42.4 11.4103
    endloop
  endfacet
  facet normal -0.723884 -0 -0.689922
    outer loop
      vertex -31.0151 -42.4 11.4849
      vertex -30.944 -49.4 11.4103
      vertex -31.0151 -49.4 11.4849
    endloop
  endfacet
  facet normal -0.0242647 0 -0.999706
    outer loop
      vertex -32.5 -49.4 12.1
      vertex -32.397 -42.4 12.0975
      vertex -32.397 -49.4 12.0975
    endloop
  endfacet
  facet normal -0.0242647 0 -0.999706
    outer loop
      vertex -32.397 -42.4 12.0975
      vertex -32.5 -49.4 12.1
      vertex -32.5 -42.4 12.1
    endloop
  endfacet
  facet normal -0.575998 0 -0.817451
    outer loop
      vertex -31.3333 -49.4 11.7461
      vertex -31.249 -42.4 11.6867
      vertex -31.249 -49.4 11.6867
    endloop
  endfacet
  facet normal -0.575998 0 -0.817451
    outer loop
      vertex -31.249 -42.4 11.6867
      vertex -31.3333 -49.4 11.7461
      vertex -31.3333 -42.4 11.7461
    endloop
  endfacet
  facet normal 0.9925 0 -0.122243
    outer loop
      vertex -34.5773 -49.4 10.3081
      vertex -34.5899 -42.4 10.2058
      vertex -34.5773 -42.4 10.3081
    endloop
  endfacet
  facet normal 0.9925 0 -0.122243
    outer loop
      vertex -34.5899 -42.4 10.2058
      vertex -34.5773 -49.4 10.3081
      vertex -34.5899 -49.4 10.2058
    endloop
  endfacet
  facet normal 0.870147 0 -0.492792
    outer loop
      vertex -34.3012 -49.4 11.0796
      vertex -34.352 -42.4 10.9899
      vertex -34.3012 -42.4 11.0796
    endloop
  endfacet
  facet normal 0.870147 0 -0.492792
    outer loop
      vertex -34.352 -42.4 10.9899
      vertex -34.3012 -49.4 11.0796
      vertex -34.352 -49.4 10.9899
    endloop
  endfacet
  facet normal 0.817451 0 -0.575998
    outer loop
      vertex -34.1867 -49.4 11.251
      vertex -34.2461 -42.4 11.1667
      vertex -34.1867 -42.4 11.251
    endloop
  endfacet
  facet normal 0.817451 0 -0.575998
    outer loop
      vertex -34.2461 -42.4 11.1667
      vertex -34.1867 -49.4 11.251
      vertex -34.2461 -49.4 11.1667
    endloop
  endfacet
  facet normal 0.171628 0 -0.985162
    outer loop
      vertex -32.9097 -49.4 12.0596
      vertex -32.8081 -42.4 12.0773
      vertex -32.8081 -49.4 12.0773
    endloop
  endfacet
  facet normal 0.171628 0 -0.985162
    outer loop
      vertex -32.8081 -42.4 12.0773
      vertex -32.9097 -49.4 12.0596
      vertex -32.9097 -42.4 12.0596
    endloop
  endfacet
  facet normal -0.997278 0 0.0737287
    outer loop
      vertex -30.4101 -49.4 9.79416
      vertex -30.4025 -42.4 9.89696
      vertex -30.4101 -42.4 9.79416
    endloop
  endfacet
  facet normal -0.997278 0 0.0737287
    outer loop
      vertex -30.4025 -42.4 9.89696
      vertex -30.4101 -49.4 9.79416
      vertex -30.4025 -49.4 9.89696
    endloop
  endfacet
  facet normal -0.999706 0 0.0242553
    outer loop
      vertex -30.4025 -49.4 9.89696
      vertex -30.4 -42.4 10
      vertex -30.4025 -42.4 9.89696
    endloop
  endfacet
  facet normal -0.999706 0 0.0242553
    outer loop
      vertex -30.4 -42.4 10
      vertex -30.4025 -49.4 9.89696
      vertex -30.4 -49.4 10
    endloop
  endfacet
  facet normal -0.975668 0 0.219251
    outer loop
      vertex -30.4629 -49.4 9.48974
      vertex -30.4403 -42.4 9.59031
      vertex -30.4629 -42.4 9.48974
    endloop
  endfacet
  facet normal -0.975668 0 0.219251
    outer loop
      vertex -30.4403 -42.4 9.59031
      vertex -30.4629 -49.4 9.48974
      vertex -30.4403 -49.4 9.59031
    endloop
  endfacet
  facet normal -0.870123 0 0.492834
    outer loop
      vertex -30.6988 -49.4 8.92038
      vertex -30.648 -42.4 9.01007
      vertex -30.6988 -42.4 8.92038
    endloop
  endfacet
  facet normal -0.870123 0 0.492834
    outer loop
      vertex -30.648 -42.4 9.01007
      vertex -30.6988 -49.4 8.92038
      vertex -30.648 -49.4 9.01007
    endloop
  endfacet
  facet normal -0.757294 0 0.653074
    outer loop
      vertex -30.944 -49.4 8.58973
      vertex -30.8767 -42.4 8.66777
      vertex -30.944 -42.4 8.58973
    endloop
  endfacet
  facet normal -0.757294 0 0.653074
    outer loop
      vertex -30.8767 -42.4 8.66777
      vertex -30.944 -49.4 8.58973
      vertex -30.8767 -49.4 8.66777
    endloop
  endfacet
  facet normal 0.492792 0 0.870147
    outer loop
      vertex -33.5796 -42.4 8.19877
      vertex -33.4899 -49.4 8.14797
      vertex -33.4899 -42.4 8.14797
    endloop
  endfacet
  facet normal 0.492792 0 0.870147
    outer loop
      vertex -33.4899 -49.4 8.14797
      vertex -33.5796 -42.4 8.19877
      vertex -33.5796 -49.4 8.19877
    endloop
  endfacet
  facet normal 0.999706 -0 0.0242553
    outer loop
      vertex -34.6 -49.4 10
      vertex -34.5975 -42.4 9.89696
      vertex -34.6 -42.4 10
    endloop
  endfacet
  facet normal 0.999706 0 0.0242553
    outer loop
      vertex -34.5975 -42.4 9.89696
      vertex -34.6 -49.4 10
      vertex -34.5975 -49.4 9.89696
    endloop
  endfacet
  facet normal 0.949331 -0 0.314277
    outer loop
      vertex -34.5096 -49.4 9.3904
      vertex -34.4772 -42.4 9.29253
      vertex -34.5096 -42.4 9.3904
    endloop
  endfacet
  facet normal 0.949331 0 0.314277
    outer loop
      vertex -34.4772 -42.4 9.29253
      vertex -34.5096 -49.4 9.3904
      vertex -34.4772 -49.4 9.29253
    endloop
  endfacet
  facet normal -0.313579 0 0.949562
    outer loop
      vertex -31.8904 -42.4 7.99043
      vertex -31.7925 -49.4 8.02276
      vertex -31.7925 -42.4 8.02276
    endloop
  endfacet
  facet normal -0.313579 0 0.949562
    outer loop
      vertex -31.7925 -49.4 8.02276
      vertex -31.8904 -42.4 7.99043
      vertex -31.8904 -49.4 7.99043
    endloop
  endfacet
  facet normal -0.975682 0 -0.219189
    outer loop
      vertex -30.4403 -49.4 10.4097
      vertex -30.4629 -42.4 10.5103
      vertex -30.4403 -42.4 10.4097
    endloop
  endfacet
  facet normal -0.975682 -0 -0.219189
    outer loop
      vertex -30.4629 -42.4 10.5103
      vertex -30.4403 -49.4 10.4097
      vertex -30.4629 -49.4 10.5103
    endloop
  endfacet
  facet normal -0.9925 0 -0.122243
    outer loop
      vertex -30.4101 -49.4 10.2058
      vertex -30.4227 -42.4 10.3081
      vertex -30.4101 -42.4 10.2058
    endloop
  endfacet
  facet normal -0.9925 -0 -0.122243
    outer loop
      vertex -30.4227 -42.4 10.3081
      vertex -30.4101 -49.4 10.2058
      vertex -30.4227 -49.4 10.3081
    endloop
  endfacet
  facet normal -0.985314 0 0.170752
    outer loop
      vertex -30.4403 -49.4 9.59031
      vertex -30.4227 -42.4 9.69187
      vertex -30.4403 -42.4 9.59031
    endloop
  endfacet
  facet normal -0.985314 0 0.170752
    outer loop
      vertex -30.4227 -42.4 9.69187
      vertex -30.4403 -49.4 9.59031
      vertex -30.4227 -49.4 9.69187
    endloop
  endfacet
  facet normal -0.963754 0 0.266793
    outer loop
      vertex -30.4904 -49.4 9.3904
      vertex -30.4629 -42.4 9.48974
      vertex -30.4904 -42.4 9.3904
    endloop
  endfacet
  facet normal -0.963754 0 0.266793
    outer loop
      vertex -30.4629 -42.4 9.48974
      vertex -30.4904 -49.4 9.3904
      vertex -30.4629 -49.4 9.48974
    endloop
  endfacet
  facet normal -0.845041 0 0.534701
    outer loop
      vertex -30.7539 -49.4 8.8333
      vertex -30.6988 -42.4 8.92038
      vertex -30.7539 -42.4 8.8333
    endloop
  endfacet
  facet normal -0.845041 0 0.534701
    outer loop
      vertex -30.6988 -42.4 8.92038
      vertex -30.7539 -49.4 8.8333
      vertex -30.6988 -49.4 8.92038
    endloop
  endfacet
  facet normal -0.788421 0 0.615136
    outer loop
      vertex -30.8767 -49.4 8.66777
      vertex -30.8133 -42.4 8.74903
      vertex -30.8767 -42.4 8.66777
    endloop
  endfacet
  facet normal -0.788421 0 0.615136
    outer loop
      vertex -30.8133 -42.4 8.74903
      vertex -30.8767 -49.4 8.66777
      vertex -30.8133 -49.4 8.74903
    endloop
  endfacet
  facet normal 0.652897 0 0.757446
    outer loop
      vertex -33.9103 -42.4 8.444
      vertex -33.8322 -49.4 8.37668
      vertex -33.8322 -42.4 8.37668
    endloop
  endfacet
  facet normal 0.652897 0 0.757446
    outer loop
      vertex -33.8322 -49.4 8.37668
      vertex -33.9103 -42.4 8.444
      vertex -33.9103 -49.4 8.444
    endloop
  endfacet
  facet normal 0.44993 0 0.893064
    outer loop
      vertex -33.4899 -42.4 8.14797
      vertex -33.3979 -49.4 8.10162
      vertex -33.3979 -42.4 8.10162
    endloop
  endfacet
  facet normal 0.44993 0 0.893064
    outer loop
      vertex -33.3979 -49.4 8.10162
      vertex -33.4899 -42.4 8.14797
      vertex -33.4899 -49.4 8.14797
    endloop
  endfacet
  facet normal -0.0245557 0 0.999698
    outer loop
      vertex -32.5 -42.4 7.9
      vertex -32.397 -49.4 7.90253
      vertex -32.397 -42.4 7.90253
    endloop
  endfacet
  facet normal -0.0245557 0 0.999698
    outer loop
      vertex -32.397 -49.4 7.90253
      vertex -32.5 -42.4 7.9
      vertex -32.5 -49.4 7.9
    endloop
  endfacet
  facet normal 0.892987 -0 0.450083
    outer loop
      vertex -34.3984 -49.4 9.10213
      vertex -34.352 -42.4 9.01007
      vertex -34.3984 -42.4 9.10213
    endloop
  endfacet
  facet normal 0.892987 0 0.450083
    outer loop
      vertex -34.352 -42.4 9.01007
      vertex -34.3984 -49.4 9.10213
      vertex -34.352 -49.4 9.01007
    endloop
  endfacet
  facet normal 0.963754 -0 0.266793
    outer loop
      vertex -34.5371 -49.4 9.48974
      vertex -34.5096 -42.4 9.3904
      vertex -34.5371 -42.4 9.48974
    endloop
  endfacet
  facet normal 0.963754 0 0.266793
    outer loop
      vertex -34.5096 -42.4 9.3904
      vertex -34.5371 -49.4 9.48974
      vertex -34.5096 -49.4 9.3904
    endloop
  endfacet
  facet normal 0.975876 -0 0.218328
    outer loop
      vertex -34.5596 -49.4 9.59031
      vertex -34.5371 -42.4 9.48974
      vertex -34.5596 -42.4 9.59031
    endloop
  endfacet
  facet normal 0.975876 0 0.218328
    outer loop
      vertex -34.5371 -42.4 9.48974
      vertex -34.5596 -49.4 9.59031
      vertex -34.5371 -49.4 9.48974
    endloop
  endfacet
  facet normal 0.992499 -0 0.122255
    outer loop
      vertex -34.5899 -49.4 9.79416
      vertex -34.5773 -42.4 9.69187
      vertex -34.5899 -42.4 9.79416
    endloop
  endfacet
  facet normal 0.992499 0 0.122255
    outer loop
      vertex -34.5773 -42.4 9.69187
      vertex -34.5899 -49.4 9.79416
      vertex -34.5773 -49.4 9.69187
    endloop
  endfacet
  facet normal 0.98515 -0 0.171693
    outer loop
      vertex -34.5773 -49.4 9.69187
      vertex -34.5596 -42.4 9.59031
      vertex -34.5773 -42.4 9.69187
    endloop
  endfacet
  facet normal 0.98515 0 0.171693
    outer loop
      vertex -34.5596 -42.4 9.59031
      vertex -34.5773 -49.4 9.69187
      vertex -34.5596 -49.4 9.59031
    endloop
  endfacet
  facet normal 0.93297 -0 0.359954
    outer loop
      vertex -34.4772 -49.4 9.29253
      vertex -34.4401 -42.4 9.19637
      vertex -34.4772 -42.4 9.29253
    endloop
  endfacet
  facet normal 0.93297 0 0.359954
    outer loop
      vertex -34.4401 -42.4 9.19637
      vertex -34.4772 -49.4 9.29253
      vertex -34.4401 -49.4 9.19637
    endloop
  endfacet
  facet normal 0.914475 -0 0.404643
    outer loop
      vertex -34.4401 -49.4 9.19637
      vertex -34.3984 -42.4 9.10213
      vertex -34.4401 -42.4 9.19637
    endloop
  endfacet
  facet normal 0.914475 0 0.404643
    outer loop
      vertex -34.3984 -42.4 9.10213
      vertex -34.4401 -49.4 9.19637
      vertex -34.3984 -49.4 9.10213
    endloop
  endfacet
  facet normal -0.219004 0 0.975724
    outer loop
      vertex -32.0903 -42.4 7.94035
      vertex -31.9897 -49.4 7.96293
      vertex -31.9897 -42.4 7.96293
    endloop
  endfacet
  facet normal -0.219004 0 0.975724
    outer loop
      vertex -31.9897 -49.4 7.96293
      vertex -32.0903 -42.4 7.94035
      vertex -32.0903 -49.4 7.94035
    endloop
  endfacet
  facet normal -0.170875 0 0.985293
    outer loop
      vertex -32.1919 -42.4 7.92273
      vertex -32.0903 -49.4 7.94035
      vertex -32.0903 -42.4 7.94035
    endloop
  endfacet
  facet normal -0.170875 0 0.985293
    outer loop
      vertex -32.0903 -49.4 7.94035
      vertex -32.1919 -42.4 7.92273
      vertex -32.1919 -49.4 7.92273
    endloop
  endfacet
  facet normal -0.997278 0 -0.0737287
    outer loop
      vertex -30.4025 -49.4 10.103
      vertex -30.4101 -42.4 10.2058
      vertex -30.4025 -42.4 10.103
    endloop
  endfacet
  facet normal -0.997278 -0 -0.0737287
    outer loop
      vertex -30.4101 -42.4 10.2058
      vertex -30.4025 -49.4 10.103
      vertex -30.4101 -49.4 10.2058
    endloop
  endfacet
  facet normal -0.914475 0 0.404643
    outer loop
      vertex -30.6016 -49.4 9.10213
      vertex -30.5599 -42.4 9.19637
      vertex -30.6016 -42.4 9.10213
    endloop
  endfacet
  facet normal -0.914475 0 0.404643
    outer loop
      vertex -30.5599 -42.4 9.19637
      vertex -30.6016 -49.4 9.10213
      vertex -30.5599 -49.4 9.19637
    endloop
  endfacet
  facet normal -0.892987 0 0.450083
    outer loop
      vertex -30.648 -49.4 9.01007
      vertex -30.6016 -42.4 9.10213
      vertex -30.648 -42.4 9.01007
    endloop
  endfacet
  facet normal -0.892987 0 0.450083
    outer loop
      vertex -30.6016 -42.4 9.10213
      vertex -30.648 -49.4 9.01007
      vertex -30.6016 -49.4 9.10213
    endloop
  endfacet
  facet normal -0.615539 0 0.788107
    outer loop
      vertex -31.249 -42.4 8.31326
      vertex -31.1678 -49.4 8.37668
      vertex -31.1678 -42.4 8.37668
    endloop
  endfacet
  facet normal -0.615539 0 0.788107
    outer loop
      vertex -31.1678 -49.4 8.37668
      vertex -31.249 -42.4 8.31326
      vertex -31.249 -49.4 8.31326
    endloop
  endfacet
  facet normal -0.652897 0 0.757446
    outer loop
      vertex -31.1678 -42.4 8.37668
      vertex -31.0897 -49.4 8.444
      vertex -31.0897 -42.4 8.444
    endloop
  endfacet
  facet normal -0.652897 0 0.757446
    outer loop
      vertex -31.0897 -49.4 8.444
      vertex -31.1678 -42.4 8.37668
      vertex -31.1678 -49.4 8.37668
    endloop
  endfacet
  facet normal -0.575674 0 0.81768
    outer loop
      vertex -31.3333 -42.4 8.25391
      vertex -31.249 -49.4 8.31326
      vertex -31.249 -42.4 8.31326
    endloop
  endfacet
  facet normal -0.575674 0 0.81768
    outer loop
      vertex -31.249 -49.4 8.31326
      vertex -31.3333 -42.4 8.25391
      vertex -31.3333 -49.4 8.25391
    endloop
  endfacet
  facet normal -0.534891 0 0.844921
    outer loop
      vertex -31.4204 -42.4 8.19877
      vertex -31.3333 -49.4 8.25391
      vertex -31.3333 -42.4 8.25391
    endloop
  endfacet
  facet normal -0.534891 0 0.844921
    outer loop
      vertex -31.3333 -49.4 8.25391
      vertex -31.4204 -42.4 8.19877
      vertex -31.4204 -49.4 8.19877
    endloop
  endfacet
  facet normal -0.492792 0 0.870147
    outer loop
      vertex -31.5101 -42.4 8.14797
      vertex -31.4204 -49.4 8.19877
      vertex -31.4204 -42.4 8.19877
    endloop
  endfacet
  facet normal -0.492792 0 0.870147
    outer loop
      vertex -31.4204 -49.4 8.19877
      vertex -31.5101 -42.4 8.14797
      vertex -31.5101 -49.4 8.14797
    endloop
  endfacet
  facet normal -0.44993 0 0.893064
    outer loop
      vertex -31.6021 -42.4 8.10162
      vertex -31.5101 -49.4 8.14797
      vertex -31.5101 -42.4 8.14797
    endloop
  endfacet
  facet normal -0.44993 0 0.893064
    outer loop
      vertex -31.5101 -49.4 8.14797
      vertex -31.6021 -42.4 8.10162
      vertex -31.6021 -49.4 8.10162
    endloop
  endfacet
  facet normal -0.724115 0 0.689679
    outer loop
      vertex -31.0151 -49.4 8.51508
      vertex -30.944 -42.4 8.58973
      vertex -31.0151 -42.4 8.51508
    endloop
  endfacet
  facet normal -0.724115 0 0.689679
    outer loop
      vertex -30.944 -42.4 8.58973
      vertex -31.0151 -49.4 8.51508
      vertex -30.944 -49.4 8.58973
    endloop
  endfacet
  facet normal -0.68982 0 0.723981
    outer loop
      vertex -31.0897 -42.4 8.444
      vertex -31.0151 -49.4 8.51508
      vertex -31.0151 -42.4 8.51508
    endloop
  endfacet
  facet normal -0.68982 0 0.723981
    outer loop
      vertex -31.0151 -49.4 8.51508
      vertex -31.0897 -42.4 8.444
      vertex -31.0897 -49.4 8.444
    endloop
  endfacet
  facet normal -0.817355 0 0.576135
    outer loop
      vertex -30.8133 -49.4 8.74903
      vertex -30.7539 -42.4 8.8333
      vertex -30.8133 -42.4 8.74903
    endloop
  endfacet
  facet normal -0.817355 0 0.576135
    outer loop
      vertex -30.7539 -42.4 8.8333
      vertex -30.8133 -49.4 8.74903
      vertex -30.7539 -49.4 8.8333
    endloop
  endfacet
  facet normal 0.360065 0 0.932927
    outer loop
      vertex -33.3036 -42.4 8.05985
      vertex -33.2075 -49.4 8.02276
      vertex -33.2075 -42.4 8.02276
    endloop
  endfacet
  facet normal 0.360065 0 0.932927
    outer loop
      vertex -33.2075 -49.4 8.02276
      vertex -33.3036 -42.4 8.05985
      vertex -33.3036 -49.4 8.05985
    endloop
  endfacet
  facet normal 0.313579 0 0.949562
    outer loop
      vertex -33.2075 -42.4 8.02276
      vertex -33.1096 -49.4 7.99043
      vertex -33.1096 -42.4 7.99043
    endloop
  endfacet
  facet normal 0.313579 0 0.949562
    outer loop
      vertex -33.1096 -49.4 7.99043
      vertex -33.2075 -42.4 8.02276
      vertex -33.2075 -49.4 8.02276
    endloop
  endfacet
  facet normal 0.615539 0 0.788107
    outer loop
      vertex -33.8322 -42.4 8.37668
      vertex -33.751 -49.4 8.31326
      vertex -33.751 -42.4 8.31326
    endloop
  endfacet
  facet normal 0.615539 0 0.788107
    outer loop
      vertex -33.751 -49.4 8.31326
      vertex -33.8322 -42.4 8.37668
      vertex -33.8322 -49.4 8.37668
    endloop
  endfacet
  facet normal 0.534891 0 0.844921
    outer loop
      vertex -33.6667 -42.4 8.25391
      vertex -33.5796 -49.4 8.19877
      vertex -33.5796 -42.4 8.19877
    endloop
  endfacet
  facet normal 0.534891 0 0.844921
    outer loop
      vertex -33.5796 -49.4 8.19877
      vertex -33.6667 -42.4 8.25391
      vertex -33.6667 -49.4 8.25391
    endloop
  endfacet
  facet normal 0.575674 0 0.81768
    outer loop
      vertex -33.751 -42.4 8.31326
      vertex -33.6667 -49.4 8.25391
      vertex -33.6667 -42.4 8.25391
    endloop
  endfacet
  facet normal 0.575674 0 0.81768
    outer loop
      vertex -33.6667 -49.4 8.25391
      vertex -33.751 -42.4 8.31326
      vertex -33.751 -49.4 8.31326
    endloop
  endfacet
  facet normal 0.266893 0 0.963726
    outer loop
      vertex -33.1096 -42.4 7.99043
      vertex -33.0103 -49.4 7.96293
      vertex -33.0103 -42.4 7.96293
    endloop
  endfacet
  facet normal 0.266893 0 0.963726
    outer loop
      vertex -33.0103 -49.4 7.96293
      vertex -33.1096 -42.4 7.99043
      vertex -33.1096 -49.4 7.99043
    endloop
  endfacet
  facet normal 0.122435 0 0.992477
    outer loop
      vertex -32.8081 -42.4 7.92273
      vertex -32.7058 -49.4 7.91011
      vertex -32.7058 -42.4 7.91011
    endloop
  endfacet
  facet normal 0.122435 0 0.992477
    outer loop
      vertex -32.7058 -49.4 7.91011
      vertex -32.8081 -42.4 7.92273
      vertex -32.8081 -49.4 7.92273
    endloop
  endfacet
  facet normal 0.219004 0 0.975724
    outer loop
      vertex -33.0103 -42.4 7.96293
      vertex -32.9097 -49.4 7.94035
      vertex -32.9097 -42.4 7.94035
    endloop
  endfacet
  facet normal 0.219004 0 0.975724
    outer loop
      vertex -32.9097 -49.4 7.94035
      vertex -33.0103 -42.4 7.96293
      vertex -33.0103 -49.4 7.96293
    endloop
  endfacet
  facet normal 0.788421 -0 0.615136
    outer loop
      vertex -34.1867 -49.4 8.74903
      vertex -34.1233 -42.4 8.66777
      vertex -34.1867 -42.4 8.74903
    endloop
  endfacet
  facet normal 0.788421 0 0.615136
    outer loop
      vertex -34.1233 -42.4 8.66777
      vertex -34.1867 -49.4 8.74903
      vertex -34.1233 -49.4 8.66777
    endloop
  endfacet
  facet normal 0.845041 -0 0.534701
    outer loop
      vertex -34.3012 -49.4 8.92038
      vertex -34.2461 -42.4 8.8333
      vertex -34.3012 -42.4 8.92038
    endloop
  endfacet
  facet normal 0.845041 0 0.534701
    outer loop
      vertex -34.2461 -42.4 8.8333
      vertex -34.3012 -49.4 8.92038
      vertex -34.2461 -49.4 8.8333
    endloop
  endfacet
  facet normal 0.870123 -0 0.492834
    outer loop
      vertex -34.352 -49.4 9.01007
      vertex -34.3012 -42.4 8.92038
      vertex -34.352 -42.4 9.01007
    endloop
  endfacet
  facet normal 0.870123 0 0.492834
    outer loop
      vertex -34.3012 -42.4 8.92038
      vertex -34.352 -49.4 9.01007
      vertex -34.3012 -49.4 8.92038
    endloop
  endfacet
  facet normal 0.817355 -0 0.576135
    outer loop
      vertex -34.2461 -49.4 8.8333
      vertex -34.1867 -42.4 8.74903
      vertex -34.2461 -42.4 8.8333
    endloop
  endfacet
  facet normal 0.817355 0 0.576135
    outer loop
      vertex -34.1867 -42.4 8.74903
      vertex -34.2461 -49.4 8.8333
      vertex -34.1867 -49.4 8.74903
    endloop
  endfacet
  facet normal 0 -1 0
    outer loop
      vertex -32.603 -42.4 12.0975
      vertex -32.397 -42.4 12.0975
      vertex -32.5 -42.4 12.1
    endloop
  endfacet
  facet normal 0 -1 0
    outer loop
      vertex -32.7058 -42.4 12.0899
      vertex -32.397 -42.4 12.0975
      vertex -32.603 -42.4 12.0975
    endloop
  endfacet
  facet normal 0 -1 0
    outer loop
      vertex -32.7058 -42.4 12.0899
      vertex -32.2942 -42.4 12.0899
      vertex -32.397 -42.4 12.0975
    endloop
  endfacet
  facet normal 0 -1 0
    outer loop
      vertex -32.8081 -42.4 12.0773
      vertex -32.2942 -42.4 12.0899
      vertex -32.7058 -42.4 12.0899
    endloop
  endfacet
  facet normal 0 -1 0
    outer loop
      vertex -32.8081 -42.4 12.0773
      vertex -32.1919 -42.4 12.0773
      vertex -32.2942 -42.4 12.0899
    endloop
  endfacet
  facet normal 0 -1 0
    outer loop
      vertex -32.9097 -42.4 12.0596
      vertex -32.1919 -42.4 12.0773
      vertex -32.8081 -42.4 12.0773
    endloop
  endfacet
  facet normal 0 -1 0
    outer loop
      vertex -32.9097 -42.4 12.0596
      vertex -32.0903 -42.4 12.0596
      vertex -32.1919 -42.4 12.0773
    endloop
  endfacet
  facet normal 0 -1 0
    outer loop
      vertex -33.0103 -42.4 12.0371
      vertex -32.0903 -42.4 12.0596
      vertex -32.9097 -42.4 12.0596
    endloop
  endfacet
  facet normal 0 -1 0
    outer loop
      vertex -33.0103 -42.4 12.0371
      vertex -31.9897 -42.4 12.0371
      vertex -32.0903 -42.4 12.0596
    endloop
  endfacet
  facet normal 0 -1 0
    outer loop
      vertex -33.1096 -42.4 12.0096
      vertex -31.9897 -42.4 12.0371
      vertex -33.0103 -42.4 12.0371
    endloop
  endfacet
  facet normal 0 -1 0
    outer loop
      vertex -33.1096 -42.4 12.0096
      vertex -31.8904 -42.4 12.0096
      vertex -31.9897 -42.4 12.0371
    endloop
  endfacet
  facet normal 0 -1 0
    outer loop
      vertex -33.2075 -42.4 11.9772
      vertex -31.8904 -42.4 12.0096
      vertex -33.1096 -42.4 12.0096
    endloop
  endfacet
  facet normal 0 -1 0
    outer loop
      vertex -33.2075 -42.4 11.9772
      vertex -31.7925 -42.4 11.9772
      vertex -31.8904 -42.4 12.0096
    endloop
  endfacet
  facet normal 0 -1 0
    outer loop
      vertex -33.3036 -42.4 11.9401
      vertex -31.7925 -42.4 11.9772
      vertex -33.2075 -42.4 11.9772
    endloop
  endfacet
  facet normal 0 -1 0
    outer loop
      vertex -33.3036 -42.4 11.9401
      vertex -31.6964 -42.4 11.9401
      vertex -31.7925 -42.4 11.9772
    endloop
  endfacet
  facet normal 0 -1 0
    outer loop
      vertex -33.3979 -42.4 11.8984
      vertex -31.6964 -42.4 11.9401
      vertex -33.3036 -42.4 11.9401
    endloop
  endfacet
  facet normal 0 -1 0
    outer loop
      vertex -33.3979 -42.4 11.8984
      vertex -31.6021 -42.4 11.8984
      vertex -31.6964 -42.4 11.9401
    endloop
  endfacet
  facet normal 0 -1 0
    outer loop
      vertex -33.4899 -42.4 11.852
      vertex -31.6021 -42.4 11.8984
      vertex -33.3979 -42.4 11.8984
    endloop
  endfacet
  facet normal 0 -1 0
    outer loop
      vertex -33.4899 -42.4 11.852
      vertex -31.5101 -42.4 11.852
      vertex -31.6021 -42.4 11.8984
    endloop
  endfacet
  facet normal 0 -1 0
    outer loop
      vertex -33.5796 -42.4 11.8012
      vertex -31.5101 -42.4 11.852
      vertex -33.4899 -42.4 11.852
    endloop
  endfacet
  facet normal 0 -1 0
    outer loop
      vertex -33.5796 -42.4 11.8012
      vertex -31.4204 -42.4 11.8012
      vertex -31.5101 -42.4 11.852
    endloop
  endfacet
  facet normal 0 -1 0
    outer loop
      vertex -33.6667 -42.4 11.7461
      vertex -31.4204 -42.4 11.8012
      vertex -33.5796 -42.4 11.8012
    endloop
  endfacet
  facet normal 0 -1 0
    outer loop
      vertex -33.6667 -42.4 11.7461
      vertex -31.3333 -42.4 11.7461
      vertex -31.4204 -42.4 11.8012
    endloop
  endfacet
  facet normal 0 -1 0
    outer loop
      vertex -33.751 -42.4 11.6867
      vertex -31.3333 -42.4 11.7461
      vertex -33.6667 -42.4 11.7461
    endloop
  endfacet
  facet normal 0 -1 0
    outer loop
      vertex -33.751 -42.4 11.6867
      vertex -31.249 -42.4 11.6867
      vertex -31.3333 -42.4 11.7461
    endloop
  endfacet
  facet normal 0 -1 0
    outer loop
      vertex -33.8322 -42.4 11.6233
      vertex -31.249 -42.4 11.6867
      vertex -33.751 -42.4 11.6867
    endloop
  endfacet
  facet normal 0 -1 0
    outer loop
      vertex -33.8322 -42.4 11.6233
      vertex -31.1678 -42.4 11.6233
      vertex -31.249 -42.4 11.6867
    endloop
  endfacet
  facet normal 0 -1 0
    outer loop
      vertex -33.9103 -42.4 11.556
      vertex -31.1678 -42.4 11.6233
      vertex -33.8322 -42.4 11.6233
    endloop
  endfacet
  facet normal 0 -1 0
    outer loop
      vertex -33.9103 -42.4 11.556
      vertex -31.0897 -42.4 11.556
      vertex -31.1678 -42.4 11.6233
    endloop
  endfacet
  facet normal 0 -1 0
    outer loop
      vertex -33.9849 -42.4 11.4849
      vertex -31.0897 -42.4 11.556
      vertex -33.9103 -42.4 11.556
    endloop
  endfacet
  facet normal 0 -1 0
    outer loop
      vertex -33.9849 -42.4 11.4849
      vertex -31.0151 -42.4 11.4849
      vertex -31.0897 -42.4 11.556
    endloop
  endfacet
  facet normal 0 -1 0
    outer loop
      vertex -34.056 -42.4 11.4103
      vertex -31.0151 -42.4 11.4849
      vertex -33.9849 -42.4 11.4849
    endloop
  endfacet
  facet normal 0 -1 0
    outer loop
      vertex -34.056 -42.4 11.4103
      vertex -30.944 -42.4 11.4103
      vertex -31.0151 -42.4 11.4849
    endloop
  endfacet
  facet normal 0 -1 0
    outer loop
      vertex -34.1233 -42.4 11.3322
      vertex -30.944 -42.4 11.4103
      vertex -34.056 -42.4 11.4103
    endloop
  endfacet
  facet normal 0 -1 0
    outer loop
      vertex -34.1233 -42.4 11.3322
      vertex -30.8767 -42.4 11.3322
      vertex -30.944 -42.4 11.4103
    endloop
  endfacet
  facet normal 0 -1 0
    outer loop
      vertex -34.1867 -42.4 11.251
      vertex -30.8767 -42.4 11.3322
      vertex -34.1233 -42.4 11.3322
    endloop
  endfacet
  facet normal 0 -1 0
    outer loop
      vertex -34.1867 -42.4 11.251
      vertex -30.8133 -42.4 11.251
      vertex -30.8767 -42.4 11.3322
    endloop
  endfacet
  facet normal 0 -1 0
    outer loop
      vertex -34.2461 -42.4 11.1667
      vertex -30.8133 -42.4 11.251
      vertex -34.1867 -42.4 11.251
    endloop
  endfacet
  facet normal 0 -1 0
    outer loop
      vertex -34.2461 -42.4 11.1667
      vertex -30.7539 -42.4 11.1667
      vertex -30.8133 -42.4 11.251
    endloop
  endfacet
  facet normal 0 -1 0
    outer loop
      vertex -34.3012 -42.4 11.0796
      vertex -30.7539 -42.4 11.1667
      vertex -34.2461 -42.4 11.1667
    endloop
  endfacet
  facet normal 0 -1 0
    outer loop
      vertex -34.3012 -42.4 11.0796
      vertex -30.6988 -42.4 11.0796
      vertex -30.7539 -42.4 11.1667
    endloop
  endfacet
  facet normal 0 -1 0
    outer loop
      vertex -34.352 -42.4 10.9899
      vertex -30.6988 -42.4 11.0796
      vertex -34.3012 -42.4 11.0796
    endloop
  endfacet
  facet normal 0 -1 0
    outer loop
      vertex -34.352 -42.4 10.9899
      vertex -30.648 -42.4 10.9899
      vertex -30.6988 -42.4 11.0796
    endloop
  endfacet
  facet normal 0 -1 0
    outer loop
      vertex -34.3984 -42.4 10.8979
      vertex -30.648 -42.4 10.9899
      vertex -34.352 -42.4 10.9899
    endloop
  endfacet
  facet normal 0 -1 0
    outer loop
      vertex -34.3984 -42.4 10.8979
      vertex -30.6016 -42.4 10.8979
      vertex -30.648 -42.4 10.9899
    endloop
  endfacet
  facet normal 0 -1 0
    outer loop
      vertex -34.4401 -42.4 10.8036
      vertex -30.6016 -42.4 10.8979
      vertex -34.3984 -42.4 10.8979
    endloop
  endfacet
  facet normal 0 -1 0
    outer loop
      vertex -34.4401 -42.4 10.8036
      vertex -30.5599 -42.4 10.8036
      vertex -30.6016 -42.4 10.8979
    endloop
  endfacet
  facet normal 0 -1 0
    outer loop
      vertex -34.4772 -42.4 10.7075
      vertex -30.5599 -42.4 10.8036
      vertex -34.4401 -42.4 10.8036
    endloop
  endfacet
  facet normal 0 -1 0
    outer loop
      vertex -34.4772 -42.4 10.7075
      vertex -30.5228 -42.4 10.7075
      vertex -30.5599 -42.4 10.8036
    endloop
  endfacet
  facet normal 0 -1 0
    outer loop
      vertex -34.5096 -42.4 10.6096
      vertex -30.5228 -42.4 10.7075
      vertex -34.4772 -42.4 10.7075
    endloop
  endfacet
  facet normal 0 -1 0
    outer loop
      vertex -34.5096 -42.4 10.6096
      vertex -30.4904 -42.4 10.6096
      vertex -30.5228 -42.4 10.7075
    endloop
  endfacet
  facet normal 0 -1 0
    outer loop
      vertex -34.5371 -42.4 10.5103
      vertex -30.4904 -42.4 10.6096
      vertex -34.5096 -42.4 10.6096
    endloop
  endfacet
  facet normal 0 -1 0
    outer loop
      vertex -34.5371 -42.4 10.5103
      vertex -30.4629 -42.4 10.5103
      vertex -30.4904 -42.4 10.6096
    endloop
  endfacet
  facet normal 0 -1 0
    outer loop
      vertex -34.5596 -42.4 10.4097
      vertex -30.4629 -42.4 10.5103
      vertex -34.5371 -42.4 10.5103
    endloop
  endfacet
  facet normal 0 -1 0
    outer loop
      vertex -34.5596 -42.4 10.4097
      vertex -30.4403 -42.4 10.4097
      vertex -30.4629 -42.4 10.5103
    endloop
  endfacet
  facet normal 0 -1 0
    outer loop
      vertex -34.5773 -42.4 10.3081
      vertex -30.4403 -42.4 10.4097
      vertex -34.5596 -42.4 10.4097
    endloop
  endfacet
  facet normal 0 -1 0
    outer loop
      vertex -34.5773 -42.4 10.3081
      vertex -30.4227 -42.4 10.3081
      vertex -30.4403 -42.4 10.4097
    endloop
  endfacet
  facet normal 0 -1 0
    outer loop
      vertex -34.5899 -42.4 10.2058
      vertex -30.4227 -42.4 10.3081
      vertex -34.5773 -42.4 10.3081
    endloop
  endfacet
  facet normal 0 -1 0
    outer loop
      vertex -34.5899 -42.4 10.2058
      vertex -30.4101 -42.4 10.2058
      vertex -30.4227 -42.4 10.3081
    endloop
  endfacet
  facet normal 0 -1 0
    outer loop
      vertex -34.5975 -42.4 10.103
      vertex -30.4101 -42.4 10.2058
      vertex -34.5899 -42.4 10.2058
    endloop
  endfacet
  facet normal 0 -1 0
    outer loop
      vertex -34.5975 -42.4 10.103
      vertex -30.4025 -42.4 10.103
      vertex -30.4101 -42.4 10.2058
    endloop
  endfacet
  facet normal 0 -1 0
    outer loop
      vertex -34.6 -42.4 10
      vertex -30.4025 -42.4 10.103
      vertex -34.5975 -42.4 10.103
    endloop
  endfacet
  facet normal 0 -1 0
    outer loop
      vertex -34.6 -42.4 10
      vertex -30.4 -42.4 10
      vertex -30.4025 -42.4 10.103
    endloop
  endfacet
  facet normal 0 -1 0
    outer loop
      vertex -34.5975 -42.4 9.89696
      vertex -30.4 -42.4 10
      vertex -34.6 -42.4 10
    endloop
  endfacet
  facet normal 0 -1 0
    outer loop
      vertex -34.5975 -42.4 9.89696
      vertex -30.4025 -42.4 9.89696
      vertex -30.4 -42.4 10
    endloop
  endfacet
  facet normal 0 -1 0
    outer loop
      vertex -34.5899 -42.4 9.79416
      vertex -30.4025 -42.4 9.89696
      vertex -34.5975 -42.4 9.89696
    endloop
  endfacet
  facet normal 0 -1 0
    outer loop
      vertex -34.5899 -42.4 9.79416
      vertex -30.4101 -42.4 9.79416
      vertex -30.4025 -42.4 9.89696
    endloop
  endfacet
  facet normal 0 -1 0
    outer loop
      vertex -34.5773 -42.4 9.69187
      vertex -30.4101 -42.4 9.79416
      vertex -34.5899 -42.4 9.79416
    endloop
  endfacet
  facet normal 0 -1 0
    outer loop
      vertex -34.5773 -42.4 9.69187
      vertex -30.4227 -42.4 9.69187
      vertex -30.4101 -42.4 9.79416
    endloop
  endfacet
  facet normal 0 -1 0
    outer loop
      vertex -34.5596 -42.4 9.59031
      vertex -30.4227 -42.4 9.69187
      vertex -34.5773 -42.4 9.69187
    endloop
  endfacet
  facet normal 0 -1 0
    outer loop
      vertex -34.5596 -42.4 9.59031
      vertex -30.4403 -42.4 9.59031
      vertex -30.4227 -42.4 9.69187
    endloop
  endfacet
  facet normal 0 -1 0
    outer loop
      vertex -34.5371 -42.4 9.48974
      vertex -30.4403 -42.4 9.59031
      vertex -34.5596 -42.4 9.59031
    endloop
  endfacet
  facet normal 0 -1 0
    outer loop
      vertex -34.5371 -42.4 9.48974
      vertex -30.4629 -42.4 9.48974
      vertex -30.4403 -42.4 9.59031
    endloop
  endfacet
  facet normal 0 -1 0
    outer loop
      vertex -34.5096 -42.4 9.3904
      vertex -30.4629 -42.4 9.48974
      vertex -34.5371 -42.4 9.48974
    endloop
  endfacet
  facet normal 0 -1 0
    outer loop
      vertex -34.5096 -42.4 9.3904
      vertex -30.4904 -42.4 9.3904
      vertex -30.4629 -42.4 9.48974
    endloop
  endfacet
  facet normal 0 -1 0
    outer loop
      vertex -34.4772 -42.4 9.29253
      vertex -30.4904 -42.4 9.3904
      vertex -34.5096 -42.4 9.3904
    endloop
  endfacet
  facet normal 0 -1 0
    outer loop
      vertex -34.4772 -42.4 9.29253
      vertex -30.5228 -42.4 9.29253
      vertex -30.4904 -42.4 9.3904
    endloop
  endfacet
  facet normal 0 -1 0
    outer loop
      vertex -34.4401 -42.4 9.19637
      vertex -30.5228 -42.4 9.29253
      vertex -34.4772 -42.4 9.29253
    endloop
  endfacet
  facet normal 0 -1 0
    outer loop
      vertex -34.4401 -42.4 9.19637
      vertex -30.5599 -42.4 9.19637
      vertex -30.5228 -42.4 9.29253
    endloop
  endfacet
  facet normal 0 -1 0
    outer loop
      vertex -34.3984 -42.4 9.10213
      vertex -30.5599 -42.4 9.19637
      vertex -34.4401 -42.4 9.19637
    endloop
  endfacet
  facet normal 0 -1 0
    outer loop
      vertex -34.3984 -42.4 9.10213
      vertex -30.6016 -42.4 9.10213
      vertex -30.5599 -42.4 9.19637
    endloop
  endfacet
  facet normal 0 -1 0
    outer loop
      vertex -34.352 -42.4 9.01007
      vertex -30.6016 -42.4 9.10213
      vertex -34.3984 -42.4 9.10213
    endloop
  endfacet
  facet normal 0 -1 0
    outer loop
      vertex -34.352 -42.4 9.01007
      vertex -30.648 -42.4 9.01007
      vertex -30.6016 -42.4 9.10213
    endloop
  endfacet
  facet normal 0 -1 0
    outer loop
      vertex -34.3012 -42.4 8.92038
      vertex -30.648 -42.4 9.01007
      vertex -34.352 -42.4 9.01007
    endloop
  endfacet
  facet normal 0 -1 0
    outer loop
      vertex -34.3012 -42.4 8.92038
      vertex -30.6988 -42.4 8.92038
      vertex -30.648 -42.4 9.01007
    endloop
  endfacet
  facet normal 0 -1 0
    outer loop
      vertex -34.2461 -42.4 8.8333
      vertex -30.6988 -42.4 8.92038
      vertex -34.3012 -42.4 8.92038
    endloop
  endfacet
  facet normal 0 -1 0
    outer loop
      vertex -34.2461 -42.4 8.8333
      vertex -30.7539 -42.4 8.8333
      vertex -30.6988 -42.4 8.92038
    endloop
  endfacet
  facet normal 0 -1 0
    outer loop
      vertex -34.1867 -42.4 8.74903
      vertex -30.7539 -42.4 8.8333
      vertex -34.2461 -42.4 8.8333
    endloop
  endfacet
  facet normal 0 -1 0
    outer loop
      vertex -34.1867 -42.4 8.74903
      vertex -30.8133 -42.4 8.74903
      vertex -30.7539 -42.4 8.8333
    endloop
  endfacet
  facet normal 0 -1 0
    outer loop
      vertex -34.1233 -42.4 8.66777
      vertex -30.8133 -42.4 8.74903
      vertex -34.1867 -42.4 8.74903
    endloop
  endfacet
  facet normal 0 -1 0
    outer loop
      vertex -34.1233 -42.4 8.66777
      vertex -30.8767 -42.4 8.66777
      vertex -30.8133 -42.4 8.74903
    endloop
  endfacet
  facet normal 0 -1 0
    outer loop
      vertex -34.056 -42.4 8.58973
      vertex -30.8767 -42.4 8.66777
      vertex -34.1233 -42.4 8.66777
    endloop
  endfacet
  facet normal 0 -1 0
    outer loop
      vertex -34.056 -42.4 8.58973
      vertex -30.944 -42.4 8.58973
      vertex -30.8767 -42.4 8.66777
    endloop
  endfacet
  facet normal 0 -1 0
    outer loop
      vertex -33.9849 -42.4 8.51508
      vertex -30.944 -42.4 8.58973
      vertex -34.056 -42.4 8.58973
    endloop
  endfacet
  facet normal 0 -1 0
    outer loop
      vertex -33.9849 -42.4 8.51508
      vertex -31.0151 -42.4 8.51508
      vertex -30.944 -42.4 8.58973
    endloop
  endfacet
  facet normal 0 -1 0
    outer loop
      vertex -33.9103 -42.4 8.444
      vertex -31.0151 -42.4 8.51508
      vertex -33.9849 -42.4 8.51508
    endloop
  endfacet
  facet normal 0 -1 0
    outer loop
      vertex -33.9103 -42.4 8.444
      vertex -31.0897 -42.4 8.444
      vertex -31.0151 -42.4 8.51508
    endloop
  endfacet
  facet normal 0 -1 0
    outer loop
      vertex -33.8322 -42.4 8.37668
      vertex -31.0897 -42.4 8.444
      vertex -33.9103 -42.4 8.444
    endloop
  endfacet
  facet normal 0 -1 0
    outer loop
      vertex -33.8322 -42.4 8.37668
      vertex -31.1678 -42.4 8.37668
      vertex -31.0897 -42.4 8.444
    endloop
  endfacet
  facet normal 0 -1 0
    outer loop
      vertex -33.751 -42.4 8.31326
      vertex -31.1678 -42.4 8.37668
      vertex -33.8322 -42.4 8.37668
    endloop
  endfacet
  facet normal 0 -1 0
    outer loop
      vertex -33.751 -42.4 8.31326
      vertex -31.249 -42.4 8.31326
      vertex -31.1678 -42.4 8.37668
    endloop
  endfacet
  facet normal 0 -1 0
    outer loop
      vertex -33.6667 -42.4 8.25391
      vertex -31.249 -42.4 8.31326
      vertex -33.751 -42.4 8.31326
    endloop
  endfacet
  facet normal 0 -1 0
    outer loop
      vertex -33.6667 -42.4 8.25391
      vertex -31.3333 -42.4 8.25391
      vertex -31.249 -42.4 8.31326
    endloop
  endfacet
  facet normal 0 -1 0
    outer loop
      vertex -33.5796 -42.4 8.19877
      vertex -31.3333 -42.4 8.25391
      vertex -33.6667 -42.4 8.25391
    endloop
  endfacet
  facet normal 0 -1 0
    outer loop
      vertex -33.5796 -42.4 8.19877
      vertex -31.4204 -42.4 8.19877
      vertex -31.3333 -42.4 8.25391
    endloop
  endfacet
  facet normal 0 -1 0
    outer loop
      vertex -33.4899 -42.4 8.14797
      vertex -31.4204 -42.4 8.19877
      vertex -33.5796 -42.4 8.19877
    endloop
  endfacet
  facet normal 0 -1 0
    outer loop
      vertex -33.4899 -42.4 8.14797
      vertex -31.5101 -42.4 8.14797
      vertex -31.4204 -42.4 8.19877
    endloop
  endfacet
  facet normal 0 -1 0
    outer loop
      vertex -33.3979 -42.4 8.10162
      vertex -31.5101 -42.4 8.14797
      vertex -33.4899 -42.4 8.14797
    endloop
  endfacet
  facet normal 0 -1 0
    outer loop
      vertex -33.3979 -42.4 8.10162
      vertex -31.6021 -42.4 8.10162
      vertex -31.5101 -42.4 8.14797
    endloop
  endfacet
  facet normal 0 -1 0
    outer loop
      vertex -33.3036 -42.4 8.05985
      vertex -31.6021 -42.4 8.10162
      vertex -33.3979 -42.4 8.10162
    endloop
  endfacet
  facet normal 0 -1 0
    outer loop
      vertex -33.3036 -42.4 8.05985
      vertex -31.6964 -42.4 8.05985
      vertex -31.6021 -42.4 8.10162
    endloop
  endfacet
  facet normal 0 -1 0
    outer loop
      vertex -33.2075 -42.4 8.02276
      vertex -31.6964 -42.4 8.05985
      vertex -33.3036 -42.4 8.05985
    endloop
  endfacet
  facet normal 0 -1 0
    outer loop
      vertex -33.2075 -42.4 8.02276
      vertex -31.7925 -42.4 8.02276
      vertex -31.6964 -42.4 8.05985
    endloop
  endfacet
  facet normal 0 -1 0
    outer loop
      vertex -33.1096 -42.4 7.99043
      vertex -31.7925 -42.4 8.02276
      vertex -33.2075 -42.4 8.02276
    endloop
  endfacet
  facet normal 0 -1 0
    outer loop
      vertex -33.1096 -42.4 7.99043
      vertex -31.8904 -42.4 7.99043
      vertex -31.7925 -42.4 8.02276
    endloop
  endfacet
  facet normal 0 -1 0
    outer loop
      vertex -33.0103 -42.4 7.96293
      vertex -31.8904 -42.4 7.99043
      vertex -33.1096 -42.4 7.99043
    endloop
  endfacet
  facet normal 0 -1 0
    outer loop
      vertex -33.0103 -42.4 7.96293
      vertex -31.9897 -42.4 7.96293
      vertex -31.8904 -42.4 7.99043
    endloop
  endfacet
  facet normal 0 -1 0
    outer loop
      vertex -32.9097 -42.4 7.94035
      vertex -31.9897 -42.4 7.96293
      vertex -33.0103 -42.4 7.96293
    endloop
  endfacet
  facet normal 0 -1 0
    outer loop
      vertex -32.9097 -42.4 7.94035
      vertex -32.0903 -42.4 7.94035
      vertex -31.9897 -42.4 7.96293
    endloop
  endfacet
  facet normal 0 -1 0
    outer loop
      vertex -32.8081 -42.4 7.92273
      vertex -32.0903 -42.4 7.94035
      vertex -32.9097 -42.4 7.94035
    endloop
  endfacet
  facet normal 0 -1 0
    outer loop
      vertex -32.8081 -42.4 7.92273
      vertex -32.1919 -42.4 7.92273
      vertex -32.0903 -42.4 7.94035
    endloop
  endfacet
  facet normal 0 -1 0
    outer loop
      vertex -32.7058 -42.4 7.91011
      vertex -32.1919 -42.4 7.92273
      vertex -32.8081 -42.4 7.92273
    endloop
  endfacet
  facet normal 0 -1 0
    outer loop
      vertex -32.7058 -42.4 7.91011
      vertex -32.2942 -42.4 7.91011
      vertex -32.1919 -42.4 7.92273
    endloop
  endfacet
  facet normal 0 -1 0
    outer loop
      vertex -32.603 -42.4 7.90253
      vertex -32.2942 -42.4 7.91011
      vertex -32.7058 -42.4 7.91011
    endloop
  endfacet
  facet normal 0 -1 0
    outer loop
      vertex -32.603 -42.4 7.90253
      vertex -32.397 -42.4 7.90253
      vertex -32.2942 -42.4 7.91011
    endloop
  endfacet
  facet normal -0 -1 0
    outer loop
      vertex -32.397 -42.4 7.90253
      vertex -32.603 -42.4 7.90253
      vertex -32.5 -42.4 7.9
    endloop
  endfacet
  facet normal 0.997278 -0 0.0737287
    outer loop
      vertex -34.5975 -49.4 9.89696
      vertex -34.5899 -42.4 9.79416
      vertex -34.5975 -42.4 9.89696
    endloop
  endfacet
  facet normal 0.997278 0 0.0737287
    outer loop
      vertex -34.5899 -42.4 9.79416
      vertex -34.5975 -49.4 9.89696
      vertex -34.5899 -49.4 9.79416
    endloop
  endfacet
  facet normal 0.404996 0 0.914319
    outer loop
      vertex -33.3979 -42.4 8.10162
      vertex -33.3036 -49.4 8.05985
      vertex -33.3036 -42.4 8.05985
    endloop
  endfacet
  facet normal 0.404996 0 0.914319
    outer loop
      vertex -33.3036 -49.4 8.05985
      vertex -33.3979 -42.4 8.10162
      vertex -33.3979 -49.4 8.10162
    endloop
  endfacet
  facet normal 0.0735358 0 0.997293
    outer loop
      vertex -32.7058 -42.4 7.91011
      vertex -32.603 -49.4 7.90253
      vertex -32.603 -42.4 7.90253
    endloop
  endfacet
  facet normal 0.0735358 0 0.997293
    outer loop
      vertex -32.603 -49.4 7.90253
      vertex -32.7058 -42.4 7.91011
      vertex -32.7058 -49.4 7.91011
    endloop
  endfacet
  facet normal 0.170875 0 0.985293
    outer loop
      vertex -32.9097 -42.4 7.94035
      vertex -32.8081 -49.4 7.92273
      vertex -32.8081 -42.4 7.92273
    endloop
  endfacet
  facet normal 0.170875 0 0.985293
    outer loop
      vertex -32.8081 -49.4 7.92273
      vertex -32.9097 -42.4 7.94035
      vertex -32.9097 -49.4 7.94035
    endloop
  endfacet
  facet normal 0.724115 -0 0.689679
    outer loop
      vertex -34.056 -49.4 8.58973
      vertex -33.9849 -42.4 8.51508
      vertex -34.056 -42.4 8.58973
    endloop
  endfacet
  facet normal 0.724115 0 0.689679
    outer loop
      vertex -33.9849 -42.4 8.51508
      vertex -34.056 -49.4 8.58973
      vertex -33.9849 -49.4 8.51508
    endloop
  endfacet
  facet normal 0.757294 -0 0.653074
    outer loop
      vertex -34.1233 -49.4 8.66777
      vertex -34.056 -42.4 8.58973
      vertex -34.1233 -42.4 8.66777
    endloop
  endfacet
  facet normal 0.757294 0 0.653074
    outer loop
      vertex -34.056 -42.4 8.58973
      vertex -34.1233 -49.4 8.66777
      vertex -34.056 -49.4 8.58973
    endloop
  endfacet
  facet normal 0.68982 0 0.723981
    outer loop
      vertex -33.9849 -42.4 8.51508
      vertex -33.9103 -49.4 8.444
      vertex -33.9103 -42.4 8.444
    endloop
  endfacet
  facet normal 0.68982 0 0.723981
    outer loop
      vertex -33.9103 -49.4 8.444
      vertex -33.9849 -42.4 8.51508
      vertex -33.9849 -49.4 8.51508
    endloop
  endfacet
  facet normal -0.652786 0 -0.757542
    outer loop
      vertex -41.6678 -49.4 56.6233
      vertex -41.5897 -42.4 56.556
      vertex -41.5897 -49.4 56.556
    endloop
  endfacet
  facet normal -0.652786 0 -0.757542
    outer loop
      vertex -41.5897 -42.4 56.556
      vertex -41.6678 -49.4 56.6233
      vertex -41.6678 -42.4 56.6233
    endloop
  endfacet
  facet normal 0.404428 0 -0.91457
    outer loop
      vertex -43.8979 -49.4 56.8984
      vertex -43.8036 -42.4 56.9401
      vertex -43.8036 -49.4 56.9401
    endloop
  endfacet
  facet normal 0.404428 0 -0.91457
    outer loop
      vertex -43.8036 -42.4 56.9401
      vertex -43.8979 -49.4 56.8984
      vertex -43.8979 -42.4 56.8984
    endloop
  endfacet
  facet normal 0.932895 0 -0.36015
    outer loop
      vertex -44.9401 -49.4 55.8036
      vertex -44.9772 -42.4 55.7075
      vertex -44.9401 -42.4 55.8036
    endloop
  endfacet
  facet normal 0.932895 0 -0.36015
    outer loop
      vertex -44.9772 -42.4 55.7075
      vertex -44.9401 -49.4 55.8036
      vertex -44.9772 -49.4 55.7075
    endloop
  endfacet
  facet normal -0.94936 0 -0.314191
    outer loop
      vertex -40.9904 -49.4 55.6096
      vertex -41.0228 -42.4 55.7075
      vertex -40.9904 -42.4 55.6096
    endloop
  endfacet
  facet normal -0.94936 -0 -0.314191
    outer loop
      vertex -41.0228 -42.4 55.7075
      vertex -40.9904 -49.4 55.6096
      vertex -41.0228 -49.4 55.7075
    endloop
  endfacet
  facet normal -0.892869 0 -0.450317
    outer loop
      vertex -41.1016 -49.4 55.8979
      vertex -41.148 -42.4 55.9899
      vertex -41.1016 -42.4 55.8979
    endloop
  endfacet
  facet normal -0.892869 -0 -0.450317
    outer loop
      vertex -41.148 -42.4 55.9899
      vertex -41.1016 -49.4 55.8979
      vertex -41.148 -49.4 55.9899
    endloop
  endfacet
  facet normal -0.36015 0 -0.932895
    outer loop
      vertex -42.2925 -49.4 56.9772
      vertex -42.1964 -42.4 56.9401
      vertex -42.1964 -49.4 56.9401
    endloop
  endfacet
  facet normal -0.36015 0 -0.932895
    outer loop
      vertex -42.1964 -42.4 56.9401
      vertex -42.2925 -49.4 56.9772
      vertex -42.2925 -42.4 56.9772
    endloop
  endfacet
  facet normal 0.757542 0 -0.652786
    outer loop
      vertex -44.556 -49.4 56.4103
      vertex -44.6233 -42.4 56.3322
      vertex -44.556 -42.4 56.4103
    endloop
  endfacet
  facet normal 0.757542 0 -0.652786
    outer loop
      vertex -44.6233 -42.4 56.3322
      vertex -44.556 -49.4 56.4103
      vertex -44.6233 -49.4 56.3322
    endloop
  endfacet
  facet normal 0.218266 0 -0.975889
    outer loop
      vertex -43.5103 -49.4 57.0371
      vertex -43.4097 -42.4 57.0596
      vertex -43.4097 -49.4 57.0596
    endloop
  endfacet
  facet normal 0.218266 0 -0.975889
    outer loop
      vertex -43.4097 -42.4 57.0596
      vertex -43.5103 -49.4 57.0371
      vertex -43.5103 -42.4 57.0371
    endloop
  endfacet
  facet normal -0.757542 0 0.652786
    outer loop
      vertex -41.444 -49.4 53.5897
      vertex -41.3767 -42.4 53.6678
      vertex -41.444 -42.4 53.5897
    endloop
  endfacet
  facet normal -0.757542 0 0.652786
    outer loop
      vertex -41.3767 -42.4 53.6678
      vertex -41.444 -49.4 53.5897
      vertex -41.3767 -49.4 53.6678
    endloop
  endfacet
  facet normal 0.652786 0 0.757542
    outer loop
      vertex -44.4103 -42.4 53.444
      vertex -44.3322 -49.4 53.3767
      vertex -44.3322 -42.4 53.3767
    endloop
  endfacet
  facet normal 0.652786 0 0.757542
    outer loop
      vertex -44.3322 -49.4 53.3767
      vertex -44.4103 -42.4 53.444
      vertex -44.4103 -49.4 53.444
    endloop
  endfacet
  facet normal 0.985162 -0 0.171628
    outer loop
      vertex -45.0773 -49.4 54.6919
      vertex -45.0596 -42.4 54.5903
      vertex -45.0773 -42.4 54.6919
    endloop
  endfacet
  facet normal 0.985162 0 0.171628
    outer loop
      vertex -45.0596 -42.4 54.5903
      vertex -45.0773 -49.4 54.6919
      vertex -45.0596 -49.4 54.5903
    endloop
  endfacet
  facet normal -0.975682 0 -0.219189
    outer loop
      vertex -40.9403 -49.4 55.4097
      vertex -40.9629 -42.4 55.5103
      vertex -40.9403 -42.4 55.4097
    endloop
  endfacet
  facet normal -0.975682 -0 -0.219189
    outer loop
      vertex -40.9629 -42.4 55.5103
      vertex -40.9403 -49.4 55.4097
      vertex -40.9629 -49.4 55.5103
    endloop
  endfacet
  facet normal -0.817451 0 -0.575998
    outer loop
      vertex -41.2539 -49.4 56.1667
      vertex -41.3133 -42.4 56.251
      vertex -41.2539 -42.4 56.1667
    endloop
  endfacet
  facet normal -0.817451 -0 -0.575998
    outer loop
      vertex -41.3133 -42.4 56.251
      vertex -41.2539 -49.4 56.1667
      vertex -41.3133 -49.4 56.251
    endloop
  endfacet
  facet normal -0.534613 0 -0.845097
    outer loop
      vertex -41.9204 -49.4 56.8012
      vertex -41.8333 -42.4 56.7461
      vertex -41.8333 -49.4 56.7461
    endloop
  endfacet
  facet normal -0.534613 0 -0.845097
    outer loop
      vertex -41.8333 -42.4 56.7461
      vertex -41.9204 -49.4 56.8012
      vertex -41.9204 -42.4 56.8012
    endloop
  endfacet
  facet normal 0.0242647 0 -0.999706
    outer loop
      vertex -43.103 -49.4 57.0975
      vertex -43 -42.4 57.1
      vertex -43 -49.4 57.1
    endloop
  endfacet
  facet normal 0.0242647 0 -0.999706
    outer loop
      vertex -43 -42.4 57.1
      vertex -43.103 -49.4 57.0975
      vertex -43.103 -42.4 57.0975
    endloop
  endfacet
  facet normal -0.171628 0 -0.985162
    outer loop
      vertex -42.6919 -49.4 57.0773
      vertex -42.5903 -42.4 57.0596
      vertex -42.5903 -49.4 57.0596
    endloop
  endfacet
  facet normal -0.171628 0 -0.985162
    outer loop
      vertex -42.5903 -42.4 57.0596
      vertex -42.6919 -49.4 57.0773
      vertex -42.6919 -42.4 57.0773
    endloop
  endfacet
  facet normal 0.985162 0 -0.171628
    outer loop
      vertex -45.0596 -49.4 55.4097
      vertex -45.0773 -42.4 55.3081
      vertex -45.0596 -42.4 55.4097
    endloop
  endfacet
  facet normal 0.985162 0 -0.171628
    outer loop
      vertex -45.0773 -42.4 55.3081
      vertex -45.0596 -49.4 55.4097
      vertex -45.0773 -49.4 55.3081
    endloop
  endfacet
  facet normal 0.845097 0 -0.534613
    outer loop
      vertex -44.7461 -49.4 56.1667
      vertex -44.8012 -42.4 56.0796
      vertex -44.7461 -42.4 56.1667
    endloop
  endfacet
  facet normal 0.845097 0 -0.534613
    outer loop
      vertex -44.8012 -42.4 56.0796
      vertex -44.7461 -49.4 56.1667
      vertex -44.8012 -49.4 56.0796
    endloop
  endfacet
  facet normal 0.122243 0 -0.9925
    outer loop
      vertex -43.3081 -49.4 57.0773
      vertex -43.2058 -42.4 57.0899
      vertex -43.2058 -49.4 57.0899
    endloop
  endfacet
  facet normal 0.122243 0 -0.9925
    outer loop
      vertex -43.2058 -42.4 57.0899
      vertex -43.3081 -49.4 57.0773
      vertex -43.3081 -42.4 57.0773
    endloop
  endfacet
  facet normal 0.575998 0 -0.817451
    outer loop
      vertex -44.251 -49.4 56.6867
      vertex -44.1667 -42.4 56.7461
      vertex -44.1667 -49.4 56.7461
    endloop
  endfacet
  facet normal 0.575998 0 -0.817451
    outer loop
      vertex -44.1667 -42.4 56.7461
      vertex -44.251 -49.4 56.6867
      vertex -44.251 -42.4 56.6867
    endloop
  endfacet
  facet normal 0.492792 0 -0.870147
    outer loop
      vertex -44.0796 -49.4 56.8012
      vertex -43.9899 -42.4 56.852
      vertex -43.9899 -49.4 56.852
    endloop
  endfacet
  facet normal 0.492792 0 -0.870147
    outer loop
      vertex -43.9899 -42.4 56.852
      vertex -44.0796 -49.4 56.8012
      vertex -44.0796 -42.4 56.8012
    endloop
  endfacet
  facet normal -0.999706 0 -0.0242647
    outer loop
      vertex -40.9 -49.4 55
      vertex -40.9025 -42.4 55.103
      vertex -40.9 -42.4 55
    endloop
  endfacet
  facet normal -0.999706 -0 -0.0242647
    outer loop
      vertex -40.9025 -42.4 55.103
      vertex -40.9 -49.4 55
      vertex -40.9025 -49.4 55.103
    endloop
  endfacet
  facet normal -0.845097 0 0.534613
    outer loop
      vertex -41.2539 -49.4 53.8333
      vertex -41.1988 -42.4 53.9204
      vertex -41.2539 -42.4 53.8333
    endloop
  endfacet
  facet normal -0.845097 0 0.534613
    outer loop
      vertex -41.1988 -42.4 53.9204
      vertex -41.2539 -49.4 53.8333
      vertex -41.1988 -49.4 53.9204
    endloop
  endfacet
  facet normal -0.0242647 0 0.999706
    outer loop
      vertex -43 -42.4 52.9
      vertex -42.897 -49.4 52.9025
      vertex -42.897 -42.4 52.9025
    endloop
  endfacet
  facet normal -0.0242647 0 0.999706
    outer loop
      vertex -42.897 -49.4 52.9025
      vertex -43 -42.4 52.9
      vertex -43 -49.4 52.9
    endloop
  endfacet
  facet normal 0.170686 0 0.985325
    outer loop
      vertex -43.4097 -42.4 52.9403
      vertex -43.3081 -49.4 52.9227
      vertex -43.3081 -42.4 52.9227
    endloop
  endfacet
  facet normal 0.170686 0 0.985325
    outer loop
      vertex -43.3081 -49.4 52.9227
      vertex -43.4097 -42.4 52.9403
      vertex -43.4097 -49.4 52.9403
    endloop
  endfacet
  facet normal 0.932895 -0 0.36015
    outer loop
      vertex -44.9772 -49.4 54.2925
      vertex -44.9401 -42.4 54.1964
      vertex -44.9772 -42.4 54.2925
    endloop
  endfacet
  facet normal 0.932895 0 0.36015
    outer loop
      vertex -44.9401 -42.4 54.1964
      vertex -44.9772 -49.4 54.2925
      vertex -44.9401 -49.4 54.1964
    endloop
  endfacet
  facet normal 0.788201 -0 0.615418
    outer loop
      vertex -44.6867 -49.4 53.749
      vertex -44.6233 -42.4 53.6678
      vertex -44.6867 -42.4 53.749
    endloop
  endfacet
  facet normal 0.788201 0 0.615418
    outer loop
      vertex -44.6233 -42.4 53.6678
      vertex -44.6867 -49.4 53.749
      vertex -44.6233 -49.4 53.6678
    endloop
  endfacet
  facet normal -0.9925 0 -0.122243
    outer loop
      vertex -40.9101 -49.4 55.2058
      vertex -40.9227 -42.4 55.3081
      vertex -40.9101 -42.4 55.2058
    endloop
  endfacet
  facet normal -0.9925 -0 -0.122243
    outer loop
      vertex -40.9227 -42.4 55.3081
      vertex -40.9101 -49.4 55.2058
      vertex -40.9227 -49.4 55.3081
    endloop
  endfacet
  facet normal -0.997278 0 -0.0737287
    outer loop
      vertex -40.9025 -49.4 55.103
      vertex -40.9101 -42.4 55.2058
      vertex -40.9025 -42.4 55.103
    endloop
  endfacet
  facet normal -0.997278 -0 -0.0737287
    outer loop
      vertex -40.9101 -42.4 55.2058
      vertex -40.9025 -49.4 55.103
      vertex -40.9101 -49.4 55.2058
    endloop
  endfacet
  facet normal -0.985325 0 -0.170686
    outer loop
      vertex -40.9227 -49.4 55.3081
      vertex -40.9403 -42.4 55.4097
      vertex -40.9227 -42.4 55.3081
    endloop
  endfacet
  facet normal -0.985325 -0 -0.170686
    outer loop
      vertex -40.9403 -42.4 55.4097
      vertex -40.9227 -49.4 55.3081
      vertex -40.9403 -49.4 55.4097
    endloop
  endfacet
  facet normal -0.91457 0 -0.404428
    outer loop
      vertex -41.0599 -49.4 55.8036
      vertex -41.1016 -42.4 55.8979
      vertex -41.0599 -42.4 55.8036
    endloop
  endfacet
  facet normal -0.91457 -0 -0.404428
    outer loop
      vertex -41.1016 -42.4 55.8979
      vertex -41.0599 -49.4 55.8036
      vertex -41.1016 -49.4 55.8979
    endloop
  endfacet
  facet normal -0.932895 0 -0.36015
    outer loop
      vertex -41.0228 -49.4 55.7075
      vertex -41.0599 -42.4 55.8036
      vertex -41.0228 -42.4 55.7075
    endloop
  endfacet
  facet normal -0.932895 -0 -0.36015
    outer loop
      vertex -41.0599 -42.4 55.8036
      vertex -41.0228 -49.4 55.7075
      vertex -41.0599 -49.4 55.8036
    endloop
  endfacet
  facet normal -0.963726 0 -0.266893
    outer loop
      vertex -40.9629 -49.4 55.5103
      vertex -40.9904 -42.4 55.6096
      vertex -40.9629 -42.4 55.5103
    endloop
  endfacet
  facet normal -0.963726 -0 -0.266893
    outer loop
      vertex -40.9904 -42.4 55.6096
      vertex -40.9629 -49.4 55.5103
      vertex -40.9904 -49.4 55.6096
    endloop
  endfacet
  facet normal -0.870147 0 -0.492792
    outer loop
      vertex -41.148 -49.4 55.9899
      vertex -41.1988 -42.4 56.0796
      vertex -41.148 -42.4 55.9899
    endloop
  endfacet
  facet normal -0.870147 -0 -0.492792
    outer loop
      vertex -41.1988 -42.4 56.0796
      vertex -41.148 -49.4 55.9899
      vertex -41.1988 -49.4 56.0796
    endloop
  endfacet
  facet normal -0.845097 0 -0.534613
    outer loop
      vertex -41.1988 -49.4 56.0796
      vertex -41.2539 -42.4 56.1667
      vertex -41.1988 -42.4 56.0796
    endloop
  endfacet
  facet normal -0.845097 -0 -0.534613
    outer loop
      vertex -41.2539 -42.4 56.1667
      vertex -41.1988 -49.4 56.0796
      vertex -41.2539 -49.4 56.1667
    endloop
  endfacet
  facet normal -0.757542 0 -0.652786
    outer loop
      vertex -41.3767 -49.4 56.3322
      vertex -41.444 -42.4 56.4103
      vertex -41.3767 -42.4 56.3322
    endloop
  endfacet
  facet normal -0.757542 -0 -0.652786
    outer loop
      vertex -41.444 -42.4 56.4103
      vertex -41.3767 -49.4 56.3322
      vertex -41.444 -49.4 56.4103
    endloop
  endfacet
  facet normal -0.723884 0 -0.689922
    outer loop
      vertex -41.444 -49.4 56.4103
      vertex -41.5151 -42.4 56.4849
      vertex -41.444 -42.4 56.4103
    endloop
  endfacet
  facet normal -0.723884 -0 -0.689922
    outer loop
      vertex -41.5151 -42.4 56.4849
      vertex -41.444 -49.4 56.4103
      vertex -41.5151 -49.4 56.4849
    endloop
  endfacet
  facet normal -0.788201 0 -0.615418
    outer loop
      vertex -41.3133 -49.4 56.251
      vertex -41.3767 -42.4 56.3322
      vertex -41.3133 -42.4 56.251
    endloop
  endfacet
  facet normal -0.788201 -0 -0.615418
    outer loop
      vertex -41.3767 -42.4 56.3322
      vertex -41.3133 -49.4 56.251
      vertex -41.3767 -49.4 56.3322
    endloop
  endfacet
  facet normal -0.689922 0 -0.723884
    outer loop
      vertex -41.5897 -49.4 56.556
      vertex -41.5151 -42.4 56.4849
      vertex -41.5151 -49.4 56.4849
    endloop
  endfacet
  facet normal -0.689922 0 -0.723884
    outer loop
      vertex -41.5151 -42.4 56.4849
      vertex -41.5897 -49.4 56.556
      vertex -41.5897 -42.4 56.556
    endloop
  endfacet
  facet normal -0.615418 0 -0.788201
    outer loop
      vertex -41.749 -49.4 56.6867
      vertex -41.6678 -42.4 56.6233
      vertex -41.6678 -49.4 56.6233
    endloop
  endfacet
  facet normal -0.615418 0 -0.788201
    outer loop
      vertex -41.6678 -42.4 56.6233
      vertex -41.749 -49.4 56.6867
      vertex -41.749 -42.4 56.6867
    endloop
  endfacet
  facet normal -0.0737287 0 -0.997278
    outer loop
      vertex -42.897 -49.4 57.0975
      vertex -42.7942 -42.4 57.0899
      vertex -42.7942 -49.4 57.0899
    endloop
  endfacet
  facet normal -0.0737287 0 -0.997278
    outer loop
      vertex -42.7942 -42.4 57.0899
      vertex -42.897 -49.4 57.0975
      vertex -42.897 -42.4 57.0975
    endloop
  endfacet
  facet normal -0.575998 0 -0.817451
    outer loop
      vertex -41.8333 -49.4 56.7461
      vertex -41.749 -42.4 56.6867
      vertex -41.749 -49.4 56.6867
    endloop
  endfacet
  facet normal -0.575998 0 -0.817451
    outer loop
      vertex -41.749 -42.4 56.6867
      vertex -41.8333 -49.4 56.7461
      vertex -41.8333 -42.4 56.7461
    endloop
  endfacet
  facet normal -0.450317 0 -0.892869
    outer loop
      vertex -42.1021 -49.4 56.8984
      vertex -42.0101 -42.4 56.852
      vertex -42.0101 -49.4 56.852
    endloop
  endfacet
  facet normal -0.450317 0 -0.892869
    outer loop
      vertex -42.0101 -42.4 56.852
      vertex -42.1021 -49.4 56.8984
      vertex -42.1021 -42.4 56.8984
    endloop
  endfacet
  facet normal -0.404428 0 -0.91457
    outer loop
      vertex -42.1964 -49.4 56.9401
      vertex -42.1021 -42.4 56.8984
      vertex -42.1021 -49.4 56.8984
    endloop
  endfacet
  facet normal -0.404428 0 -0.91457
    outer loop
      vertex -42.1021 -42.4 56.8984
      vertex -42.1964 -49.4 56.9401
      vertex -42.1964 -42.4 56.9401
    endloop
  endfacet
  facet normal -0.492792 0 -0.870147
    outer loop
      vertex -42.0101 -49.4 56.852
      vertex -41.9204 -42.4 56.8012
      vertex -41.9204 -49.4 56.8012
    endloop
  endfacet
  facet normal -0.492792 0 -0.870147
    outer loop
      vertex -41.9204 -42.4 56.8012
      vertex -42.0101 -49.4 56.852
      vertex -42.0101 -42.4 56.852
    endloop
  endfacet
  facet normal -0.266893 0 -0.963726
    outer loop
      vertex -42.4897 -49.4 57.0371
      vertex -42.3904 -42.4 57.0096
      vertex -42.3904 -49.4 57.0096
    endloop
  endfacet
  facet normal -0.266893 0 -0.963726
    outer loop
      vertex -42.3904 -42.4 57.0096
      vertex -42.4897 -49.4 57.0371
      vertex -42.4897 -42.4 57.0371
    endloop
  endfacet
  facet normal -0.314191 0 -0.94936
    outer loop
      vertex -42.3904 -49.4 57.0096
      vertex -42.2925 -42.4 56.9772
      vertex -42.2925 -49.4 56.9772
    endloop
  endfacet
  facet normal -0.314191 0 -0.94936
    outer loop
      vertex -42.2925 -42.4 56.9772
      vertex -42.3904 -49.4 57.0096
      vertex -42.3904 -42.4 57.0096
    endloop
  endfacet
  facet normal -0.122243 0 -0.9925
    outer loop
      vertex -42.7942 -49.4 57.0899
      vertex -42.6919 -42.4 57.0773
      vertex -42.6919 -49.4 57.0773
    endloop
  endfacet
  facet normal -0.122243 0 -0.9925
    outer loop
      vertex -42.6919 -42.4 57.0773
      vertex -42.7942 -49.4 57.0899
      vertex -42.7942 -42.4 57.0899
    endloop
  endfacet
  facet normal -0.0242647 0 -0.999706
    outer loop
      vertex -43 -49.4 57.1
      vertex -42.897 -42.4 57.0975
      vertex -42.897 -49.4 57.0975
    endloop
  endfacet
  facet normal -0.0242647 0 -0.999706
    outer loop
      vertex -42.897 -42.4 57.0975
      vertex -43 -49.4 57.1
      vertex -43 -42.4 57.1
    endloop
  endfacet
  facet normal -0.218266 0 -0.975889
    outer loop
      vertex -42.5903 -49.4 57.0596
      vertex -42.4897 -42.4 57.0371
      vertex -42.4897 -49.4 57.0371
    endloop
  endfacet
  facet normal -0.218266 0 -0.975889
    outer loop
      vertex -42.4897 -42.4 57.0371
      vertex -42.5903 -49.4 57.0596
      vertex -42.5903 -42.4 57.0596
    endloop
  endfacet
  facet normal 0.997278 0 -0.0737287
    outer loop
      vertex -45.0899 -49.4 55.2058
      vertex -45.0975 -42.4 55.103
      vertex -45.0899 -42.4 55.2058
    endloop
  endfacet
  facet normal 0.997278 0 -0.0737287
    outer loop
      vertex -45.0975 -42.4 55.103
      vertex -45.0899 -49.4 55.2058
      vertex -45.0975 -49.4 55.103
    endloop
  endfacet
  facet normal 0 -1 0
    outer loop
      vertex -43.103 -42.4 57.0975
      vertex -42.897 -42.4 57.0975
      vertex -43 -42.4 57.1
    endloop
  endfacet
  facet normal 0 -1 0
    outer loop
      vertex -43.2058 -42.4 57.0899
      vertex -42.897 -42.4 57.0975
      vertex -43.103 -42.4 57.0975
    endloop
  endfacet
  facet normal 0 -1 0
    outer loop
      vertex -43.2058 -42.4 57.0899
      vertex -42.7942 -42.4 57.0899
      vertex -42.897 -42.4 57.0975
    endloop
  endfacet
  facet normal 0 -1 0
    outer loop
      vertex -43.3081 -42.4 57.0773
      vertex -42.7942 -42.4 57.0899
      vertex -43.2058 -42.4 57.0899
    endloop
  endfacet
  facet normal 0 -1 0
    outer loop
      vertex -43.3081 -42.4 57.0773
      vertex -42.6919 -42.4 57.0773
      vertex -42.7942 -42.4 57.0899
    endloop
  endfacet
  facet normal 0 -1 0
    outer loop
      vertex -43.4097 -42.4 57.0596
      vertex -42.6919 -42.4 57.0773
      vertex -43.3081 -42.4 57.0773
    endloop
  endfacet
  facet normal 0 -1 0
    outer loop
      vertex -43.4097 -42.4 57.0596
      vertex -42.5903 -42.4 57.0596
      vertex -42.6919 -42.4 57.0773
    endloop
  endfacet
  facet normal 0 -1 0
    outer loop
      vertex -43.5103 -42.4 57.0371
      vertex -42.5903 -42.4 57.0596
      vertex -43.4097 -42.4 57.0596
    endloop
  endfacet
  facet normal 0 -1 0
    outer loop
      vertex -43.5103 -42.4 57.0371
      vertex -42.4897 -42.4 57.0371
      vertex -42.5903 -42.4 57.0596
    endloop
  endfacet
  facet normal 0 -1 0
    outer loop
      vertex -43.6096 -42.4 57.0096
      vertex -42.4897 -42.4 57.0371
      vertex -43.5103 -42.4 57.0371
    endloop
  endfacet
  facet normal 0 -1 0
    outer loop
      vertex -43.6096 -42.4 57.0096
      vertex -42.3904 -42.4 57.0096
      vertex -42.4897 -42.4 57.0371
    endloop
  endfacet
  facet normal 0 -1 0
    outer loop
      vertex -43.7075 -42.4 56.9772
      vertex -42.3904 -42.4 57.0096
      vertex -43.6096 -42.4 57.0096
    endloop
  endfacet
  facet normal 0 -1 0
    outer loop
      vertex -43.7075 -42.4 56.9772
      vertex -42.2925 -42.4 56.9772
      vertex -42.3904 -42.4 57.0096
    endloop
  endfacet
  facet normal 0 -1 0
    outer loop
      vertex -43.8036 -42.4 56.9401
      vertex -42.2925 -42.4 56.9772
      vertex -43.7075 -42.4 56.9772
    endloop
  endfacet
  facet normal 0 -1 0
    outer loop
      vertex -43.8036 -42.4 56.9401
      vertex -42.1964 -42.4 56.9401
      vertex -42.2925 -42.4 56.9772
    endloop
  endfacet
  facet normal 0 -1 0
    outer loop
      vertex -43.8979 -42.4 56.8984
      vertex -42.1964 -42.4 56.9401
      vertex -43.8036 -42.4 56.9401
    endloop
  endfacet
  facet normal 0 -1 0
    outer loop
      vertex -43.8979 -42.4 56.8984
      vertex -42.1021 -42.4 56.8984
      vertex -42.1964 -42.4 56.9401
    endloop
  endfacet
  facet normal 0 -1 0
    outer loop
      vertex -43.9899 -42.4 56.852
      vertex -42.1021 -42.4 56.8984
      vertex -43.8979 -42.4 56.8984
    endloop
  endfacet
  facet normal 0 -1 0
    outer loop
      vertex -43.9899 -42.4 56.852
      vertex -42.0101 -42.4 56.852
      vertex -42.1021 -42.4 56.8984
    endloop
  endfacet
  facet normal 0 -1 0
    outer loop
      vertex -44.0796 -42.4 56.8012
      vertex -42.0101 -42.4 56.852
      vertex -43.9899 -42.4 56.852
    endloop
  endfacet
  facet normal 0 -1 0
    outer loop
      vertex -44.0796 -42.4 56.8012
      vertex -41.9204 -42.4 56.8012
      vertex -42.0101 -42.4 56.852
    endloop
  endfacet
  facet normal 0 -1 0
    outer loop
      vertex -44.1667 -42.4 56.7461
      vertex -41.9204 -42.4 56.8012
      vertex -44.0796 -42.4 56.8012
    endloop
  endfacet
  facet normal 0 -1 0
    outer loop
      vertex -44.1667 -42.4 56.7461
      vertex -41.8333 -42.4 56.7461
      vertex -41.9204 -42.4 56.8012
    endloop
  endfacet
  facet normal 0 -1 0
    outer loop
      vertex -44.251 -42.4 56.6867
      vertex -41.8333 -42.4 56.7461
      vertex -44.1667 -42.4 56.7461
    endloop
  endfacet
  facet normal 0 -1 0
    outer loop
      vertex -44.251 -42.4 56.6867
      vertex -41.749 -42.4 56.6867
      vertex -41.8333 -42.4 56.7461
    endloop
  endfacet
  facet normal 0 -1 0
    outer loop
      vertex -44.3322 -42.4 56.6233
      vertex -41.749 -42.4 56.6867
      vertex -44.251 -42.4 56.6867
    endloop
  endfacet
  facet normal 0 -1 0
    outer loop
      vertex -44.3322 -42.4 56.6233
      vertex -41.6678 -42.4 56.6233
      vertex -41.749 -42.4 56.6867
    endloop
  endfacet
  facet normal 0 -1 0
    outer loop
      vertex -44.4103 -42.4 56.556
      vertex -41.6678 -42.4 56.6233
      vertex -44.3322 -42.4 56.6233
    endloop
  endfacet
  facet normal 0 -1 0
    outer loop
      vertex -44.4103 -42.4 56.556
      vertex -41.5897 -42.4 56.556
      vertex -41.6678 -42.4 56.6233
    endloop
  endfacet
  facet normal 0 -1 0
    outer loop
      vertex -44.4849 -42.4 56.4849
      vertex -41.5897 -42.4 56.556
      vertex -44.4103 -42.4 56.556
    endloop
  endfacet
  facet normal 0 -1 0
    outer loop
      vertex -44.4849 -42.4 56.4849
      vertex -41.5151 -42.4 56.4849
      vertex -41.5897 -42.4 56.556
    endloop
  endfacet
  facet normal 0 -1 0
    outer loop
      vertex -44.556 -42.4 56.4103
      vertex -41.5151 -42.4 56.4849
      vertex -44.4849 -42.4 56.4849
    endloop
  endfacet
  facet normal 0 -1 0
    outer loop
      vertex -44.556 -42.4 56.4103
      vertex -41.444 -42.4 56.4103
      vertex -41.5151 -42.4 56.4849
    endloop
  endfacet
  facet normal 0 -1 0
    outer loop
      vertex -44.6233 -42.4 56.3322
      vertex -41.444 -42.4 56.4103
      vertex -44.556 -42.4 56.4103
    endloop
  endfacet
  facet normal 0 -1 0
    outer loop
      vertex -44.6233 -42.4 56.3322
      vertex -41.3767 -42.4 56.3322
      vertex -41.444 -42.4 56.4103
    endloop
  endfacet
  facet normal 0 -1 0
    outer loop
      vertex -44.6867 -42.4 56.251
      vertex -41.3767 -42.4 56.3322
      vertex -44.6233 -42.4 56.3322
    endloop
  endfacet
  facet normal 0 -1 0
    outer loop
      vertex -44.6867 -42.4 56.251
      vertex -41.3133 -42.4 56.251
      vertex -41.3767 -42.4 56.3322
    endloop
  endfacet
  facet normal 0 -1 0
    outer loop
      vertex -44.7461 -42.4 56.1667
      vertex -41.3133 -42.4 56.251
      vertex -44.6867 -42.4 56.251
    endloop
  endfacet
  facet normal 0 -1 0
    outer loop
      vertex -44.7461 -42.4 56.1667
      vertex -41.2539 -42.4 56.1667
      vertex -41.3133 -42.4 56.251
    endloop
  endfacet
  facet normal 0 -1 0
    outer loop
      vertex -44.8012 -42.4 56.0796
      vertex -41.2539 -42.4 56.1667
      vertex -44.7461 -42.4 56.1667
    endloop
  endfacet
  facet normal 0 -1 0
    outer loop
      vertex -44.8012 -42.4 56.0796
      vertex -41.1988 -42.4 56.0796
      vertex -41.2539 -42.4 56.1667
    endloop
  endfacet
  facet normal 0 -1 0
    outer loop
      vertex -44.852 -42.4 55.9899
      vertex -41.1988 -42.4 56.0796
      vertex -44.8012 -42.4 56.0796
    endloop
  endfacet
  facet normal 0 -1 0
    outer loop
      vertex -44.852 -42.4 55.9899
      vertex -41.148 -42.4 55.9899
      vertex -41.1988 -42.4 56.0796
    endloop
  endfacet
  facet normal 0 -1 0
    outer loop
      vertex -44.8984 -42.4 55.8979
      vertex -41.148 -42.4 55.9899
      vertex -44.852 -42.4 55.9899
    endloop
  endfacet
  facet normal 0 -1 0
    outer loop
      vertex -44.8984 -42.4 55.8979
      vertex -41.1016 -42.4 55.8979
      vertex -41.148 -42.4 55.9899
    endloop
  endfacet
  facet normal 0 -1 0
    outer loop
      vertex -44.9401 -42.4 55.8036
      vertex -41.1016 -42.4 55.8979
      vertex -44.8984 -42.4 55.8979
    endloop
  endfacet
  facet normal 0 -1 0
    outer loop
      vertex -44.9401 -42.4 55.8036
      vertex -41.0599 -42.4 55.8036
      vertex -41.1016 -42.4 55.8979
    endloop
  endfacet
  facet normal 0 -1 0
    outer loop
      vertex -44.9772 -42.4 55.7075
      vertex -41.0599 -42.4 55.8036
      vertex -44.9401 -42.4 55.8036
    endloop
  endfacet
  facet normal 0 -1 0
    outer loop
      vertex -44.9772 -42.4 55.7075
      vertex -41.0228 -42.4 55.7075
      vertex -41.0599 -42.4 55.8036
    endloop
  endfacet
  facet normal 0 -1 0
    outer loop
      vertex -45.0096 -42.4 55.6096
      vertex -41.0228 -42.4 55.7075
      vertex -44.9772 -42.4 55.7075
    endloop
  endfacet
  facet normal 0 -1 0
    outer loop
      vertex -45.0096 -42.4 55.6096
      vertex -40.9904 -42.4 55.6096
      vertex -41.0228 -42.4 55.7075
    endloop
  endfacet
  facet normal 0 -1 0
    outer loop
      vertex -45.0371 -42.4 55.5103
      vertex -40.9904 -42.4 55.6096
      vertex -45.0096 -42.4 55.6096
    endloop
  endfacet
  facet normal 0 -1 0
    outer loop
      vertex -45.0371 -42.4 55.5103
      vertex -40.9629 -42.4 55.5103
      vertex -40.9904 -42.4 55.6096
    endloop
  endfacet
  facet normal 0 -1 0
    outer loop
      vertex -45.0596 -42.4 55.4097
      vertex -40.9629 -42.4 55.5103
      vertex -45.0371 -42.4 55.5103
    endloop
  endfacet
  facet normal 0 -1 0
    outer loop
      vertex -45.0596 -42.4 55.4097
      vertex -40.9403 -42.4 55.4097
      vertex -40.9629 -42.4 55.5103
    endloop
  endfacet
  facet normal 0 -1 0
    outer loop
      vertex -45.0773 -42.4 55.3081
      vertex -40.9403 -42.4 55.4097
      vertex -45.0596 -42.4 55.4097
    endloop
  endfacet
  facet normal 0 -1 0
    outer loop
      vertex -45.0773 -42.4 55.3081
      vertex -40.9227 -42.4 55.3081
      vertex -40.9403 -42.4 55.4097
    endloop
  endfacet
  facet normal 0 -1 0
    outer loop
      vertex -45.0899 -42.4 55.2058
      vertex -40.9227 -42.4 55.3081
      vertex -45.0773 -42.4 55.3081
    endloop
  endfacet
  facet normal 0 -1 0
    outer loop
      vertex -45.0899 -42.4 55.2058
      vertex -40.9101 -42.4 55.2058
      vertex -40.9227 -42.4 55.3081
    endloop
  endfacet
  facet normal 0 -1 0
    outer loop
      vertex -45.0975 -42.4 55.103
      vertex -40.9101 -42.4 55.2058
      vertex -45.0899 -42.4 55.2058
    endloop
  endfacet
  facet normal 0 -1 0
    outer loop
      vertex -45.0975 -42.4 55.103
      vertex -40.9025 -42.4 55.103
      vertex -40.9101 -42.4 55.2058
    endloop
  endfacet
  facet normal 0 -1 0
    outer loop
      vertex -45.1 -42.4 55
      vertex -40.9025 -42.4 55.103
      vertex -45.0975 -42.4 55.103
    endloop
  endfacet
  facet normal 0 -1 0
    outer loop
      vertex -45.1 -42.4 55
      vertex -40.9 -42.4 55
      vertex -40.9025 -42.4 55.103
    endloop
  endfacet
  facet normal 0 -1 0
    outer loop
      vertex -45.0975 -42.4 54.897
      vertex -40.9 -42.4 55
      vertex -45.1 -42.4 55
    endloop
  endfacet
  facet normal 0 -1 0
    outer loop
      vertex -45.0975 -42.4 54.897
      vertex -40.9025 -42.4 54.897
      vertex -40.9 -42.4 55
    endloop
  endfacet
  facet normal 0 -1 0
    outer loop
      vertex -45.0899 -42.4 54.7942
      vertex -40.9025 -42.4 54.897
      vertex -45.0975 -42.4 54.897
    endloop
  endfacet
  facet normal 0 -1 0
    outer loop
      vertex -45.0899 -42.4 54.7942
      vertex -40.9101 -42.4 54.7942
      vertex -40.9025 -42.4 54.897
    endloop
  endfacet
  facet normal 0 -1 0
    outer loop
      vertex -45.0773 -42.4 54.6919
      vertex -40.9101 -42.4 54.7942
      vertex -45.0899 -42.4 54.7942
    endloop
  endfacet
  facet normal 0 -1 0
    outer loop
      vertex -45.0773 -42.4 54.6919
      vertex -40.9227 -42.4 54.6919
      vertex -40.9101 -42.4 54.7942
    endloop
  endfacet
  facet normal 0 -1 0
    outer loop
      vertex -45.0596 -42.4 54.5903
      vertex -40.9227 -42.4 54.6919
      vertex -45.0773 -42.4 54.6919
    endloop
  endfacet
  facet normal 0 -1 0
    outer loop
      vertex -45.0596 -42.4 54.5903
      vertex -40.9403 -42.4 54.5903
      vertex -40.9227 -42.4 54.6919
    endloop
  endfacet
  facet normal 0 -1 0
    outer loop
      vertex -45.0371 -42.4 54.4897
      vertex -40.9403 -42.4 54.5903
      vertex -45.0596 -42.4 54.5903
    endloop
  endfacet
  facet normal 0 -1 0
    outer loop
      vertex -45.0371 -42.4 54.4897
      vertex -40.9629 -42.4 54.4897
      vertex -40.9403 -42.4 54.5903
    endloop
  endfacet
  facet normal 0 -1 0
    outer loop
      vertex -45.0096 -42.4 54.3904
      vertex -40.9629 -42.4 54.4897
      vertex -45.0371 -42.4 54.4897
    endloop
  endfacet
  facet normal 0 -1 0
    outer loop
      vertex -45.0096 -42.4 54.3904
      vertex -40.9904 -42.4 54.3904
      vertex -40.9629 -42.4 54.4897
    endloop
  endfacet
  facet normal 0 -1 0
    outer loop
      vertex -44.9772 -42.4 54.2925
      vertex -40.9904 -42.4 54.3904
      vertex -45.0096 -42.4 54.3904
    endloop
  endfacet
  facet normal 0 -1 0
    outer loop
      vertex -44.9772 -42.4 54.2925
      vertex -41.0228 -42.4 54.2925
      vertex -40.9904 -42.4 54.3904
    endloop
  endfacet
  facet normal 0 -1 0
    outer loop
      vertex -44.9401 -42.4 54.1964
      vertex -41.0228 -42.4 54.2925
      vertex -44.9772 -42.4 54.2925
    endloop
  endfacet
  facet normal 0 -1 0
    outer loop
      vertex -44.9401 -42.4 54.1964
      vertex -41.0599 -42.4 54.1964
      vertex -41.0228 -42.4 54.2925
    endloop
  endfacet
  facet normal 0 -1 0
    outer loop
      vertex -44.8984 -42.4 54.1021
      vertex -41.0599 -42.4 54.1964
      vertex -44.9401 -42.4 54.1964
    endloop
  endfacet
  facet normal 0 -1 0
    outer loop
      vertex -44.8984 -42.4 54.1021
      vertex -41.1016 -42.4 54.1021
      vertex -41.0599 -42.4 54.1964
    endloop
  endfacet
  facet normal 0 -1 0
    outer loop
      vertex -44.852 -42.4 54.0101
      vertex -41.1016 -42.4 54.1021
      vertex -44.8984 -42.4 54.1021
    endloop
  endfacet
  facet normal 0 -1 0
    outer loop
      vertex -44.852 -42.4 54.0101
      vertex -41.148 -42.4 54.0101
      vertex -41.1016 -42.4 54.1021
    endloop
  endfacet
  facet normal 0 -1 0
    outer loop
      vertex -44.8012 -42.4 53.9204
      vertex -41.148 -42.4 54.0101
      vertex -44.852 -42.4 54.0101
    endloop
  endfacet
  facet normal 0 -1 0
    outer loop
      vertex -44.8012 -42.4 53.9204
      vertex -41.1988 -42.4 53.9204
      vertex -41.148 -42.4 54.0101
    endloop
  endfacet
  facet normal 0 -1 0
    outer loop
      vertex -44.7461 -42.4 53.8333
      vertex -41.1988 -42.4 53.9204
      vertex -44.8012 -42.4 53.9204
    endloop
  endfacet
  facet normal 0 -1 0
    outer loop
      vertex -44.7461 -42.4 53.8333
      vertex -41.2539 -42.4 53.8333
      vertex -41.1988 -42.4 53.9204
    endloop
  endfacet
  facet normal 0 -1 0
    outer loop
      vertex -44.6867 -42.4 53.749
      vertex -41.2539 -42.4 53.8333
      vertex -44.7461 -42.4 53.8333
    endloop
  endfacet
  facet normal 0 -1 0
    outer loop
      vertex -44.6867 -42.4 53.749
      vertex -41.3133 -42.4 53.749
      vertex -41.2539 -42.4 53.8333
    endloop
  endfacet
  facet normal 0 -1 0
    outer loop
      vertex -44.6233 -42.4 53.6678
      vertex -41.3133 -42.4 53.749
      vertex -44.6867 -42.4 53.749
    endloop
  endfacet
  facet normal 0 -1 0
    outer loop
      vertex -44.6233 -42.4 53.6678
      vertex -41.3767 -42.4 53.6678
      vertex -41.3133 -42.4 53.749
    endloop
  endfacet
  facet normal 0 -1 0
    outer loop
      vertex -44.556 -42.4 53.5897
      vertex -41.3767 -42.4 53.6678
      vertex -44.6233 -42.4 53.6678
    endloop
  endfacet
  facet normal 0 -1 0
    outer loop
      vertex -44.556 -42.4 53.5897
      vertex -41.444 -42.4 53.5897
      vertex -41.3767 -42.4 53.6678
    endloop
  endfacet
  facet normal 0 -1 0
    outer loop
      vertex -44.4849 -42.4 53.5151
      vertex -41.444 -42.4 53.5897
      vertex -44.556 -42.4 53.5897
    endloop
  endfacet
  facet normal 0 -1 0
    outer loop
      vertex -44.4849 -42.4 53.5151
      vertex -41.5151 -42.4 53.5151
      vertex -41.444 -42.4 53.5897
    endloop
  endfacet
  facet normal 0 -1 0
    outer loop
      vertex -44.4103 -42.4 53.444
      vertex -41.5151 -42.4 53.5151
      vertex -44.4849 -42.4 53.5151
    endloop
  endfacet
  facet normal 0 -1 0
    outer loop
      vertex -44.4103 -42.4 53.444
      vertex -41.5897 -42.4 53.444
      vertex -41.5151 -42.4 53.5151
    endloop
  endfacet
  facet normal 0 -1 0
    outer loop
      vertex -44.3322 -42.4 53.3767
      vertex -41.5897 -42.4 53.444
      vertex -44.4103 -42.4 53.444
    endloop
  endfacet
  facet normal 0 -1 0
    outer loop
      vertex -44.3322 -42.4 53.3767
      vertex -41.6678 -42.4 53.3767
      vertex -41.5897 -42.4 53.444
    endloop
  endfacet
  facet normal 0 -1 0
    outer loop
      vertex -44.251 -42.4 53.3133
      vertex -41.6678 -42.4 53.3767
      vertex -44.3322 -42.4 53.3767
    endloop
  endfacet
  facet normal 0 -1 0
    outer loop
      vertex -44.251 -42.4 53.3133
      vertex -41.749 -42.4 53.3133
      vertex -41.6678 -42.4 53.3767
    endloop
  endfacet
  facet normal 0 -1 0
    outer loop
      vertex -44.1667 -42.4 53.2539
      vertex -41.749 -42.4 53.3133
      vertex -44.251 -42.4 53.3133
    endloop
  endfacet
  facet normal 0 -1 0
    outer loop
      vertex -44.1667 -42.4 53.2539
      vertex -41.8333 -42.4 53.2539
      vertex -41.749 -42.4 53.3133
    endloop
  endfacet
  facet normal 0 -1 0
    outer loop
      vertex -44.0796 -42.4 53.1988
      vertex -41.8333 -42.4 53.2539
      vertex -44.1667 -42.4 53.2539
    endloop
  endfacet
  facet normal 0 -1 0
    outer loop
      vertex -44.0796 -42.4 53.1988
      vertex -41.9204 -42.4 53.1988
      vertex -41.8333 -42.4 53.2539
    endloop
  endfacet
  facet normal 0 -1 0
    outer loop
      vertex -43.9899 -42.4 53.148
      vertex -41.9204 -42.4 53.1988
      vertex -44.0796 -42.4 53.1988
    endloop
  endfacet
  facet normal 0 -1 0
    outer loop
      vertex -43.9899 -42.4 53.148
      vertex -42.0101 -42.4 53.148
      vertex -41.9204 -42.4 53.1988
    endloop
  endfacet
  facet normal 0 -1 0
    outer loop
      vertex -43.8979 -42.4 53.1016
      vertex -42.0101 -42.4 53.148
      vertex -43.9899 -42.4 53.148
    endloop
  endfacet
  facet normal 0 -1 0
    outer loop
      vertex -43.8979 -42.4 53.1016
      vertex -42.1021 -42.4 53.1016
      vertex -42.0101 -42.4 53.148
    endloop
  endfacet
  facet normal 0 -1 0
    outer loop
      vertex -43.8036 -42.4 53.0599
      vertex -42.1021 -42.4 53.1016
      vertex -43.8979 -42.4 53.1016
    endloop
  endfacet
  facet normal 0 -1 0
    outer loop
      vertex -43.8036 -42.4 53.0599
      vertex -42.1964 -42.4 53.0599
      vertex -42.1021 -42.4 53.1016
    endloop
  endfacet
  facet normal 0 -1 0
    outer loop
      vertex -43.7075 -42.4 53.0228
      vertex -42.1964 -42.4 53.0599
      vertex -43.8036 -42.4 53.0599
    endloop
  endfacet
  facet normal 0 -1 0
    outer loop
      vertex -43.7075 -42.4 53.0228
      vertex -42.2925 -42.4 53.0228
      vertex -42.1964 -42.4 53.0599
    endloop
  endfacet
  facet normal 0 -1 0
    outer loop
      vertex -43.6096 -42.4 52.9904
      vertex -42.2925 -42.4 53.0228
      vertex -43.7075 -42.4 53.0228
    endloop
  endfacet
  facet normal 0 -1 0
    outer loop
      vertex -43.6096 -42.4 52.9904
      vertex -42.3904 -42.4 52.9904
      vertex -42.2925 -42.4 53.0228
    endloop
  endfacet
  facet normal 0 -1 0
    outer loop
      vertex -43.5103 -42.4 52.9629
      vertex -42.3904 -42.4 52.9904
      vertex -43.6096 -42.4 52.9904
    endloop
  endfacet
  facet normal 0 -1 0
    outer loop
      vertex -43.5103 -42.4 52.9629
      vertex -42.4897 -42.4 52.9629
      vertex -42.3904 -42.4 52.9904
    endloop
  endfacet
  facet normal 0 -1 0
    outer loop
      vertex -43.4097 -42.4 52.9403
      vertex -42.4897 -42.4 52.9629
      vertex -43.5103 -42.4 52.9629
    endloop
  endfacet
  facet normal 0 -1 0
    outer loop
      vertex -43.4097 -42.4 52.9403
      vertex -42.5903 -42.4 52.9403
      vertex -42.4897 -42.4 52.9629
    endloop
  endfacet
  facet normal 0 -1 0
    outer loop
      vertex -43.3081 -42.4 52.9227
      vertex -42.5903 -42.4 52.9403
      vertex -43.4097 -42.4 52.9403
    endloop
  endfacet
  facet normal 0 -1 0
    outer loop
      vertex -43.3081 -42.4 52.9227
      vertex -42.6919 -42.4 52.9227
      vertex -42.5903 -42.4 52.9403
    endloop
  endfacet
  facet normal 0 -1 0
    outer loop
      vertex -43.2058 -42.4 52.9101
      vertex -42.6919 -42.4 52.9227
      vertex -43.3081 -42.4 52.9227
    endloop
  endfacet
  facet normal 0 -1 0
    outer loop
      vertex -43.2058 -42.4 52.9101
      vertex -42.7942 -42.4 52.9101
      vertex -42.6919 -42.4 52.9227
    endloop
  endfacet
  facet normal 0 -1 0
    outer loop
      vertex -43.103 -42.4 52.9025
      vertex -42.7942 -42.4 52.9101
      vertex -43.2058 -42.4 52.9101
    endloop
  endfacet
  facet normal 0 -1 0
    outer loop
      vertex -43.103 -42.4 52.9025
      vertex -42.897 -42.4 52.9025
      vertex -42.7942 -42.4 52.9101
    endloop
  endfacet
  facet normal -0 -1 0
    outer loop
      vertex -42.897 -42.4 52.9025
      vertex -43.103 -42.4 52.9025
      vertex -43 -42.4 52.9
    endloop
  endfacet
  facet normal 0.963726 0 -0.266893
    outer loop
      vertex -45.0096 -49.4 55.6096
      vertex -45.0371 -42.4 55.5103
      vertex -45.0096 -42.4 55.6096
    endloop
  endfacet
  facet normal 0.963726 0 -0.266893
    outer loop
      vertex -45.0371 -42.4 55.5103
      vertex -45.0096 -49.4 55.6096
      vertex -45.0371 -49.4 55.5103
    endloop
  endfacet
  facet normal 0.94936 0 -0.314191
    outer loop
      vertex -44.9772 -49.4 55.7075
      vertex -45.0096 -42.4 55.6096
      vertex -44.9772 -42.4 55.7075
    endloop
  endfacet
  facet normal 0.94936 0 -0.314191
    outer loop
      vertex -45.0096 -42.4 55.6096
      vertex -44.9772 -49.4 55.7075
      vertex -45.0096 -49.4 55.6096
    endloop
  endfacet
  facet normal 0.9925 0 -0.122243
    outer loop
      vertex -45.0773 -49.4 55.3081
      vertex -45.0899 -42.4 55.2058
      vertex -45.0773 -42.4 55.3081
    endloop
  endfacet
  facet normal 0.9925 0 -0.122243
    outer loop
      vertex -45.0899 -42.4 55.2058
      vertex -45.0773 -49.4 55.3081
      vertex -45.0899 -49.4 55.2058
    endloop
  endfacet
  facet normal 0.999706 0 -0.0242647
    outer loop
      vertex -45.0975 -49.4 55.103
      vertex -45.1 -42.4 55
      vertex -45.0975 -42.4 55.103
    endloop
  endfacet
  facet normal 0.999706 0 -0.0242647
    outer loop
      vertex -45.1 -42.4 55
      vertex -45.0975 -49.4 55.103
      vertex -45.1 -49.4 55
    endloop
  endfacet
  facet normal 0.975889 0 -0.218266
    outer loop
      vertex -45.0371 -49.4 55.5103
      vertex -45.0596 -42.4 55.4097
      vertex -45.0371 -42.4 55.5103
    endloop
  endfacet
  facet normal 0.975889 0 -0.218266
    outer loop
      vertex -45.0596 -42.4 55.4097
      vertex -45.0371 -49.4 55.5103
      vertex -45.0596 -49.4 55.4097
    endloop
  endfacet
  facet normal 0.892869 0 -0.450317
    outer loop
      vertex -44.852 -49.4 55.9899
      vertex -44.8984 -42.4 55.8979
      vertex -44.852 -42.4 55.9899
    endloop
  endfacet
  facet normal 0.892869 0 -0.450317
    outer loop
      vertex -44.8984 -42.4 55.8979
      vertex -44.852 -49.4 55.9899
      vertex -44.8984 -49.4 55.8979
    endloop
  endfacet
  facet normal 0.870147 0 -0.492792
    outer loop
      vertex -44.8012 -49.4 56.0796
      vertex -44.852 -42.4 55.9899
      vertex -44.8012 -42.4 56.0796
    endloop
  endfacet
  facet normal 0.870147 0 -0.492792
    outer loop
      vertex -44.852 -42.4 55.9899
      vertex -44.8012 -49.4 56.0796
      vertex -44.852 -49.4 55.9899
    endloop
  endfacet
  facet normal 0.91457 0 -0.404428
    outer loop
      vertex -44.8984 -49.4 55.8979
      vertex -44.9401 -42.4 55.8036
      vertex -44.8984 -42.4 55.8979
    endloop
  endfacet
  facet normal 0.91457 0 -0.404428
    outer loop
      vertex -44.9401 -42.4 55.8036
      vertex -44.8984 -49.4 55.8979
      vertex -44.9401 -49.4 55.8036
    endloop
  endfacet
  facet normal 0.788201 0 -0.615418
    outer loop
      vertex -44.6233 -49.4 56.3322
      vertex -44.6867 -42.4 56.251
      vertex -44.6233 -42.4 56.3322
    endloop
  endfacet
  facet normal 0.788201 0 -0.615418
    outer loop
      vertex -44.6867 -42.4 56.251
      vertex -44.6233 -49.4 56.3322
      vertex -44.6867 -49.4 56.251
    endloop
  endfacet
  facet normal 0.817451 0 -0.575998
    outer loop
      vertex -44.6867 -49.4 56.251
      vertex -44.7461 -42.4 56.1667
      vertex -44.6867 -42.4 56.251
    endloop
  endfacet
  facet normal 0.817451 0 -0.575998
    outer loop
      vertex -44.7461 -42.4 56.1667
      vertex -44.6867 -49.4 56.251
      vertex -44.7461 -49.4 56.1667
    endloop
  endfacet
  facet normal 0.314191 0 -0.94936
    outer loop
      vertex -43.7075 -49.4 56.9772
      vertex -43.6096 -42.4 57.0096
      vertex -43.6096 -49.4 57.0096
    endloop
  endfacet
  facet normal 0.314191 0 -0.94936
    outer loop
      vertex -43.6096 -42.4 57.0096
      vertex -43.7075 -49.4 56.9772
      vertex -43.7075 -42.4 56.9772
    endloop
  endfacet
  facet normal 0.266893 0 -0.963726
    outer loop
      vertex -43.6096 -49.4 57.0096
      vertex -43.5103 -42.4 57.0371
      vertex -43.5103 -49.4 57.0371
    endloop
  endfacet
  facet normal 0.266893 0 -0.963726
    outer loop
      vertex -43.5103 -42.4 57.0371
      vertex -43.6096 -49.4 57.0096
      vertex -43.6096 -42.4 57.0096
    endloop
  endfacet
  facet normal 0.36015 0 -0.932895
    outer loop
      vertex -43.8036 -49.4 56.9401
      vertex -43.7075 -42.4 56.9772
      vertex -43.7075 -49.4 56.9772
    endloop
  endfacet
  facet normal 0.36015 0 -0.932895
    outer loop
      vertex -43.7075 -42.4 56.9772
      vertex -43.8036 -49.4 56.9401
      vertex -43.8036 -42.4 56.9401
    endloop
  endfacet
  facet normal 0.0737287 0 -0.997278
    outer loop
      vertex -43.2058 -49.4 57.0899
      vertex -43.103 -42.4 57.0975
      vertex -43.103 -49.4 57.0975
    endloop
  endfacet
  facet normal 0.0737287 0 -0.997278
    outer loop
      vertex -43.103 -42.4 57.0975
      vertex -43.2058 -49.4 57.0899
      vertex -43.2058 -42.4 57.0899
    endloop
  endfacet
  facet normal 0.534613 0 -0.845097
    outer loop
      vertex -44.1667 -49.4 56.7461
      vertex -44.0796 -42.4 56.8012
      vertex -44.0796 -49.4 56.8012
    endloop
  endfacet
  facet normal 0.534613 0 -0.845097
    outer loop
      vertex -44.0796 -42.4 56.8012
      vertex -44.1667 -49.4 56.7461
      vertex -44.1667 -42.4 56.7461
    endloop
  endfacet
  facet normal 0.450317 0 -0.892869
    outer loop
      vertex -43.9899 -49.4 56.852
      vertex -43.8979 -42.4 56.8984
      vertex -43.8979 -49.4 56.8984
    endloop
  endfacet
  facet normal 0.450317 0 -0.892869
    outer loop
      vertex -43.8979 -42.4 56.8984
      vertex -43.9899 -49.4 56.852
      vertex -43.9899 -42.4 56.852
    endloop
  endfacet
  facet normal 0.652786 0 -0.757542
    outer loop
      vertex -44.4103 -49.4 56.556
      vertex -44.3322 -42.4 56.6233
      vertex -44.3322 -49.4 56.6233
    endloop
  endfacet
  facet normal 0.652786 0 -0.757542
    outer loop
      vertex -44.3322 -42.4 56.6233
      vertex -44.4103 -49.4 56.556
      vertex -44.4103 -42.4 56.556
    endloop
  endfacet
  facet normal 0.689922 0 -0.723884
    outer loop
      vertex -44.4849 -49.4 56.4849
      vertex -44.4103 -42.4 56.556
      vertex -44.4103 -49.4 56.556
    endloop
  endfacet
  facet normal 0.689922 0 -0.723884
    outer loop
      vertex -44.4103 -42.4 56.556
      vertex -44.4849 -49.4 56.4849
      vertex -44.4849 -42.4 56.4849
    endloop
  endfacet
  facet normal 0.615418 0 -0.788201
    outer loop
      vertex -44.3322 -49.4 56.6233
      vertex -44.251 -42.4 56.6867
      vertex -44.251 -49.4 56.6867
    endloop
  endfacet
  facet normal 0.615418 0 -0.788201
    outer loop
      vertex -44.251 -42.4 56.6867
      vertex -44.3322 -49.4 56.6233
      vertex -44.3322 -42.4 56.6233
    endloop
  endfacet
  facet normal 0.723884 0 -0.689922
    outer loop
      vertex -44.4849 -49.4 56.4849
      vertex -44.556 -42.4 56.4103
      vertex -44.4849 -42.4 56.4849
    endloop
  endfacet
  facet normal 0.723884 0 -0.689922
    outer loop
      vertex -44.556 -42.4 56.4103
      vertex -44.4849 -49.4 56.4849
      vertex -44.556 -49.4 56.4103
    endloop
  endfacet
  facet normal -0.0737287 0 0.997278
    outer loop
      vertex -42.897 -42.4 52.9025
      vertex -42.7942 -49.4 52.9101
      vertex -42.7942 -42.4 52.9101
    endloop
  endfacet
  facet normal -0.0737287 0 0.997278
    outer loop
      vertex -42.7942 -49.4 52.9101
      vertex -42.897 -42.4 52.9025
      vertex -42.897 -49.4 52.9025
    endloop
  endfacet
  facet normal -0.94936 0 0.314191
    outer loop
      vertex -41.0228 -49.4 54.2925
      vertex -40.9904 -42.4 54.3904
      vertex -41.0228 -42.4 54.2925
    endloop
  endfacet
  facet normal -0.94936 0 0.314191
    outer loop
      vertex -40.9904 -42.4 54.3904
      vertex -41.0228 -49.4 54.2925
      vertex -40.9904 -49.4 54.3904
    endloop
  endfacet
  facet normal -0.997278 0 0.0737287
    outer loop
      vertex -40.9101 -49.4 54.7942
      vertex -40.9025 -42.4 54.897
      vertex -40.9101 -42.4 54.7942
    endloop
  endfacet
  facet normal -0.997278 0 0.0737287
    outer loop
      vertex -40.9025 -42.4 54.897
      vertex -40.9101 -49.4 54.7942
      vertex -40.9025 -49.4 54.897
    endloop
  endfacet
  facet normal -0.9925 0 0.122243
    outer loop
      vertex -40.9227 -49.4 54.6919
      vertex -40.9101 -42.4 54.7942
      vertex -40.9227 -42.4 54.6919
    endloop
  endfacet
  facet normal -0.9925 0 0.122243
    outer loop
      vertex -40.9101 -42.4 54.7942
      vertex -40.9227 -49.4 54.6919
      vertex -40.9101 -49.4 54.7942
    endloop
  endfacet
  facet normal -0.999706 0 0.0242647
    outer loop
      vertex -40.9025 -49.4 54.897
      vertex -40.9 -42.4 55
      vertex -40.9025 -42.4 54.897
    endloop
  endfacet
  facet normal -0.999706 0 0.0242647
    outer loop
      vertex -40.9 -42.4 55
      vertex -40.9025 -49.4 54.897
      vertex -40.9 -49.4 55
    endloop
  endfacet
  facet normal -0.975682 0 0.219189
    outer loop
      vertex -40.9629 -49.4 54.4897
      vertex -40.9403 -42.4 54.5903
      vertex -40.9629 -42.4 54.4897
    endloop
  endfacet
  facet normal -0.975682 0 0.219189
    outer loop
      vertex -40.9403 -42.4 54.5903
      vertex -40.9629 -49.4 54.4897
      vertex -40.9403 -49.4 54.5903
    endloop
  endfacet
  facet normal -0.170686 0 0.985325
    outer loop
      vertex -42.6919 -42.4 52.9227
      vertex -42.5903 -49.4 52.9403
      vertex -42.5903 -42.4 52.9403
    endloop
  endfacet
  facet normal -0.170686 0 0.985325
    outer loop
      vertex -42.5903 -49.4 52.9403
      vertex -42.6919 -42.4 52.9227
      vertex -42.6919 -49.4 52.9227
    endloop
  endfacet
  facet normal -0.36015 0 0.932895
    outer loop
      vertex -42.2925 -42.4 53.0228
      vertex -42.1964 -49.4 53.0599
      vertex -42.1964 -42.4 53.0599
    endloop
  endfacet
  facet normal -0.36015 0 0.932895
    outer loop
      vertex -42.1964 -49.4 53.0599
      vertex -42.2925 -42.4 53.0228
      vertex -42.2925 -49.4 53.0228
    endloop
  endfacet
  facet normal -0.266893 0 0.963726
    outer loop
      vertex -42.4897 -42.4 52.9629
      vertex -42.3904 -49.4 52.9904
      vertex -42.3904 -42.4 52.9904
    endloop
  endfacet
  facet normal -0.266893 0 0.963726
    outer loop
      vertex -42.3904 -49.4 52.9904
      vertex -42.4897 -42.4 52.9629
      vertex -42.4897 -49.4 52.9629
    endloop
  endfacet
  facet normal -0.615418 0 0.788201
    outer loop
      vertex -41.749 -42.4 53.3133
      vertex -41.6678 -49.4 53.3767
      vertex -41.6678 -42.4 53.3767
    endloop
  endfacet
  facet normal -0.615418 0 0.788201
    outer loop
      vertex -41.6678 -49.4 53.3767
      vertex -41.749 -42.4 53.3133
      vertex -41.749 -49.4 53.3133
    endloop
  endfacet
  facet normal -0.689922 0 0.723884
    outer loop
      vertex -41.5897 -42.4 53.444
      vertex -41.5151 -49.4 53.5151
      vertex -41.5151 -42.4 53.5151
    endloop
  endfacet
  facet normal -0.689922 0 0.723884
    outer loop
      vertex -41.5151 -49.4 53.5151
      vertex -41.5897 -42.4 53.444
      vertex -41.5897 -49.4 53.444
    endloop
  endfacet
  facet normal -0.534613 0 0.845097
    outer loop
      vertex -41.9204 -42.4 53.1988
      vertex -41.8333 -49.4 53.2539
      vertex -41.8333 -42.4 53.2539
    endloop
  endfacet
  facet normal -0.534613 0 0.845097
    outer loop
      vertex -41.8333 -49.4 53.2539
      vertex -41.9204 -42.4 53.1988
      vertex -41.9204 -49.4 53.1988
    endloop
  endfacet
  facet normal -0.450317 0 0.892869
    outer loop
      vertex -42.1021 -42.4 53.1016
      vertex -42.0101 -49.4 53.148
      vertex -42.0101 -42.4 53.148
    endloop
  endfacet
  facet normal -0.450317 0 0.892869
    outer loop
      vertex -42.0101 -49.4 53.148
      vertex -42.1021 -42.4 53.1016
      vertex -42.1021 -49.4 53.1016
    endloop
  endfacet
  facet normal -0.870147 0 0.492792
    outer loop
      vertex -41.1988 -49.4 53.9204
      vertex -41.148 -42.4 54.0101
      vertex -41.1988 -42.4 53.9204
    endloop
  endfacet
  facet normal -0.870147 0 0.492792
    outer loop
      vertex -41.148 -42.4 54.0101
      vertex -41.1988 -49.4 53.9204
      vertex -41.148 -49.4 54.0101
    endloop
  endfacet
  facet normal -0.91457 0 0.404428
    outer loop
      vertex -41.1016 -49.4 54.1021
      vertex -41.0599 -42.4 54.1964
      vertex -41.1016 -42.4 54.1021
    endloop
  endfacet
  facet normal -0.91457 0 0.404428
    outer loop
      vertex -41.0599 -42.4 54.1964
      vertex -41.1016 -49.4 54.1021
      vertex -41.0599 -49.4 54.1964
    endloop
  endfacet
  facet normal -0.817451 0 0.575998
    outer loop
      vertex -41.3133 -49.4 53.749
      vertex -41.2539 -42.4 53.8333
      vertex -41.3133 -42.4 53.749
    endloop
  endfacet
  facet normal -0.817451 0 0.575998
    outer loop
      vertex -41.2539 -42.4 53.8333
      vertex -41.3133 -49.4 53.749
      vertex -41.2539 -49.4 53.8333
    endloop
  endfacet
  facet normal 0.314191 0 0.94936
    outer loop
      vertex -43.7075 -42.4 53.0228
      vertex -43.6096 -49.4 52.9904
      vertex -43.6096 -42.4 52.9904
    endloop
  endfacet
  facet normal 0.314191 0 0.94936
    outer loop
      vertex -43.6096 -49.4 52.9904
      vertex -43.7075 -42.4 53.0228
      vertex -43.7075 -49.4 53.0228
    endloop
  endfacet
  facet normal 0.122243 0 0.9925
    outer loop
      vertex -43.3081 -42.4 52.9227
      vertex -43.2058 -49.4 52.9101
      vertex -43.2058 -42.4 52.9101
    endloop
  endfacet
  facet normal 0.122243 0 0.9925
    outer loop
      vertex -43.2058 -49.4 52.9101
      vertex -43.3081 -42.4 52.9227
      vertex -43.3081 -49.4 52.9227
    endloop
  endfacet
  facet normal 0.0242647 0 0.999706
    outer loop
      vertex -43.103 -42.4 52.9025
      vertex -43 -49.4 52.9
      vertex -43 -42.4 52.9
    endloop
  endfacet
  facet normal 0.0242647 0 0.999706
    outer loop
      vertex -43 -49.4 52.9
      vertex -43.103 -42.4 52.9025
      vertex -43.103 -49.4 52.9025
    endloop
  endfacet
  facet normal 0.219189 0 0.975682
    outer loop
      vertex -43.5103 -42.4 52.9629
      vertex -43.4097 -49.4 52.9403
      vertex -43.4097 -42.4 52.9403
    endloop
  endfacet
  facet normal 0.219189 0 0.975682
    outer loop
      vertex -43.4097 -49.4 52.9403
      vertex -43.5103 -42.4 52.9629
      vertex -43.5103 -49.4 52.9629
    endloop
  endfacet
  facet normal 0.492792 0 0.870147
    outer loop
      vertex -44.0796 -42.4 53.1988
      vertex -43.9899 -49.4 53.148
      vertex -43.9899 -42.4 53.148
    endloop
  endfacet
  facet normal 0.492792 0 0.870147
    outer loop
      vertex -43.9899 -49.4 53.148
      vertex -44.0796 -42.4 53.1988
      vertex -44.0796 -49.4 53.1988
    endloop
  endfacet
  facet normal 0.404428 0 0.91457
    outer loop
      vertex -43.8979 -42.4 53.1016
      vertex -43.8036 -49.4 53.0599
      vertex -43.8036 -42.4 53.0599
    endloop
  endfacet
  facet normal 0.404428 0 0.91457
    outer loop
      vertex -43.8036 -49.4 53.0599
      vertex -43.8979 -42.4 53.1016
      vertex -43.8979 -49.4 53.1016
    endloop
  endfacet
  facet normal 0.575998 0 0.817451
    outer loop
      vertex -44.251 -42.4 53.3133
      vertex -44.1667 -49.4 53.2539
      vertex -44.1667 -42.4 53.2539
    endloop
  endfacet
  facet normal 0.575998 0 0.817451
    outer loop
      vertex -44.1667 -49.4 53.2539
      vertex -44.251 -42.4 53.3133
      vertex -44.251 -49.4 53.3133
    endloop
  endfacet
  facet normal 0.963726 -0 0.266893
    outer loop
      vertex -45.0371 -49.4 54.4897
      vertex -45.0096 -42.4 54.3904
      vertex -45.0371 -42.4 54.4897
    endloop
  endfacet
  facet normal 0.963726 0 0.266893
    outer loop
      vertex -45.0096 -42.4 54.3904
      vertex -45.0371 -49.4 54.4897
      vertex -45.0096 -49.4 54.3904
    endloop
  endfacet
  facet normal 0.997278 -0 0.0737287
    outer loop
      vertex -45.0975 -49.4 54.897
      vertex -45.0899 -42.4 54.7942
      vertex -45.0975 -42.4 54.897
    endloop
  endfacet
  facet normal 0.997278 0 0.0737287
    outer loop
      vertex -45.0899 -42.4 54.7942
      vertex -45.0975 -49.4 54.897
      vertex -45.0899 -49.4 54.7942
    endloop
  endfacet
  facet normal 0.845097 -0 0.534613
    outer loop
      vertex -44.8012 -49.4 53.9204
      vertex -44.7461 -42.4 53.8333
      vertex -44.8012 -42.4 53.9204
    endloop
  endfacet
  facet normal 0.845097 0 0.534613
    outer loop
      vertex -44.7461 -42.4 53.8333
      vertex -44.8012 -49.4 53.9204
      vertex -44.7461 -49.4 53.8333
    endloop
  endfacet
  facet normal 0.892869 -0 0.450317
    outer loop
      vertex -44.8984 -49.4 54.1021
      vertex -44.852 -42.4 54.0101
      vertex -44.8984 -42.4 54.1021
    endloop
  endfacet
  facet normal 0.892869 0 0.450317
    outer loop
      vertex -44.852 -42.4 54.0101
      vertex -44.8984 -49.4 54.1021
      vertex -44.852 -49.4 54.0101
    endloop
  endfacet
  facet normal 0.723884 -0 0.689922
    outer loop
      vertex -44.556 -49.4 53.5897
      vertex -44.4849 -42.4 53.5151
      vertex -44.556 -42.4 53.5897
    endloop
  endfacet
  facet normal 0.723884 0 0.689922
    outer loop
      vertex -44.4849 -42.4 53.5151
      vertex -44.556 -49.4 53.5897
      vertex -44.4849 -49.4 53.5151
    endloop
  endfacet
  facet normal 0.689922 0 0.723884
    outer loop
      vertex -44.4849 -42.4 53.5151
      vertex -44.4103 -49.4 53.444
      vertex -44.4103 -42.4 53.444
    endloop
  endfacet
  facet normal 0.689922 0 0.723884
    outer loop
      vertex -44.4103 -49.4 53.444
      vertex -44.4849 -42.4 53.5151
      vertex -44.4849 -49.4 53.5151
    endloop
  endfacet
  facet normal 0.999706 -0 0.0242647
    outer loop
      vertex -45.1 -49.4 55
      vertex -45.0975 -42.4 54.897
      vertex -45.1 -42.4 55
    endloop
  endfacet
  facet normal 0.999706 0 0.0242647
    outer loop
      vertex -45.0975 -42.4 54.897
      vertex -45.1 -49.4 55
      vertex -45.0975 -49.4 54.897
    endloop
  endfacet
  facet normal 0.171628 0 -0.985162
    outer loop
      vertex -43.4097 -49.4 57.0596
      vertex -43.3081 -42.4 57.0773
      vertex -43.3081 -49.4 57.0773
    endloop
  endfacet
  facet normal 0.171628 0 -0.985162
    outer loop
      vertex -43.3081 -42.4 57.0773
      vertex -43.4097 -49.4 57.0596
      vertex -43.4097 -42.4 57.0596
    endloop
  endfacet
  facet normal -0.963726 0 0.266893
    outer loop
      vertex -40.9904 -49.4 54.3904
      vertex -40.9629 -42.4 54.4897
      vertex -40.9904 -42.4 54.3904
    endloop
  endfacet
  facet normal -0.963726 0 0.266893
    outer loop
      vertex -40.9629 -42.4 54.4897
      vertex -40.9904 -49.4 54.3904
      vertex -40.9629 -49.4 54.4897
    endloop
  endfacet
  facet normal -0.985325 0 0.170686
    outer loop
      vertex -40.9403 -49.4 54.5903
      vertex -40.9227 -42.4 54.6919
      vertex -40.9403 -42.4 54.5903
    endloop
  endfacet
  facet normal -0.985325 0 0.170686
    outer loop
      vertex -40.9227 -42.4 54.6919
      vertex -40.9403 -49.4 54.5903
      vertex -40.9227 -49.4 54.6919
    endloop
  endfacet
  facet normal -0.122243 0 0.9925
    outer loop
      vertex -42.7942 -42.4 52.9101
      vertex -42.6919 -49.4 52.9227
      vertex -42.6919 -42.4 52.9227
    endloop
  endfacet
  facet normal -0.122243 0 0.9925
    outer loop
      vertex -42.6919 -49.4 52.9227
      vertex -42.7942 -42.4 52.9101
      vertex -42.7942 -49.4 52.9101
    endloop
  endfacet
  facet normal -0.219189 0 0.975682
    outer loop
      vertex -42.5903 -42.4 52.9403
      vertex -42.4897 -49.4 52.9629
      vertex -42.4897 -42.4 52.9629
    endloop
  endfacet
  facet normal -0.219189 0 0.975682
    outer loop
      vertex -42.4897 -49.4 52.9629
      vertex -42.5903 -42.4 52.9403
      vertex -42.5903 -49.4 52.9403
    endloop
  endfacet
  facet normal -0.404428 0 0.91457
    outer loop
      vertex -42.1964 -42.4 53.0599
      vertex -42.1021 -49.4 53.1016
      vertex -42.1021 -42.4 53.1016
    endloop
  endfacet
  facet normal -0.404428 0 0.91457
    outer loop
      vertex -42.1021 -49.4 53.1016
      vertex -42.1964 -42.4 53.0599
      vertex -42.1964 -49.4 53.0599
    endloop
  endfacet
  facet normal -0.314191 0 0.94936
    outer loop
      vertex -42.3904 -42.4 52.9904
      vertex -42.2925 -49.4 53.0228
      vertex -42.2925 -42.4 53.0228
    endloop
  endfacet
  facet normal -0.314191 0 0.94936
    outer loop
      vertex -42.2925 -49.4 53.0228
      vertex -42.3904 -42.4 52.9904
      vertex -42.3904 -49.4 52.9904
    endloop
  endfacet
  facet normal -0.652786 0 0.757542
    outer loop
      vertex -41.6678 -42.4 53.3767
      vertex -41.5897 -49.4 53.444
      vertex -41.5897 -42.4 53.444
    endloop
  endfacet
  facet normal -0.652786 0 0.757542
    outer loop
      vertex -41.5897 -49.4 53.444
      vertex -41.6678 -42.4 53.3767
      vertex -41.6678 -49.4 53.3767
    endloop
  endfacet
  facet normal -0.723884 0 0.689922
    outer loop
      vertex -41.5151 -49.4 53.5151
      vertex -41.444 -42.4 53.5897
      vertex -41.5151 -42.4 53.5151
    endloop
  endfacet
  facet normal -0.723884 0 0.689922
    outer loop
      vertex -41.444 -42.4 53.5897
      vertex -41.5151 -49.4 53.5151
      vertex -41.444 -49.4 53.5897
    endloop
  endfacet
  facet normal -0.575998 0 0.817451
    outer loop
      vertex -41.8333 -42.4 53.2539
      vertex -41.749 -49.4 53.3133
      vertex -41.749 -42.4 53.3133
    endloop
  endfacet
  facet normal -0.575998 0 0.817451
    outer loop
      vertex -41.749 -49.4 53.3133
      vertex -41.8333 -42.4 53.2539
      vertex -41.8333 -49.4 53.2539
    endloop
  endfacet
  facet normal -0.492792 0 0.870147
    outer loop
      vertex -42.0101 -42.4 53.148
      vertex -41.9204 -49.4 53.1988
      vertex -41.9204 -42.4 53.1988
    endloop
  endfacet
  facet normal -0.492792 0 0.870147
    outer loop
      vertex -41.9204 -49.4 53.1988
      vertex -42.0101 -42.4 53.148
      vertex -42.0101 -49.4 53.148
    endloop
  endfacet
  facet normal -0.892869 0 0.450317
    outer loop
      vertex -41.148 -49.4 54.0101
      vertex -41.1016 -42.4 54.1021
      vertex -41.148 -42.4 54.0101
    endloop
  endfacet
  facet normal -0.892869 0 0.450317
    outer loop
      vertex -41.1016 -42.4 54.1021
      vertex -41.148 -49.4 54.0101
      vertex -41.1016 -49.4 54.1021
    endloop
  endfacet
  facet normal -0.932895 0 0.36015
    outer loop
      vertex -41.0599 -49.4 54.1964
      vertex -41.0228 -42.4 54.2925
      vertex -41.0599 -42.4 54.1964
    endloop
  endfacet
  facet normal -0.932895 0 0.36015
    outer loop
      vertex -41.0228 -42.4 54.2925
      vertex -41.0599 -49.4 54.1964
      vertex -41.0228 -49.4 54.2925
    endloop
  endfacet
  facet normal -0.788201 0 0.615418
    outer loop
      vertex -41.3767 -49.4 53.6678
      vertex -41.3133 -42.4 53.749
      vertex -41.3767 -42.4 53.6678
    endloop
  endfacet
  facet normal -0.788201 0 0.615418
    outer loop
      vertex -41.3133 -42.4 53.749
      vertex -41.3767 -49.4 53.6678
      vertex -41.3133 -49.4 53.749
    endloop
  endfacet
  facet normal 0.0737287 0 0.997278
    outer loop
      vertex -43.2058 -42.4 52.9101
      vertex -43.103 -49.4 52.9025
      vertex -43.103 -42.4 52.9025
    endloop
  endfacet
  facet normal 0.0737287 0 0.997278
    outer loop
      vertex -43.103 -49.4 52.9025
      vertex -43.2058 -42.4 52.9101
      vertex -43.2058 -49.4 52.9101
    endloop
  endfacet
  facet normal 0.266893 0 0.963726
    outer loop
      vertex -43.6096 -42.4 52.9904
      vertex -43.5103 -49.4 52.9629
      vertex -43.5103 -42.4 52.9629
    endloop
  endfacet
  facet normal 0.266893 0 0.963726
    outer loop
      vertex -43.5103 -49.4 52.9629
      vertex -43.6096 -42.4 52.9904
      vertex -43.6096 -49.4 52.9904
    endloop
  endfacet
  facet normal 0.450317 0 0.892869
    outer loop
      vertex -43.9899 -42.4 53.148
      vertex -43.8979 -49.4 53.1016
      vertex -43.8979 -42.4 53.1016
    endloop
  endfacet
  facet normal 0.450317 0 0.892869
    outer loop
      vertex -43.8979 -49.4 53.1016
      vertex -43.9899 -42.4 53.148
      vertex -43.9899 -49.4 53.148
    endloop
  endfacet
  facet normal 0.36015 0 0.932895
    outer loop
      vertex -43.8036 -42.4 53.0599
      vertex -43.7075 -49.4 53.0228
      vertex -43.7075 -42.4 53.0228
    endloop
  endfacet
  facet normal 0.36015 0 0.932895
    outer loop
      vertex -43.7075 -49.4 53.0228
      vertex -43.8036 -42.4 53.0599
      vertex -43.8036 -49.4 53.0599
    endloop
  endfacet
  facet normal 0.615418 0 0.788201
    outer loop
      vertex -44.3322 -42.4 53.3767
      vertex -44.251 -49.4 53.3133
      vertex -44.251 -42.4 53.3133
    endloop
  endfacet
  facet normal 0.615418 0 0.788201
    outer loop
      vertex -44.251 -49.4 53.3133
      vertex -44.3322 -42.4 53.3767
      vertex -44.3322 -49.4 53.3767
    endloop
  endfacet
  facet normal 0.534613 0 0.845097
    outer loop
      vertex -44.1667 -42.4 53.2539
      vertex -44.0796 -49.4 53.1988
      vertex -44.0796 -42.4 53.1988
    endloop
  endfacet
  facet normal 0.534613 0 0.845097
    outer loop
      vertex -44.0796 -49.4 53.1988
      vertex -44.1667 -42.4 53.2539
      vertex -44.1667 -49.4 53.2539
    endloop
  endfacet
  facet normal 0.91457 -0 0.404428
    outer loop
      vertex -44.9401 -49.4 54.1964
      vertex -44.8984 -42.4 54.1021
      vertex -44.9401 -42.4 54.1964
    endloop
  endfacet
  facet normal 0.91457 0 0.404428
    outer loop
      vertex -44.8984 -42.4 54.1021
      vertex -44.9401 -49.4 54.1964
      vertex -44.8984 -49.4 54.1021
    endloop
  endfacet
  facet normal 0.94936 -0 0.314191
    outer loop
      vertex -45.0096 -49.4 54.3904
      vertex -44.9772 -42.4 54.2925
      vertex -45.0096 -42.4 54.3904
    endloop
  endfacet
  facet normal 0.94936 0 0.314191
    outer loop
      vertex -44.9772 -42.4 54.2925
      vertex -45.0096 -49.4 54.3904
      vertex -44.9772 -49.4 54.2925
    endloop
  endfacet
  facet normal 0.975889 -0 0.218266
    outer loop
      vertex -45.0596 -49.4 54.5903
      vertex -45.0371 -42.4 54.4897
      vertex -45.0596 -42.4 54.5903
    endloop
  endfacet
  facet normal 0.975889 0 0.218266
    outer loop
      vertex -45.0371 -42.4 54.4897
      vertex -45.0596 -49.4 54.5903
      vertex -45.0371 -49.4 54.4897
    endloop
  endfacet
  facet normal 0.9925 -0 0.122243
    outer loop
      vertex -45.0899 -49.4 54.7942
      vertex -45.0773 -42.4 54.6919
      vertex -45.0899 -42.4 54.7942
    endloop
  endfacet
  facet normal 0.9925 0 0.122243
    outer loop
      vertex -45.0773 -42.4 54.6919
      vertex -45.0899 -49.4 54.7942
      vertex -45.0773 -49.4 54.6919
    endloop
  endfacet
  facet normal 0.817451 -0 0.575998
    outer loop
      vertex -44.7461 -49.4 53.8333
      vertex -44.6867 -42.4 53.749
      vertex -44.7461 -42.4 53.8333
    endloop
  endfacet
  facet normal 0.817451 0 0.575998
    outer loop
      vertex -44.6867 -42.4 53.749
      vertex -44.7461 -49.4 53.8333
      vertex -44.6867 -49.4 53.749
    endloop
  endfacet
  facet normal 0.870147 -0 0.492792
    outer loop
      vertex -44.852 -49.4 54.0101
      vertex -44.8012 -42.4 53.9204
      vertex -44.852 -42.4 54.0101
    endloop
  endfacet
  facet normal 0.870147 0 0.492792
    outer loop
      vertex -44.8012 -42.4 53.9204
      vertex -44.852 -49.4 54.0101
      vertex -44.8012 -49.4 53.9204
    endloop
  endfacet
  facet normal 0.757542 -0 0.652786
    outer loop
      vertex -44.6233 -49.4 53.6678
      vertex -44.556 -42.4 53.5897
      vertex -44.6233 -42.4 53.6678
    endloop
  endfacet
  facet normal 0.757542 0 0.652786
    outer loop
      vertex -44.556 -42.4 53.5897
      vertex -44.6233 -49.4 53.6678
      vertex -44.556 -49.4 53.5897
    endloop
  endfacet
  facet normal -0.892869 0 -0.450317
    outer loop
      vertex -41.1016 -49.4 31.8979
      vertex -41.148 -42.4 31.9899
      vertex -41.1016 -42.4 31.8979
    endloop
  endfacet
  facet normal -0.892869 -0 -0.450317
    outer loop
      vertex -41.148 -42.4 31.9899
      vertex -41.1016 -49.4 31.8979
      vertex -41.148 -49.4 31.9899
    endloop
  endfacet
  facet normal -0.36015 0 -0.932895
    outer loop
      vertex -42.2925 -49.4 32.9772
      vertex -42.1964 -42.4 32.9401
      vertex -42.1964 -49.4 32.9401
    endloop
  endfacet
  facet normal -0.36015 0 -0.932895
    outer loop
      vertex -42.1964 -42.4 32.9401
      vertex -42.2925 -49.4 32.9772
      vertex -42.2925 -42.4 32.9772
    endloop
  endfacet
  facet normal 0.404428 0 -0.91457
    outer loop
      vertex -43.8979 -49.4 32.8984
      vertex -43.8036 -42.4 32.9401
      vertex -43.8036 -49.4 32.9401
    endloop
  endfacet
  facet normal 0.404428 0 -0.91457
    outer loop
      vertex -43.8036 -42.4 32.9401
      vertex -43.8979 -49.4 32.8984
      vertex -43.8979 -42.4 32.8984
    endloop
  endfacet
  facet normal 0.932895 0 -0.36015
    outer loop
      vertex -44.9401 -49.4 31.8036
      vertex -44.9772 -42.4 31.7075
      vertex -44.9401 -42.4 31.8036
    endloop
  endfacet
  facet normal 0.932895 0 -0.36015
    outer loop
      vertex -44.9772 -42.4 31.7075
      vertex -44.9401 -49.4 31.8036
      vertex -44.9772 -49.4 31.7075
    endloop
  endfacet
  facet normal -0.963726 0 -0.266893
    outer loop
      vertex -40.9629 -49.4 31.5103
      vertex -40.9904 -42.4 31.6096
      vertex -40.9629 -42.4 31.5103
    endloop
  endfacet
  facet normal -0.963726 -0 -0.266893
    outer loop
      vertex -40.9904 -42.4 31.6096
      vertex -40.9629 -49.4 31.5103
      vertex -40.9904 -49.4 31.6096
    endloop
  endfacet
  facet normal -0.534613 0 -0.845097
    outer loop
      vertex -41.9204 -49.4 32.8012
      vertex -41.8333 -42.4 32.7461
      vertex -41.8333 -49.4 32.7461
    endloop
  endfacet
  facet normal -0.534613 0 -0.845097
    outer loop
      vertex -41.8333 -42.4 32.7461
      vertex -41.9204 -49.4 32.8012
      vertex -41.9204 -42.4 32.8012
    endloop
  endfacet
  facet normal 0.757542 0 -0.652786
    outer loop
      vertex -44.556 -49.4 32.4103
      vertex -44.6233 -42.4 32.3322
      vertex -44.556 -42.4 32.4103
    endloop
  endfacet
  facet normal 0.757542 0 -0.652786
    outer loop
      vertex -44.6233 -42.4 32.3322
      vertex -44.556 -49.4 32.4103
      vertex -44.6233 -49.4 32.3322
    endloop
  endfacet
  facet normal 0.219189 0 -0.975682
    outer loop
      vertex -43.5103 -49.4 33.0371
      vertex -43.4097 -42.4 33.0597
      vertex -43.4097 -49.4 33.0597
    endloop
  endfacet
  facet normal 0.219189 0 -0.975682
    outer loop
      vertex -43.4097 -42.4 33.0597
      vertex -43.5103 -49.4 33.0371
      vertex -43.5103 -42.4 33.0371
    endloop
  endfacet
  facet normal -0.817451 0 -0.575998
    outer loop
      vertex -41.2539 -49.4 32.1667
      vertex -41.3133 -42.4 32.251
      vertex -41.2539 -42.4 32.1667
    endloop
  endfacet
  facet normal -0.817451 -0 -0.575998
    outer loop
      vertex -41.3133 -42.4 32.251
      vertex -41.2539 -49.4 32.1667
      vertex -41.3133 -49.4 32.251
    endloop
  endfacet
  facet normal -0.723884 0 -0.689922
    outer loop
      vertex -41.444 -49.4 32.4103
      vertex -41.5151 -42.4 32.4849
      vertex -41.444 -42.4 32.4103
    endloop
  endfacet
  facet normal -0.723884 -0 -0.689922
    outer loop
      vertex -41.5151 -42.4 32.4849
      vertex -41.444 -49.4 32.4103
      vertex -41.5151 -49.4 32.4849
    endloop
  endfacet
  facet normal 0.0242647 0 -0.999706
    outer loop
      vertex -43.103 -49.4 33.0975
      vertex -43 -42.4 33.1
      vertex -43 -49.4 33.1
    endloop
  endfacet
  facet normal 0.0242647 0 -0.999706
    outer loop
      vertex -43 -42.4 33.1
      vertex -43.103 -49.4 33.0975
      vertex -43.103 -42.4 33.0975
    endloop
  endfacet
  facet normal -0.170686 0 -0.985325
    outer loop
      vertex -42.6919 -49.4 33.0773
      vertex -42.5903 -42.4 33.0597
      vertex -42.5903 -49.4 33.0597
    endloop
  endfacet
  facet normal -0.170686 0 -0.985325
    outer loop
      vertex -42.5903 -42.4 33.0597
      vertex -42.6919 -49.4 33.0773
      vertex -42.6919 -42.4 33.0773
    endloop
  endfacet
  facet normal -0.615418 0 -0.788201
    outer loop
      vertex -41.749 -49.4 32.6867
      vertex -41.6678 -42.4 32.6233
      vertex -41.6678 -49.4 32.6233
    endloop
  endfacet
  facet normal -0.615418 0 -0.788201
    outer loop
      vertex -41.6678 -42.4 32.6233
      vertex -41.749 -49.4 32.6867
      vertex -41.749 -42.4 32.6867
    endloop
  endfacet
  facet normal 0.999706 0 -0.0242647
    outer loop
      vertex -45.0975 -49.4 31.103
      vertex -45.1 -42.4 31
      vertex -45.0975 -42.4 31.103
    endloop
  endfacet
  facet normal 0.999706 0 -0.0242647
    outer loop
      vertex -45.1 -42.4 31
      vertex -45.0975 -49.4 31.103
      vertex -45.1 -49.4 31
    endloop
  endfacet
  facet normal 0.985162 0 -0.171628
    outer loop
      vertex -45.0596 -49.4 31.4097
      vertex -45.0773 -42.4 31.3081
      vertex -45.0596 -42.4 31.4097
    endloop
  endfacet
  facet normal 0.985162 0 -0.171628
    outer loop
      vertex -45.0773 -42.4 31.3081
      vertex -45.0596 -49.4 31.4097
      vertex -45.0773 -49.4 31.3081
    endloop
  endfacet
  facet normal 0.845097 0 -0.534613
    outer loop
      vertex -44.7461 -49.4 32.1667
      vertex -44.8012 -42.4 32.0796
      vertex -44.7461 -42.4 32.1667
    endloop
  endfacet
  facet normal 0.845097 0 -0.534613
    outer loop
      vertex -44.8012 -42.4 32.0796
      vertex -44.7461 -49.4 32.1667
      vertex -44.8012 -49.4 32.0796
    endloop
  endfacet
  facet normal 0.122243 0 -0.9925
    outer loop
      vertex -43.3081 -49.4 33.0773
      vertex -43.2058 -42.4 33.0899
      vertex -43.2058 -49.4 33.0899
    endloop
  endfacet
  facet normal 0.122243 0 -0.9925
    outer loop
      vertex -43.2058 -42.4 33.0899
      vertex -43.3081 -49.4 33.0773
      vertex -43.3081 -42.4 33.0773
    endloop
  endfacet
  facet normal 0.575998 0 -0.817451
    outer loop
      vertex -44.251 -49.4 32.6867
      vertex -44.1667 -42.4 32.7461
      vertex -44.1667 -49.4 32.7461
    endloop
  endfacet
  facet normal 0.575998 0 -0.817451
    outer loop
      vertex -44.1667 -42.4 32.7461
      vertex -44.251 -49.4 32.6867
      vertex -44.251 -42.4 32.6867
    endloop
  endfacet
  facet normal 0.492792 0 -0.870147
    outer loop
      vertex -44.0796 -49.4 32.8012
      vertex -43.9899 -42.4 32.852
      vertex -43.9899 -49.4 32.852
    endloop
  endfacet
  facet normal 0.492792 0 -0.870147
    outer loop
      vertex -43.9899 -42.4 32.852
      vertex -44.0796 -49.4 32.8012
      vertex -44.0796 -42.4 32.8012
    endloop
  endfacet
  facet normal -0.999706 0 -0.0242647
    outer loop
      vertex -40.9 -49.4 31
      vertex -40.9025 -42.4 31.103
      vertex -40.9 -42.4 31
    endloop
  endfacet
  facet normal -0.999706 -0 -0.0242647
    outer loop
      vertex -40.9025 -42.4 31.103
      vertex -40.9 -49.4 31
      vertex -40.9025 -49.4 31.103
    endloop
  endfacet
  facet normal -0.94936 0 0.314191
    outer loop
      vertex -41.0228 -49.4 30.2925
      vertex -40.9904 -42.4 30.3904
      vertex -41.0228 -42.4 30.2925
    endloop
  endfacet
  facet normal -0.94936 0 0.314191
    outer loop
      vertex -40.9904 -42.4 30.3904
      vertex -41.0228 -49.4 30.2925
      vertex -40.9904 -49.4 30.3904
    endloop
  endfacet
  facet normal -0.757542 0 0.652786
    outer loop
      vertex -41.444 -49.4 29.5897
      vertex -41.3767 -42.4 29.6678
      vertex -41.444 -42.4 29.5897
    endloop
  endfacet
  facet normal -0.757542 0 0.652786
    outer loop
      vertex -41.3767 -42.4 29.6678
      vertex -41.444 -49.4 29.5897
      vertex -41.3767 -49.4 29.6678
    endloop
  endfacet
  facet normal -0.0242647 0 0.999706
    outer loop
      vertex -43 -42.4 28.9
      vertex -42.897 -49.4 28.9025
      vertex -42.897 -42.4 28.9025
    endloop
  endfacet
  facet normal -0.0242647 0 0.999706
    outer loop
      vertex -42.897 -49.4 28.9025
      vertex -43 -42.4 28.9
      vertex -43 -49.4 28.9
    endloop
  endfacet
  facet normal -0.997278 0 -0.0737287
    outer loop
      vertex -40.9025 -49.4 31.103
      vertex -40.9101 -42.4 31.2058
      vertex -40.9025 -42.4 31.103
    endloop
  endfacet
  facet normal -0.997278 -0 -0.0737287
    outer loop
      vertex -40.9101 -42.4 31.2058
      vertex -40.9025 -49.4 31.103
      vertex -40.9101 -49.4 31.2058
    endloop
  endfacet
  facet normal -0.91457 0 -0.404428
    outer loop
      vertex -41.0599 -49.4 31.8036
      vertex -41.1016 -42.4 31.8979
      vertex -41.0599 -42.4 31.8036
    endloop
  endfacet
  facet normal -0.91457 -0 -0.404428
    outer loop
      vertex -41.1016 -42.4 31.8979
      vertex -41.0599 -49.4 31.8036
      vertex -41.1016 -49.4 31.8979
    endloop
  endfacet
  facet normal -0.870147 0 -0.492792
    outer loop
      vertex -41.148 -49.4 31.9899
      vertex -41.1988 -42.4 32.0796
      vertex -41.148 -42.4 31.9899
    endloop
  endfacet
  facet normal -0.870147 -0 -0.492792
    outer loop
      vertex -41.1988 -42.4 32.0796
      vertex -41.148 -49.4 31.9899
      vertex -41.1988 -49.4 32.0796
    endloop
  endfacet
  facet normal -0.689922 0 -0.723884
    outer loop
      vertex -41.5897 -49.4 32.556
      vertex -41.5151 -42.4 32.4849
      vertex -41.5151 -49.4 32.4849
    endloop
  endfacet
  facet normal -0.689922 0 -0.723884
    outer loop
      vertex -41.5151 -42.4 32.4849
      vertex -41.5897 -49.4 32.556
      vertex -41.5897 -42.4 32.556
    endloop
  endfacet
  facet normal -0.845097 0 -0.534613
    outer loop
      vertex -41.1988 -49.4 32.0796
      vertex -41.2539 -42.4 32.1667
      vertex -41.1988 -42.4 32.0796
    endloop
  endfacet
  facet normal -0.845097 -0 -0.534613
    outer loop
      vertex -41.2539 -42.4 32.1667
      vertex -41.1988 -49.4 32.0796
      vertex -41.2539 -49.4 32.1667
    endloop
  endfacet
  facet normal -0.788201 0 -0.615418
    outer loop
      vertex -41.3133 -49.4 32.251
      vertex -41.3767 -42.4 32.3322
      vertex -41.3133 -42.4 32.251
    endloop
  endfacet
  facet normal -0.788201 -0 -0.615418
    outer loop
      vertex -41.3767 -42.4 32.3322
      vertex -41.3133 -49.4 32.251
      vertex -41.3767 -49.4 32.3322
    endloop
  endfacet
  facet normal -0.757542 0 -0.652786
    outer loop
      vertex -41.3767 -49.4 32.3322
      vertex -41.444 -42.4 32.4103
      vertex -41.3767 -42.4 32.3322
    endloop
  endfacet
  facet normal -0.757542 -0 -0.652786
    outer loop
      vertex -41.444 -42.4 32.4103
      vertex -41.3767 -49.4 32.3322
      vertex -41.444 -49.4 32.4103
    endloop
  endfacet
  facet normal -0.0737287 0 -0.997278
    outer loop
      vertex -42.897 -49.4 33.0975
      vertex -42.7942 -42.4 33.0899
      vertex -42.7942 -49.4 33.0899
    endloop
  endfacet
  facet normal -0.0737287 0 -0.997278
    outer loop
      vertex -42.7942 -42.4 33.0899
      vertex -42.897 -49.4 33.0975
      vertex -42.897 -42.4 33.0975
    endloop
  endfacet
  facet normal -0.266893 0 -0.963726
    outer loop
      vertex -42.4897 -49.4 33.0371
      vertex -42.3904 -42.4 33.0096
      vertex -42.3904 -49.4 33.0096
    endloop
  endfacet
  facet normal -0.266893 0 -0.963726
    outer loop
      vertex -42.3904 -42.4 33.0096
      vertex -42.4897 -49.4 33.0371
      vertex -42.4897 -42.4 33.0371
    endloop
  endfacet
  facet normal -0.314191 0 -0.94936
    outer loop
      vertex -42.3904 -49.4 33.0096
      vertex -42.2925 -42.4 32.9772
      vertex -42.2925 -49.4 32.9772
    endloop
  endfacet
  facet normal -0.314191 0 -0.94936
    outer loop
      vertex -42.2925 -42.4 32.9772
      vertex -42.3904 -49.4 33.0096
      vertex -42.3904 -42.4 33.0096
    endloop
  endfacet
  facet normal -0.122243 0 -0.9925
    outer loop
      vertex -42.7942 -49.4 33.0899
      vertex -42.6919 -42.4 33.0773
      vertex -42.6919 -49.4 33.0773
    endloop
  endfacet
  facet normal -0.122243 0 -0.9925
    outer loop
      vertex -42.6919 -42.4 33.0773
      vertex -42.7942 -49.4 33.0899
      vertex -42.7942 -42.4 33.0899
    endloop
  endfacet
  facet normal -0.0242647 0 -0.999706
    outer loop
      vertex -43 -49.4 33.1
      vertex -42.897 -42.4 33.0975
      vertex -42.897 -49.4 33.0975
    endloop
  endfacet
  facet normal -0.0242647 0 -0.999706
    outer loop
      vertex -42.897 -42.4 33.0975
      vertex -43 -49.4 33.1
      vertex -43 -42.4 33.1
    endloop
  endfacet
  facet normal -0.219189 0 -0.975682
    outer loop
      vertex -42.5903 -49.4 33.0597
      vertex -42.4897 -42.4 33.0371
      vertex -42.4897 -49.4 33.0371
    endloop
  endfacet
  facet normal -0.219189 0 -0.975682
    outer loop
      vertex -42.4897 -42.4 33.0371
      vertex -42.5903 -49.4 33.0597
      vertex -42.5903 -42.4 33.0597
    endloop
  endfacet
  facet normal -0.450317 0 -0.892869
    outer loop
      vertex -42.1021 -49.4 32.8984
      vertex -42.0101 -42.4 32.852
      vertex -42.0101 -49.4 32.852
    endloop
  endfacet
  facet normal -0.450317 0 -0.892869
    outer loop
      vertex -42.0101 -42.4 32.852
      vertex -42.1021 -49.4 32.8984
      vertex -42.1021 -42.4 32.8984
    endloop
  endfacet
  facet normal -0.492792 0 -0.870147
    outer loop
      vertex -42.0101 -49.4 32.852
      vertex -41.9204 -42.4 32.8012
      vertex -41.9204 -49.4 32.8012
    endloop
  endfacet
  facet normal -0.492792 0 -0.870147
    outer loop
      vertex -41.9204 -42.4 32.8012
      vertex -42.0101 -49.4 32.852
      vertex -42.0101 -42.4 32.852
    endloop
  endfacet
  facet normal -0.404428 0 -0.91457
    outer loop
      vertex -42.1964 -49.4 32.9401
      vertex -42.1021 -42.4 32.8984
      vertex -42.1021 -49.4 32.8984
    endloop
  endfacet
  facet normal -0.404428 0 -0.91457
    outer loop
      vertex -42.1021 -42.4 32.8984
      vertex -42.1964 -49.4 32.9401
      vertex -42.1964 -42.4 32.9401
    endloop
  endfacet
  facet normal -0.652786 0 -0.757542
    outer loop
      vertex -41.6678 -49.4 32.6233
      vertex -41.5897 -42.4 32.556
      vertex -41.5897 -49.4 32.556
    endloop
  endfacet
  facet normal -0.652786 0 -0.757542
    outer loop
      vertex -41.5897 -42.4 32.556
      vertex -41.6678 -49.4 32.6233
      vertex -41.6678 -42.4 32.6233
    endloop
  endfacet
  facet normal 0.963726 0 -0.266893
    outer loop
      vertex -45.0096 -49.4 31.6096
      vertex -45.0371 -42.4 31.5103
      vertex -45.0096 -42.4 31.6096
    endloop
  endfacet
  facet normal 0.963726 0 -0.266893
    outer loop
      vertex -45.0371 -42.4 31.5103
      vertex -45.0096 -49.4 31.6096
      vertex -45.0371 -49.4 31.5103
    endloop
  endfacet
  facet normal 0.94936 0 -0.314191
    outer loop
      vertex -44.9772 -49.4 31.7075
      vertex -45.0096 -42.4 31.6096
      vertex -44.9772 -42.4 31.7075
    endloop
  endfacet
  facet normal 0.94936 0 -0.314191
    outer loop
      vertex -45.0096 -42.4 31.6096
      vertex -44.9772 -49.4 31.7075
      vertex -45.0096 -49.4 31.6096
    endloop
  endfacet
  facet normal 0.997278 0 -0.0737287
    outer loop
      vertex -45.0899 -49.4 31.2058
      vertex -45.0975 -42.4 31.103
      vertex -45.0899 -42.4 31.2058
    endloop
  endfacet
  facet normal 0.997278 0 -0.0737287
    outer loop
      vertex -45.0975 -42.4 31.103
      vertex -45.0899 -49.4 31.2058
      vertex -45.0975 -49.4 31.103
    endloop
  endfacet
  facet normal 0.975889 0 -0.218266
    outer loop
      vertex -45.0371 -49.4 31.5103
      vertex -45.0596 -42.4 31.4097
      vertex -45.0371 -42.4 31.5103
    endloop
  endfacet
  facet normal 0.975889 0 -0.218266
    outer loop
      vertex -45.0596 -42.4 31.4097
      vertex -45.0371 -49.4 31.5103
      vertex -45.0596 -49.4 31.4097
    endloop
  endfacet
  facet normal 0.892869 0 -0.450317
    outer loop
      vertex -44.852 -49.4 31.9899
      vertex -44.8984 -42.4 31.8979
      vertex -44.852 -42.4 31.9899
    endloop
  endfacet
  facet normal 0.892869 0 -0.450317
    outer loop
      vertex -44.8984 -42.4 31.8979
      vertex -44.852 -49.4 31.9899
      vertex -44.8984 -49.4 31.8979
    endloop
  endfacet
  facet normal 0.91457 0 -0.404428
    outer loop
      vertex -44.8984 -49.4 31.8979
      vertex -44.9401 -42.4 31.8036
      vertex -44.8984 -42.4 31.8979
    endloop
  endfacet
  facet normal 0.91457 0 -0.404428
    outer loop
      vertex -44.9401 -42.4 31.8036
      vertex -44.8984 -49.4 31.8979
      vertex -44.9401 -49.4 31.8036
    endloop
  endfacet
  facet normal 0.788201 0 -0.615418
    outer loop
      vertex -44.6233 -49.4 32.3322
      vertex -44.6867 -42.4 32.251
      vertex -44.6233 -42.4 32.3322
    endloop
  endfacet
  facet normal 0.788201 0 -0.615418
    outer loop
      vertex -44.6867 -42.4 32.251
      vertex -44.6233 -49.4 32.3322
      vertex -44.6867 -49.4 32.251
    endloop
  endfacet
  facet normal 0.314191 0 -0.94936
    outer loop
      vertex -43.7075 -49.4 32.9772
      vertex -43.6096 -42.4 33.0096
      vertex -43.6096 -49.4 33.0096
    endloop
  endfacet
  facet normal 0.314191 0 -0.94936
    outer loop
      vertex -43.6096 -42.4 33.0096
      vertex -43.7075 -49.4 32.9772
      vertex -43.7075 -42.4 32.9772
    endloop
  endfacet
  facet normal 0.36015 0 -0.932895
    outer loop
      vertex -43.8036 -49.4 32.9401
      vertex -43.7075 -42.4 32.9772
      vertex -43.7075 -49.4 32.9772
    endloop
  endfacet
  facet normal 0.36015 0 -0.932895
    outer loop
      vertex -43.7075 -42.4 32.9772
      vertex -43.8036 -49.4 32.9401
      vertex -43.8036 -42.4 32.9401
    endloop
  endfacet
  facet normal 0.170686 0 -0.985325
    outer loop
      vertex -43.4097 -49.4 33.0597
      vertex -43.3081 -42.4 33.0773
      vertex -43.3081 -49.4 33.0773
    endloop
  endfacet
  facet normal 0.170686 0 -0.985325
    outer loop
      vertex -43.3081 -42.4 33.0773
      vertex -43.4097 -49.4 33.0597
      vertex -43.4097 -42.4 33.0597
    endloop
  endfacet
  facet normal 0.0737287 0 -0.997278
    outer loop
      vertex -43.2058 -49.4 33.0899
      vertex -43.103 -42.4 33.0975
      vertex -43.103 -49.4 33.0975
    endloop
  endfacet
  facet normal 0.0737287 0 -0.997278
    outer loop
      vertex -43.103 -42.4 33.0975
      vertex -43.2058 -49.4 33.0899
      vertex -43.2058 -42.4 33.0899
    endloop
  endfacet
  facet normal 0.534613 0 -0.845097
    outer loop
      vertex -44.1667 -49.4 32.7461
      vertex -44.0796 -42.4 32.8012
      vertex -44.0796 -49.4 32.8012
    endloop
  endfacet
  facet normal 0.534613 0 -0.845097
    outer loop
      vertex -44.0796 -42.4 32.8012
      vertex -44.1667 -49.4 32.7461
      vertex -44.1667 -42.4 32.7461
    endloop
  endfacet
  facet normal 0.450317 0 -0.892869
    outer loop
      vertex -43.9899 -49.4 32.852
      vertex -43.8979 -42.4 32.8984
      vertex -43.8979 -49.4 32.8984
    endloop
  endfacet
  facet normal 0.450317 0 -0.892869
    outer loop
      vertex -43.8979 -42.4 32.8984
      vertex -43.9899 -49.4 32.852
      vertex -43.9899 -42.4 32.852
    endloop
  endfacet
  facet normal 0.652786 0 -0.757542
    outer loop
      vertex -44.4103 -49.4 32.556
      vertex -44.3322 -42.4 32.6233
      vertex -44.3322 -49.4 32.6233
    endloop
  endfacet
  facet normal 0.652786 0 -0.757542
    outer loop
      vertex -44.3322 -42.4 32.6233
      vertex -44.4103 -49.4 32.556
      vertex -44.4103 -42.4 32.556
    endloop
  endfacet
  facet normal 0.689922 0 -0.723884
    outer loop
      vertex -44.4849 -49.4 32.4849
      vertex -44.4103 -42.4 32.556
      vertex -44.4103 -49.4 32.556
    endloop
  endfacet
  facet normal 0.689922 0 -0.723884
    outer loop
      vertex -44.4103 -42.4 32.556
      vertex -44.4849 -49.4 32.4849
      vertex -44.4849 -42.4 32.4849
    endloop
  endfacet
  facet normal 0.615418 0 -0.788201
    outer loop
      vertex -44.3322 -49.4 32.6233
      vertex -44.251 -42.4 32.6867
      vertex -44.251 -49.4 32.6867
    endloop
  endfacet
  facet normal 0.615418 0 -0.788201
    outer loop
      vertex -44.251 -42.4 32.6867
      vertex -44.3322 -49.4 32.6233
      vertex -44.3322 -42.4 32.6233
    endloop
  endfacet
  facet normal 0.723884 0 -0.689922
    outer loop
      vertex -44.4849 -49.4 32.4849
      vertex -44.556 -42.4 32.4103
      vertex -44.4849 -42.4 32.4849
    endloop
  endfacet
  facet normal 0.723884 0 -0.689922
    outer loop
      vertex -44.556 -42.4 32.4103
      vertex -44.4849 -49.4 32.4849
      vertex -44.556 -49.4 32.4103
    endloop
  endfacet
  facet normal -0.9925 0 0.122243
    outer loop
      vertex -40.9227 -49.4 30.6919
      vertex -40.9101 -42.4 30.7942
      vertex -40.9227 -42.4 30.6919
    endloop
  endfacet
  facet normal -0.9925 0 0.122243
    outer loop
      vertex -40.9101 -42.4 30.7942
      vertex -40.9227 -49.4 30.6919
      vertex -40.9101 -49.4 30.7942
    endloop
  endfacet
  facet normal -0.985325 0 0.170686
    outer loop
      vertex -40.9403 -49.4 30.5903
      vertex -40.9227 -42.4 30.6919
      vertex -40.9403 -42.4 30.5903
    endloop
  endfacet
  facet normal -0.985325 0 0.170686
    outer loop
      vertex -40.9227 -42.4 30.6919
      vertex -40.9403 -49.4 30.5903
      vertex -40.9227 -49.4 30.6919
    endloop
  endfacet
  facet normal -0.932895 0 0.36015
    outer loop
      vertex -41.0599 -49.4 30.1964
      vertex -41.0228 -42.4 30.2925
      vertex -41.0599 -42.4 30.1964
    endloop
  endfacet
  facet normal -0.932895 0 0.36015
    outer loop
      vertex -41.0228 -42.4 30.2925
      vertex -41.0599 -49.4 30.1964
      vertex -41.0228 -49.4 30.2925
    endloop
  endfacet
  facet normal -0.266893 0 0.963726
    outer loop
      vertex -42.4897 -42.4 28.9629
      vertex -42.3904 -49.4 28.9904
      vertex -42.3904 -42.4 28.9904
    endloop
  endfacet
  facet normal -0.266893 0 0.963726
    outer loop
      vertex -42.3904 -49.4 28.9904
      vertex -42.4897 -42.4 28.9629
      vertex -42.4897 -49.4 28.9629
    endloop
  endfacet
  facet normal -0.36015 0 0.932895
    outer loop
      vertex -42.2925 -42.4 29.0228
      vertex -42.1964 -49.4 29.0599
      vertex -42.1964 -42.4 29.0599
    endloop
  endfacet
  facet normal -0.36015 0 0.932895
    outer loop
      vertex -42.1964 -49.4 29.0599
      vertex -42.2925 -42.4 29.0228
      vertex -42.2925 -49.4 29.0228
    endloop
  endfacet
  facet normal -0.404428 0 0.91457
    outer loop
      vertex -42.1964 -42.4 29.0599
      vertex -42.1021 -49.4 29.1016
      vertex -42.1021 -42.4 29.1016
    endloop
  endfacet
  facet normal -0.404428 0 0.91457
    outer loop
      vertex -42.1021 -49.4 29.1016
      vertex -42.1964 -42.4 29.0599
      vertex -42.1964 -49.4 29.0599
    endloop
  endfacet
  facet normal -0.985325 0 -0.170686
    outer loop
      vertex -40.9227 -49.4 31.3081
      vertex -40.9403 -42.4 31.4097
      vertex -40.9227 -42.4 31.3081
    endloop
  endfacet
  facet normal -0.985325 -0 -0.170686
    outer loop
      vertex -40.9403 -42.4 31.4097
      vertex -40.9227 -49.4 31.3081
      vertex -40.9403 -49.4 31.4097
    endloop
  endfacet
  facet normal -0.94936 0 -0.314191
    outer loop
      vertex -40.9904 -49.4 31.6096
      vertex -41.0228 -42.4 31.7075
      vertex -40.9904 -42.4 31.6096
    endloop
  endfacet
  facet normal -0.94936 -0 -0.314191
    outer loop
      vertex -41.0228 -42.4 31.7075
      vertex -40.9904 -49.4 31.6096
      vertex -41.0228 -49.4 31.7075
    endloop
  endfacet
  facet normal -0.932895 0 -0.36015
    outer loop
      vertex -41.0228 -49.4 31.7075
      vertex -41.0599 -42.4 31.8036
      vertex -41.0228 -42.4 31.7075
    endloop
  endfacet
  facet normal -0.932895 -0 -0.36015
    outer loop
      vertex -41.0599 -42.4 31.8036
      vertex -41.0228 -49.4 31.7075
      vertex -41.0599 -49.4 31.8036
    endloop
  endfacet
  facet normal -0.575998 0 -0.817451
    outer loop
      vertex -41.8333 -49.4 32.7461
      vertex -41.749 -42.4 32.6867
      vertex -41.749 -49.4 32.6867
    endloop
  endfacet
  facet normal -0.575998 0 -0.817451
    outer loop
      vertex -41.749 -42.4 32.6867
      vertex -41.8333 -49.4 32.7461
      vertex -41.8333 -42.4 32.7461
    endloop
  endfacet
  facet normal 0.9925 0 -0.122243
    outer loop
      vertex -45.0773 -49.4 31.3081
      vertex -45.0899 -42.4 31.2058
      vertex -45.0773 -42.4 31.3081
    endloop
  endfacet
  facet normal 0.9925 0 -0.122243
    outer loop
      vertex -45.0899 -42.4 31.2058
      vertex -45.0773 -49.4 31.3081
      vertex -45.0899 -49.4 31.2058
    endloop
  endfacet
  facet normal 0.870147 0 -0.492792
    outer loop
      vertex -44.8012 -49.4 32.0796
      vertex -44.852 -42.4 31.9899
      vertex -44.8012 -42.4 32.0796
    endloop
  endfacet
  facet normal 0.870147 0 -0.492792
    outer loop
      vertex -44.852 -42.4 31.9899
      vertex -44.8012 -49.4 32.0796
      vertex -44.852 -49.4 31.9899
    endloop
  endfacet
  facet normal 0.817451 0 -0.575998
    outer loop
      vertex -44.6867 -49.4 32.251
      vertex -44.7461 -42.4 32.1667
      vertex -44.6867 -42.4 32.251
    endloop
  endfacet
  facet normal 0.817451 0 -0.575998
    outer loop
      vertex -44.7461 -42.4 32.1667
      vertex -44.6867 -49.4 32.251
      vertex -44.7461 -49.4 32.1667
    endloop
  endfacet
  facet normal 0.266893 0 -0.963726
    outer loop
      vertex -43.6096 -49.4 33.0096
      vertex -43.5103 -42.4 33.0371
      vertex -43.5103 -49.4 33.0371
    endloop
  endfacet
  facet normal 0.266893 0 -0.963726
    outer loop
      vertex -43.5103 -42.4 33.0371
      vertex -43.6096 -49.4 33.0096
      vertex -43.6096 -42.4 33.0096
    endloop
  endfacet
  facet normal -0.997278 0 0.0737287
    outer loop
      vertex -40.9101 -49.4 30.7942
      vertex -40.9025 -42.4 30.897
      vertex -40.9101 -42.4 30.7942
    endloop
  endfacet
  facet normal -0.997278 0 0.0737287
    outer loop
      vertex -40.9025 -42.4 30.897
      vertex -40.9101 -49.4 30.7942
      vertex -40.9025 -49.4 30.897
    endloop
  endfacet
  facet normal -0.999706 0 0.0242647
    outer loop
      vertex -40.9025 -49.4 30.897
      vertex -40.9 -42.4 31
      vertex -40.9025 -42.4 30.897
    endloop
  endfacet
  facet normal -0.999706 0 0.0242647
    outer loop
      vertex -40.9 -42.4 31
      vertex -40.9025 -49.4 30.897
      vertex -40.9 -49.4 31
    endloop
  endfacet
  facet normal -0.975682 0 0.219189
    outer loop
      vertex -40.9629 -49.4 30.4897
      vertex -40.9403 -42.4 30.5903
      vertex -40.9629 -42.4 30.4897
    endloop
  endfacet
  facet normal -0.975682 0 0.219189
    outer loop
      vertex -40.9403 -42.4 30.5903
      vertex -40.9629 -49.4 30.4897
      vertex -40.9403 -49.4 30.5903
    endloop
  endfacet
  facet normal -0.963726 0 0.266893
    outer loop
      vertex -40.9904 -49.4 30.3904
      vertex -40.9629 -42.4 30.4897
      vertex -40.9904 -42.4 30.3904
    endloop
  endfacet
  facet normal -0.963726 0 0.266893
    outer loop
      vertex -40.9629 -42.4 30.4897
      vertex -40.9904 -49.4 30.3904
      vertex -40.9629 -49.4 30.4897
    endloop
  endfacet
  facet normal -0.870147 0 0.492792
    outer loop
      vertex -41.1988 -49.4 29.9204
      vertex -41.148 -42.4 30.0101
      vertex -41.1988 -42.4 29.9204
    endloop
  endfacet
  facet normal -0.870147 0 0.492792
    outer loop
      vertex -41.148 -42.4 30.0101
      vertex -41.1988 -49.4 29.9204
      vertex -41.148 -49.4 30.0101
    endloop
  endfacet
  facet normal 0.492792 0 0.870147
    outer loop
      vertex -44.0796 -42.4 29.1988
      vertex -43.9899 -49.4 29.148
      vertex -43.9899 -42.4 29.148
    endloop
  endfacet
  facet normal 0.492792 0 0.870147
    outer loop
      vertex -43.9899 -49.4 29.148
      vertex -44.0796 -42.4 29.1988
      vertex -44.0796 -49.4 29.1988
    endloop
  endfacet
  facet normal 0.999706 -0 0.0242647
    outer loop
      vertex -45.1 -49.4 31
      vertex -45.0975 -42.4 30.897
      vertex -45.1 -42.4 31
    endloop
  endfacet
  facet normal 0.999706 0 0.0242647
    outer loop
      vertex -45.0975 -42.4 30.897
      vertex -45.1 -49.4 31
      vertex -45.0975 -49.4 30.897
    endloop
  endfacet
  facet normal 0.94936 -0 0.314191
    outer loop
      vertex -45.0096 -49.4 30.3904
      vertex -44.9772 -42.4 30.2925
      vertex -45.0096 -42.4 30.3904
    endloop
  endfacet
  facet normal 0.94936 0 0.314191
    outer loop
      vertex -44.9772 -42.4 30.2925
      vertex -45.0096 -49.4 30.3904
      vertex -44.9772 -49.4 30.2925
    endloop
  endfacet
  facet normal 0 -1 0
    outer loop
      vertex -43.103 -42.4 33.0975
      vertex -42.897 -42.4 33.0975
      vertex -43 -42.4 33.1
    endloop
  endfacet
  facet normal 0 -1 0
    outer loop
      vertex -43.2058 -42.4 33.0899
      vertex -42.897 -42.4 33.0975
      vertex -43.103 -42.4 33.0975
    endloop
  endfacet
  facet normal 0 -1 0
    outer loop
      vertex -43.2058 -42.4 33.0899
      vertex -42.7942 -42.4 33.0899
      vertex -42.897 -42.4 33.0975
    endloop
  endfacet
  facet normal 0 -1 0
    outer loop
      vertex -43.3081 -42.4 33.0773
      vertex -42.7942 -42.4 33.0899
      vertex -43.2058 -42.4 33.0899
    endloop
  endfacet
  facet normal 0 -1 0
    outer loop
      vertex -43.3081 -42.4 33.0773
      vertex -42.6919 -42.4 33.0773
      vertex -42.7942 -42.4 33.0899
    endloop
  endfacet
  facet normal 0 -1 0
    outer loop
      vertex -43.4097 -42.4 33.0597
      vertex -42.6919 -42.4 33.0773
      vertex -43.3081 -42.4 33.0773
    endloop
  endfacet
  facet normal 0 -1 0
    outer loop
      vertex -43.4097 -42.4 33.0597
      vertex -42.5903 -42.4 33.0597
      vertex -42.6919 -42.4 33.0773
    endloop
  endfacet
  facet normal 0 -1 0
    outer loop
      vertex -43.5103 -42.4 33.0371
      vertex -42.5903 -42.4 33.0597
      vertex -43.4097 -42.4 33.0597
    endloop
  endfacet
  facet normal 0 -1 0
    outer loop
      vertex -43.5103 -42.4 33.0371
      vertex -42.4897 -42.4 33.0371
      vertex -42.5903 -42.4 33.0597
    endloop
  endfacet
  facet normal 0 -1 0
    outer loop
      vertex -43.6096 -42.4 33.0096
      vertex -42.4897 -42.4 33.0371
      vertex -43.5103 -42.4 33.0371
    endloop
  endfacet
  facet normal 0 -1 0
    outer loop
      vertex -43.6096 -42.4 33.0096
      vertex -42.3904 -42.4 33.0096
      vertex -42.4897 -42.4 33.0371
    endloop
  endfacet
  facet normal 0 -1 0
    outer loop
      vertex -43.7075 -42.4 32.9772
      vertex -42.3904 -42.4 33.0096
      vertex -43.6096 -42.4 33.0096
    endloop
  endfacet
  facet normal 0 -1 0
    outer loop
      vertex -43.7075 -42.4 32.9772
      vertex -42.2925 -42.4 32.9772
      vertex -42.3904 -42.4 33.0096
    endloop
  endfacet
  facet normal 0 -1 0
    outer loop
      vertex -43.8036 -42.4 32.9401
      vertex -42.2925 -42.4 32.9772
      vertex -43.7075 -42.4 32.9772
    endloop
  endfacet
  facet normal 0 -1 0
    outer loop
      vertex -43.8036 -42.4 32.9401
      vertex -42.1964 -42.4 32.9401
      vertex -42.2925 -42.4 32.9772
    endloop
  endfacet
  facet normal 0 -1 0
    outer loop
      vertex -43.8979 -42.4 32.8984
      vertex -42.1964 -42.4 32.9401
      vertex -43.8036 -42.4 32.9401
    endloop
  endfacet
  facet normal 0 -1 0
    outer loop
      vertex -43.8979 -42.4 32.8984
      vertex -42.1021 -42.4 32.8984
      vertex -42.1964 -42.4 32.9401
    endloop
  endfacet
  facet normal 0 -1 0
    outer loop
      vertex -43.9899 -42.4 32.852
      vertex -42.1021 -42.4 32.8984
      vertex -43.8979 -42.4 32.8984
    endloop
  endfacet
  facet normal 0 -1 0
    outer loop
      vertex -43.9899 -42.4 32.852
      vertex -42.0101 -42.4 32.852
      vertex -42.1021 -42.4 32.8984
    endloop
  endfacet
  facet normal 0 -1 0
    outer loop
      vertex -44.0796 -42.4 32.8012
      vertex -42.0101 -42.4 32.852
      vertex -43.9899 -42.4 32.852
    endloop
  endfacet
  facet normal 0 -1 0
    outer loop
      vertex -44.0796 -42.4 32.8012
      vertex -41.9204 -42.4 32.8012
      vertex -42.0101 -42.4 32.852
    endloop
  endfacet
  facet normal 0 -1 0
    outer loop
      vertex -44.1667 -42.4 32.7461
      vertex -41.9204 -42.4 32.8012
      vertex -44.0796 -42.4 32.8012
    endloop
  endfacet
  facet normal 0 -1 0
    outer loop
      vertex -44.1667 -42.4 32.7461
      vertex -41.8333 -42.4 32.7461
      vertex -41.9204 -42.4 32.8012
    endloop
  endfacet
  facet normal 0 -1 0
    outer loop
      vertex -44.251 -42.4 32.6867
      vertex -41.8333 -42.4 32.7461
      vertex -44.1667 -42.4 32.7461
    endloop
  endfacet
  facet normal 0 -1 0
    outer loop
      vertex -44.251 -42.4 32.6867
      vertex -41.749 -42.4 32.6867
      vertex -41.8333 -42.4 32.7461
    endloop
  endfacet
  facet normal 0 -1 0
    outer loop
      vertex -44.3322 -42.4 32.6233
      vertex -41.749 -42.4 32.6867
      vertex -44.251 -42.4 32.6867
    endloop
  endfacet
  facet normal 0 -1 0
    outer loop
      vertex -44.3322 -42.4 32.6233
      vertex -41.6678 -42.4 32.6233
      vertex -41.749 -42.4 32.6867
    endloop
  endfacet
  facet normal 0 -1 0
    outer loop
      vertex -44.4103 -42.4 32.556
      vertex -41.6678 -42.4 32.6233
      vertex -44.3322 -42.4 32.6233
    endloop
  endfacet
  facet normal 0 -1 0
    outer loop
      vertex -44.4103 -42.4 32.556
      vertex -41.5897 -42.4 32.556
      vertex -41.6678 -42.4 32.6233
    endloop
  endfacet
  facet normal 0 -1 0
    outer loop
      vertex -44.4849 -42.4 32.4849
      vertex -41.5897 -42.4 32.556
      vertex -44.4103 -42.4 32.556
    endloop
  endfacet
  facet normal 0 -1 0
    outer loop
      vertex -44.4849 -42.4 32.4849
      vertex -41.5151 -42.4 32.4849
      vertex -41.5897 -42.4 32.556
    endloop
  endfacet
  facet normal 0 -1 0
    outer loop
      vertex -44.556 -42.4 32.4103
      vertex -41.5151 -42.4 32.4849
      vertex -44.4849 -42.4 32.4849
    endloop
  endfacet
  facet normal 0 -1 0
    outer loop
      vertex -44.556 -42.4 32.4103
      vertex -41.444 -42.4 32.4103
      vertex -41.5151 -42.4 32.4849
    endloop
  endfacet
  facet normal 0 -1 0
    outer loop
      vertex -44.6233 -42.4 32.3322
      vertex -41.444 -42.4 32.4103
      vertex -44.556 -42.4 32.4103
    endloop
  endfacet
  facet normal 0 -1 0
    outer loop
      vertex -44.6233 -42.4 32.3322
      vertex -41.3767 -42.4 32.3322
      vertex -41.444 -42.4 32.4103
    endloop
  endfacet
  facet normal 0 -1 0
    outer loop
      vertex -44.6867 -42.4 32.251
      vertex -41.3767 -42.4 32.3322
      vertex -44.6233 -42.4 32.3322
    endloop
  endfacet
  facet normal 0 -1 0
    outer loop
      vertex -44.6867 -42.4 32.251
      vertex -41.3133 -42.4 32.251
      vertex -41.3767 -42.4 32.3322
    endloop
  endfacet
  facet normal 0 -1 0
    outer loop
      vertex -44.7461 -42.4 32.1667
      vertex -41.3133 -42.4 32.251
      vertex -44.6867 -42.4 32.251
    endloop
  endfacet
  facet normal 0 -1 0
    outer loop
      vertex -44.7461 -42.4 32.1667
      vertex -41.2539 -42.4 32.1667
      vertex -41.3133 -42.4 32.251
    endloop
  endfacet
  facet normal 0 -1 0
    outer loop
      vertex -44.8012 -42.4 32.0796
      vertex -41.2539 -42.4 32.1667
      vertex -44.7461 -42.4 32.1667
    endloop
  endfacet
  facet normal 0 -1 0
    outer loop
      vertex -44.8012 -42.4 32.0796
      vertex -41.1988 -42.4 32.0796
      vertex -41.2539 -42.4 32.1667
    endloop
  endfacet
  facet normal 0 -1 0
    outer loop
      vertex -44.852 -42.4 31.9899
      vertex -41.1988 -42.4 32.0796
      vertex -44.8012 -42.4 32.0796
    endloop
  endfacet
  facet normal 0 -1 0
    outer loop
      vertex -44.852 -42.4 31.9899
      vertex -41.148 -42.4 31.9899
      vertex -41.1988 -42.4 32.0796
    endloop
  endfacet
  facet normal 0 -1 0
    outer loop
      vertex -44.8984 -42.4 31.8979
      vertex -41.148 -42.4 31.9899
      vertex -44.852 -42.4 31.9899
    endloop
  endfacet
  facet normal 0 -1 0
    outer loop
      vertex -44.8984 -42.4 31.8979
      vertex -41.1016 -42.4 31.8979
      vertex -41.148 -42.4 31.9899
    endloop
  endfacet
  facet normal 0 -1 0
    outer loop
      vertex -44.9401 -42.4 31.8036
      vertex -41.1016 -42.4 31.8979
      vertex -44.8984 -42.4 31.8979
    endloop
  endfacet
  facet normal 0 -1 0
    outer loop
      vertex -44.9401 -42.4 31.8036
      vertex -41.0599 -42.4 31.8036
      vertex -41.1016 -42.4 31.8979
    endloop
  endfacet
  facet normal 0 -1 0
    outer loop
      vertex -44.9772 -42.4 31.7075
      vertex -41.0599 -42.4 31.8036
      vertex -44.9401 -42.4 31.8036
    endloop
  endfacet
  facet normal 0 -1 0
    outer loop
      vertex -44.9772 -42.4 31.7075
      vertex -41.0228 -42.4 31.7075
      vertex -41.0599 -42.4 31.8036
    endloop
  endfacet
  facet normal 0 -1 0
    outer loop
      vertex -45.0096 -42.4 31.6096
      vertex -41.0228 -42.4 31.7075
      vertex -44.9772 -42.4 31.7075
    endloop
  endfacet
  facet normal 0 -1 0
    outer loop
      vertex -45.0096 -42.4 31.6096
      vertex -40.9904 -42.4 31.6096
      vertex -41.0228 -42.4 31.7075
    endloop
  endfacet
  facet normal 0 -1 0
    outer loop
      vertex -45.0371 -42.4 31.5103
      vertex -40.9904 -42.4 31.6096
      vertex -45.0096 -42.4 31.6096
    endloop
  endfacet
  facet normal 0 -1 0
    outer loop
      vertex -45.0371 -42.4 31.5103
      vertex -40.9629 -42.4 31.5103
      vertex -40.9904 -42.4 31.6096
    endloop
  endfacet
  facet normal 0 -1 0
    outer loop
      vertex -45.0596 -42.4 31.4097
      vertex -40.9629 -42.4 31.5103
      vertex -45.0371 -42.4 31.5103
    endloop
  endfacet
  facet normal 0 -1 0
    outer loop
      vertex -45.0596 -42.4 31.4097
      vertex -40.9403 -42.4 31.4097
      vertex -40.9629 -42.4 31.5103
    endloop
  endfacet
  facet normal 0 -1 0
    outer loop
      vertex -45.0773 -42.4 31.3081
      vertex -40.9403 -42.4 31.4097
      vertex -45.0596 -42.4 31.4097
    endloop
  endfacet
  facet normal 0 -1 0
    outer loop
      vertex -45.0773 -42.4 31.3081
      vertex -40.9227 -42.4 31.3081
      vertex -40.9403 -42.4 31.4097
    endloop
  endfacet
  facet normal 0 -1 0
    outer loop
      vertex -45.0899 -42.4 31.2058
      vertex -40.9227 -42.4 31.3081
      vertex -45.0773 -42.4 31.3081
    endloop
  endfacet
  facet normal 0 -1 0
    outer loop
      vertex -45.0899 -42.4 31.2058
      vertex -40.9101 -42.4 31.2058
      vertex -40.9227 -42.4 31.3081
    endloop
  endfacet
  facet normal 0 -1 0
    outer loop
      vertex -45.0975 -42.4 31.103
      vertex -40.9101 -42.4 31.2058
      vertex -45.0899 -42.4 31.2058
    endloop
  endfacet
  facet normal 0 -1 0
    outer loop
      vertex -45.0975 -42.4 31.103
      vertex -40.9025 -42.4 31.103
      vertex -40.9101 -42.4 31.2058
    endloop
  endfacet
  facet normal 0 -1 0
    outer loop
      vertex -45.1 -42.4 31
      vertex -40.9025 -42.4 31.103
      vertex -45.0975 -42.4 31.103
    endloop
  endfacet
  facet normal 0 -1 0
    outer loop
      vertex -45.1 -42.4 31
      vertex -40.9 -42.4 31
      vertex -40.9025 -42.4 31.103
    endloop
  endfacet
  facet normal 0 -1 0
    outer loop
      vertex -45.0975 -42.4 30.897
      vertex -40.9 -42.4 31
      vertex -45.1 -42.4 31
    endloop
  endfacet
  facet normal 0 -1 0
    outer loop
      vertex -45.0975 -42.4 30.897
      vertex -40.9025 -42.4 30.897
      vertex -40.9 -42.4 31
    endloop
  endfacet
  facet normal 0 -1 0
    outer loop
      vertex -45.0899 -42.4 30.7942
      vertex -40.9025 -42.4 30.897
      vertex -45.0975 -42.4 30.897
    endloop
  endfacet
  facet normal 0 -1 0
    outer loop
      vertex -45.0899 -42.4 30.7942
      vertex -40.9101 -42.4 30.7942
      vertex -40.9025 -42.4 30.897
    endloop
  endfacet
  facet normal 0 -1 0
    outer loop
      vertex -45.0773 -42.4 30.6919
      vertex -40.9101 -42.4 30.7942
      vertex -45.0899 -42.4 30.7942
    endloop
  endfacet
  facet normal 0 -1 0
    outer loop
      vertex -45.0773 -42.4 30.6919
      vertex -40.9227 -42.4 30.6919
      vertex -40.9101 -42.4 30.7942
    endloop
  endfacet
  facet normal 0 -1 0
    outer loop
      vertex -45.0596 -42.4 30.5903
      vertex -40.9227 -42.4 30.6919
      vertex -45.0773 -42.4 30.6919
    endloop
  endfacet
  facet normal 0 -1 0
    outer loop
      vertex -45.0596 -42.4 30.5903
      vertex -40.9403 -42.4 30.5903
      vertex -40.9227 -42.4 30.6919
    endloop
  endfacet
  facet normal 0 -1 0
    outer loop
      vertex -45.0371 -42.4 30.4897
      vertex -40.9403 -42.4 30.5903
      vertex -45.0596 -42.4 30.5903
    endloop
  endfacet
  facet normal 0 -1 0
    outer loop
      vertex -45.0371 -42.4 30.4897
      vertex -40.9629 -42.4 30.4897
      vertex -40.9403 -42.4 30.5903
    endloop
  endfacet
  facet normal 0 -1 0
    outer loop
      vertex -45.0096 -42.4 30.3904
      vertex -40.9629 -42.4 30.4897
      vertex -45.0371 -42.4 30.4897
    endloop
  endfacet
  facet normal 0 -1 0
    outer loop
      vertex -45.0096 -42.4 30.3904
      vertex -40.9904 -42.4 30.3904
      vertex -40.9629 -42.4 30.4897
    endloop
  endfacet
  facet normal 0 -1 0
    outer loop
      vertex -44.9772 -42.4 30.2925
      vertex -40.9904 -42.4 30.3904
      vertex -45.0096 -42.4 30.3904
    endloop
  endfacet
  facet normal 0 -1 0
    outer loop
      vertex -44.9772 -42.4 30.2925
      vertex -41.0228 -42.4 30.2925
      vertex -40.9904 -42.4 30.3904
    endloop
  endfacet
  facet normal 0 -1 0
    outer loop
      vertex -44.9401 -42.4 30.1964
      vertex -41.0228 -42.4 30.2925
      vertex -44.9772 -42.4 30.2925
    endloop
  endfacet
  facet normal 0 -1 0
    outer loop
      vertex -44.9401 -42.4 30.1964
      vertex -41.0599 -42.4 30.1964
      vertex -41.0228 -42.4 30.2925
    endloop
  endfacet
  facet normal 0 -1 0
    outer loop
      vertex -44.8984 -42.4 30.1021
      vertex -41.0599 -42.4 30.1964
      vertex -44.9401 -42.4 30.1964
    endloop
  endfacet
  facet normal 0 -1 0
    outer loop
      vertex -44.8984 -42.4 30.1021
      vertex -41.1016 -42.4 30.1021
      vertex -41.0599 -42.4 30.1964
    endloop
  endfacet
  facet normal 0 -1 0
    outer loop
      vertex -44.852 -42.4 30.0101
      vertex -41.1016 -42.4 30.1021
      vertex -44.8984 -42.4 30.1021
    endloop
  endfacet
  facet normal 0 -1 0
    outer loop
      vertex -44.852 -42.4 30.0101
      vertex -41.148 -42.4 30.0101
      vertex -41.1016 -42.4 30.1021
    endloop
  endfacet
  facet normal 0 -1 0
    outer loop
      vertex -44.8012 -42.4 29.9204
      vertex -41.148 -42.4 30.0101
      vertex -44.852 -42.4 30.0101
    endloop
  endfacet
  facet normal 0 -1 0
    outer loop
      vertex -44.8012 -42.4 29.9204
      vertex -41.1988 -42.4 29.9204
      vertex -41.148 -42.4 30.0101
    endloop
  endfacet
  facet normal 0 -1 0
    outer loop
      vertex -44.7461 -42.4 29.8333
      vertex -41.1988 -42.4 29.9204
      vertex -44.8012 -42.4 29.9204
    endloop
  endfacet
  facet normal 0 -1 0
    outer loop
      vertex -44.7461 -42.4 29.8333
      vertex -41.2539 -42.4 29.8333
      vertex -41.1988 -42.4 29.9204
    endloop
  endfacet
  facet normal 0 -1 0
    outer loop
      vertex -44.6867 -42.4 29.749
      vertex -41.2539 -42.4 29.8333
      vertex -44.7461 -42.4 29.8333
    endloop
  endfacet
  facet normal 0 -1 0
    outer loop
      vertex -44.6867 -42.4 29.749
      vertex -41.3133 -42.4 29.749
      vertex -41.2539 -42.4 29.8333
    endloop
  endfacet
  facet normal 0 -1 0
    outer loop
      vertex -44.6233 -42.4 29.6678
      vertex -41.3133 -42.4 29.749
      vertex -44.6867 -42.4 29.749
    endloop
  endfacet
  facet normal 0 -1 0
    outer loop
      vertex -44.6233 -42.4 29.6678
      vertex -41.3767 -42.4 29.6678
      vertex -41.3133 -42.4 29.749
    endloop
  endfacet
  facet normal 0 -1 0
    outer loop
      vertex -44.556 -42.4 29.5897
      vertex -41.3767 -42.4 29.6678
      vertex -44.6233 -42.4 29.6678
    endloop
  endfacet
  facet normal 0 -1 0
    outer loop
      vertex -44.556 -42.4 29.5897
      vertex -41.444 -42.4 29.5897
      vertex -41.3767 -42.4 29.6678
    endloop
  endfacet
  facet normal 0 -1 0
    outer loop
      vertex -44.4849 -42.4 29.5151
      vertex -41.444 -42.4 29.5897
      vertex -44.556 -42.4 29.5897
    endloop
  endfacet
  facet normal 0 -1 0
    outer loop
      vertex -44.4849 -42.4 29.5151
      vertex -41.5151 -42.4 29.5151
      vertex -41.444 -42.4 29.5897
    endloop
  endfacet
  facet normal 0 -1 0
    outer loop
      vertex -44.4103 -42.4 29.444
      vertex -41.5151 -42.4 29.5151
      vertex -44.4849 -42.4 29.5151
    endloop
  endfacet
  facet normal 0 -1 0
    outer loop
      vertex -44.4103 -42.4 29.444
      vertex -41.5897 -42.4 29.444
      vertex -41.5151 -42.4 29.5151
    endloop
  endfacet
  facet normal 0 -1 0
    outer loop
      vertex -44.3322 -42.4 29.3767
      vertex -41.5897 -42.4 29.444
      vertex -44.4103 -42.4 29.444
    endloop
  endfacet
  facet normal 0 -1 0
    outer loop
      vertex -44.3322 -42.4 29.3767
      vertex -41.6678 -42.4 29.3767
      vertex -41.5897 -42.4 29.444
    endloop
  endfacet
  facet normal 0 -1 0
    outer loop
      vertex -44.251 -42.4 29.3133
      vertex -41.6678 -42.4 29.3767
      vertex -44.3322 -42.4 29.3767
    endloop
  endfacet
  facet normal 0 -1 0
    outer loop
      vertex -44.251 -42.4 29.3133
      vertex -41.749 -42.4 29.3133
      vertex -41.6678 -42.4 29.3767
    endloop
  endfacet
  facet normal 0 -1 0
    outer loop
      vertex -44.1667 -42.4 29.2539
      vertex -41.749 -42.4 29.3133
      vertex -44.251 -42.4 29.3133
    endloop
  endfacet
  facet normal 0 -1 0
    outer loop
      vertex -44.1667 -42.4 29.2539
      vertex -41.8333 -42.4 29.2539
      vertex -41.749 -42.4 29.3133
    endloop
  endfacet
  facet normal 0 -1 0
    outer loop
      vertex -44.0796 -42.4 29.1988
      vertex -41.8333 -42.4 29.2539
      vertex -44.1667 -42.4 29.2539
    endloop
  endfacet
  facet normal 0 -1 0
    outer loop
      vertex -44.0796 -42.4 29.1988
      vertex -41.9204 -42.4 29.1988
      vertex -41.8333 -42.4 29.2539
    endloop
  endfacet
  facet normal 0 -1 0
    outer loop
      vertex -43.9899 -42.4 29.148
      vertex -41.9204 -42.4 29.1988
      vertex -44.0796 -42.4 29.1988
    endloop
  endfacet
  facet normal 0 -1 0
    outer loop
      vertex -43.9899 -42.4 29.148
      vertex -42.0101 -42.4 29.148
      vertex -41.9204 -42.4 29.1988
    endloop
  endfacet
  facet normal 0 -1 0
    outer loop
      vertex -43.8979 -42.4 29.1016
      vertex -42.0101 -42.4 29.148
      vertex -43.9899 -42.4 29.148
    endloop
  endfacet
  facet normal 0 -1 0
    outer loop
      vertex -43.8979 -42.4 29.1016
      vertex -42.1021 -42.4 29.1016
      vertex -42.0101 -42.4 29.148
    endloop
  endfacet
  facet normal 0 -1 0
    outer loop
      vertex -43.8036 -42.4 29.0599
      vertex -42.1021 -42.4 29.1016
      vertex -43.8979 -42.4 29.1016
    endloop
  endfacet
  facet normal 0 -1 0
    outer loop
      vertex -43.8036 -42.4 29.0599
      vertex -42.1964 -42.4 29.0599
      vertex -42.1021 -42.4 29.1016
    endloop
  endfacet
  facet normal 0 -1 0
    outer loop
      vertex -43.7075 -42.4 29.0228
      vertex -42.1964 -42.4 29.0599
      vertex -43.8036 -42.4 29.0599
    endloop
  endfacet
  facet normal 0 -1 0
    outer loop
      vertex -43.7075 -42.4 29.0228
      vertex -42.2925 -42.4 29.0228
      vertex -42.1964 -42.4 29.0599
    endloop
  endfacet
  facet normal 0 -1 0
    outer loop
      vertex -43.6096 -42.4 28.9904
      vertex -42.2925 -42.4 29.0228
      vertex -43.7075 -42.4 29.0228
    endloop
  endfacet
  facet normal 0 -1 0
    outer loop
      vertex -43.6096 -42.4 28.9904
      vertex -42.3904 -42.4 28.9904
      vertex -42.2925 -42.4 29.0228
    endloop
  endfacet
  facet normal 0 -1 0
    outer loop
      vertex -43.5103 -42.4 28.9629
      vertex -42.3904 -42.4 28.9904
      vertex -43.6096 -42.4 28.9904
    endloop
  endfacet
  facet normal 0 -1 0
    outer loop
      vertex -43.5103 -42.4 28.9629
      vertex -42.4897 -42.4 28.9629
      vertex -42.3904 -42.4 28.9904
    endloop
  endfacet
  facet normal 0 -1 0
    outer loop
      vertex -43.4097 -42.4 28.9404
      vertex -42.4897 -42.4 28.9629
      vertex -43.5103 -42.4 28.9629
    endloop
  endfacet
  facet normal 0 -1 0
    outer loop
      vertex -43.4097 -42.4 28.9404
      vertex -42.5903 -42.4 28.9404
      vertex -42.4897 -42.4 28.9629
    endloop
  endfacet
  facet normal 0 -1 0
    outer loop
      vertex -43.3081 -42.4 28.9227
      vertex -42.5903 -42.4 28.9404
      vertex -43.4097 -42.4 28.9404
    endloop
  endfacet
  facet normal 0 -1 0
    outer loop
      vertex -43.3081 -42.4 28.9227
      vertex -42.6919 -42.4 28.9227
      vertex -42.5903 -42.4 28.9404
    endloop
  endfacet
  facet normal 0 -1 0
    outer loop
      vertex -43.2058 -42.4 28.9101
      vertex -42.6919 -42.4 28.9227
      vertex -43.3081 -42.4 28.9227
    endloop
  endfacet
  facet normal 0 -1 0
    outer loop
      vertex -43.2058 -42.4 28.9101
      vertex -42.7942 -42.4 28.9101
      vertex -42.6919 -42.4 28.9227
    endloop
  endfacet
  facet normal 0 -1 0
    outer loop
      vertex -43.103 -42.4 28.9025
      vertex -42.7942 -42.4 28.9101
      vertex -43.2058 -42.4 28.9101
    endloop
  endfacet
  facet normal 0 -1 0
    outer loop
      vertex -43.103 -42.4 28.9025
      vertex -42.897 -42.4 28.9025
      vertex -42.7942 -42.4 28.9101
    endloop
  endfacet
  facet normal -0 -1 0
    outer loop
      vertex -42.897 -42.4 28.9025
      vertex -43.103 -42.4 28.9025
      vertex -43 -42.4 28.9
    endloop
  endfacet
  facet normal -0.975682 0 -0.219189
    outer loop
      vertex -40.9403 -49.4 31.4097
      vertex -40.9629 -42.4 31.5103
      vertex -40.9403 -42.4 31.4097
    endloop
  endfacet
  facet normal -0.975682 -0 -0.219189
    outer loop
      vertex -40.9629 -42.4 31.5103
      vertex -40.9403 -49.4 31.4097
      vertex -40.9629 -49.4 31.5103
    endloop
  endfacet
  facet normal -0.9925 0 -0.122243
    outer loop
      vertex -40.9101 -49.4 31.2058
      vertex -40.9227 -42.4 31.3081
      vertex -40.9101 -42.4 31.2058
    endloop
  endfacet
  facet normal -0.9925 -0 -0.122243
    outer loop
      vertex -40.9227 -42.4 31.3081
      vertex -40.9101 -49.4 31.2058
      vertex -40.9227 -49.4 31.3081
    endloop
  endfacet
  facet normal -0.689922 0 0.723884
    outer loop
      vertex -41.5897 -42.4 29.444
      vertex -41.5151 -49.4 29.5151
      vertex -41.5151 -42.4 29.5151
    endloop
  endfacet
  facet normal -0.689922 0 0.723884
    outer loop
      vertex -41.5151 -49.4 29.5151
      vertex -41.5897 -42.4 29.444
      vertex -41.5897 -49.4 29.444
    endloop
  endfacet
  facet normal -0.723884 0 0.689922
    outer loop
      vertex -41.5151 -49.4 29.5151
      vertex -41.444 -42.4 29.5897
      vertex -41.5151 -42.4 29.5151
    endloop
  endfacet
  facet normal -0.723884 0 0.689922
    outer loop
      vertex -41.444 -42.4 29.5897
      vertex -41.5151 -49.4 29.5151
      vertex -41.444 -49.4 29.5897
    endloop
  endfacet
  facet normal -0.788201 0 0.615418
    outer loop
      vertex -41.3767 -49.4 29.6678
      vertex -41.3133 -42.4 29.749
      vertex -41.3767 -42.4 29.6678
    endloop
  endfacet
  facet normal -0.788201 0 0.615418
    outer loop
      vertex -41.3133 -42.4 29.749
      vertex -41.3767 -49.4 29.6678
      vertex -41.3133 -49.4 29.749
    endloop
  endfacet
  facet normal 0.652786 0 0.757542
    outer loop
      vertex -44.4103 -42.4 29.444
      vertex -44.3322 -49.4 29.3767
      vertex -44.3322 -42.4 29.3767
    endloop
  endfacet
  facet normal 0.652786 0 0.757542
    outer loop
      vertex -44.3322 -49.4 29.3767
      vertex -44.4103 -42.4 29.444
      vertex -44.4103 -49.4 29.444
    endloop
  endfacet
  facet normal 0.450317 0 0.892869
    outer loop
      vertex -43.9899 -42.4 29.148
      vertex -43.8979 -49.4 29.1016
      vertex -43.8979 -42.4 29.1016
    endloop
  endfacet
  facet normal 0.450317 0 0.892869
    outer loop
      vertex -43.8979 -49.4 29.1016
      vertex -43.9899 -42.4 29.148
      vertex -43.9899 -49.4 29.148
    endloop
  endfacet
  facet normal 0.314191 0 0.94936
    outer loop
      vertex -43.7075 -42.4 29.0228
      vertex -43.6096 -49.4 28.9904
      vertex -43.6096 -42.4 28.9904
    endloop
  endfacet
  facet normal 0.314191 0 0.94936
    outer loop
      vertex -43.6096 -49.4 28.9904
      vertex -43.7075 -42.4 29.0228
      vertex -43.7075 -49.4 29.0228
    endloop
  endfacet
  facet normal 0.0242647 0 0.999706
    outer loop
      vertex -43.103 -42.4 28.9025
      vertex -43 -49.4 28.9
      vertex -43 -42.4 28.9
    endloop
  endfacet
  facet normal 0.0242647 0 0.999706
    outer loop
      vertex -43 -49.4 28.9
      vertex -43.103 -42.4 28.9025
      vertex -43.103 -49.4 28.9025
    endloop
  endfacet
  facet normal 0.892869 -0 0.450317
    outer loop
      vertex -44.8984 -49.4 30.1021
      vertex -44.852 -42.4 30.0101
      vertex -44.8984 -42.4 30.1021
    endloop
  endfacet
  facet normal 0.892869 0 0.450317
    outer loop
      vertex -44.852 -42.4 30.0101
      vertex -44.8984 -49.4 30.1021
      vertex -44.852 -49.4 30.0101
    endloop
  endfacet
  facet normal 0.963726 -0 0.266893
    outer loop
      vertex -45.0371 -49.4 30.4897
      vertex -45.0096 -42.4 30.3904
      vertex -45.0371 -42.4 30.4897
    endloop
  endfacet
  facet normal 0.963726 0 0.266893
    outer loop
      vertex -45.0096 -42.4 30.3904
      vertex -45.0371 -49.4 30.4897
      vertex -45.0096 -49.4 30.3904
    endloop
  endfacet
  facet normal 0.975889 -0 0.218266
    outer loop
      vertex -45.0596 -49.4 30.5903
      vertex -45.0371 -42.4 30.4897
      vertex -45.0596 -42.4 30.5903
    endloop
  endfacet
  facet normal 0.975889 0 0.218266
    outer loop
      vertex -45.0371 -42.4 30.4897
      vertex -45.0596 -49.4 30.5903
      vertex -45.0371 -49.4 30.4897
    endloop
  endfacet
  facet normal 0.985162 -0 0.171628
    outer loop
      vertex -45.0773 -49.4 30.6919
      vertex -45.0596 -42.4 30.5903
      vertex -45.0773 -42.4 30.6919
    endloop
  endfacet
  facet normal 0.985162 0 0.171628
    outer loop
      vertex -45.0596 -42.4 30.5903
      vertex -45.0773 -49.4 30.6919
      vertex -45.0596 -49.4 30.5903
    endloop
  endfacet
  facet normal 0.997278 -0 0.0737287
    outer loop
      vertex -45.0975 -49.4 30.897
      vertex -45.0899 -42.4 30.7942
      vertex -45.0975 -42.4 30.897
    endloop
  endfacet
  facet normal 0.997278 0 0.0737287
    outer loop
      vertex -45.0899 -42.4 30.7942
      vertex -45.0975 -49.4 30.897
      vertex -45.0899 -49.4 30.7942
    endloop
  endfacet
  facet normal 0.932895 -0 0.36015
    outer loop
      vertex -44.9772 -49.4 30.2925
      vertex -44.9401 -42.4 30.1964
      vertex -44.9772 -42.4 30.2925
    endloop
  endfacet
  facet normal 0.932895 0 0.36015
    outer loop
      vertex -44.9401 -42.4 30.1964
      vertex -44.9772 -49.4 30.2925
      vertex -44.9401 -49.4 30.1964
    endloop
  endfacet
  facet normal 0.91457 -0 0.404428
    outer loop
      vertex -44.9401 -49.4 30.1964
      vertex -44.8984 -42.4 30.1021
      vertex -44.9401 -42.4 30.1964
    endloop
  endfacet
  facet normal 0.91457 0 0.404428
    outer loop
      vertex -44.8984 -42.4 30.1021
      vertex -44.9401 -49.4 30.1964
      vertex -44.8984 -49.4 30.1021
    endloop
  endfacet
  facet normal -0.122243 0 0.9925
    outer loop
      vertex -42.7942 -42.4 28.9101
      vertex -42.6919 -49.4 28.9227
      vertex -42.6919 -42.4 28.9227
    endloop
  endfacet
  facet normal -0.122243 0 0.9925
    outer loop
      vertex -42.6919 -49.4 28.9227
      vertex -42.7942 -42.4 28.9101
      vertex -42.7942 -49.4 28.9101
    endloop
  endfacet
  facet normal -0.0737287 0 0.997278
    outer loop
      vertex -42.897 -42.4 28.9025
      vertex -42.7942 -49.4 28.9101
      vertex -42.7942 -42.4 28.9101
    endloop
  endfacet
  facet normal -0.0737287 0 0.997278
    outer loop
      vertex -42.7942 -49.4 28.9101
      vertex -42.897 -42.4 28.9025
      vertex -42.897 -49.4 28.9025
    endloop
  endfacet
  facet normal -0.218266 0 0.975889
    outer loop
      vertex -42.5903 -42.4 28.9404
      vertex -42.4897 -49.4 28.9629
      vertex -42.4897 -42.4 28.9629
    endloop
  endfacet
  facet normal -0.218266 0 0.975889
    outer loop
      vertex -42.4897 -49.4 28.9629
      vertex -42.5903 -42.4 28.9404
      vertex -42.5903 -49.4 28.9404
    endloop
  endfacet
  facet normal -0.171628 0 0.985162
    outer loop
      vertex -42.6919 -42.4 28.9227
      vertex -42.5903 -49.4 28.9404
      vertex -42.5903 -42.4 28.9404
    endloop
  endfacet
  facet normal -0.171628 0 0.985162
    outer loop
      vertex -42.5903 -49.4 28.9404
      vertex -42.6919 -42.4 28.9227
      vertex -42.6919 -49.4 28.9227
    endloop
  endfacet
  facet normal -0.314191 0 0.94936
    outer loop
      vertex -42.3904 -42.4 28.9904
      vertex -42.2925 -49.4 29.0228
      vertex -42.2925 -42.4 29.0228
    endloop
  endfacet
  facet normal -0.314191 0 0.94936
    outer loop
      vertex -42.2925 -49.4 29.0228
      vertex -42.3904 -42.4 28.9904
      vertex -42.3904 -49.4 28.9904
    endloop
  endfacet
  facet normal -0.91457 0 0.404428
    outer loop
      vertex -41.1016 -49.4 30.1021
      vertex -41.0599 -42.4 30.1964
      vertex -41.1016 -42.4 30.1021
    endloop
  endfacet
  facet normal -0.91457 0 0.404428
    outer loop
      vertex -41.0599 -42.4 30.1964
      vertex -41.1016 -49.4 30.1021
      vertex -41.0599 -49.4 30.1964
    endloop
  endfacet
  facet normal -0.892869 0 0.450317
    outer loop
      vertex -41.148 -49.4 30.0101
      vertex -41.1016 -42.4 30.1021
      vertex -41.148 -42.4 30.0101
    endloop
  endfacet
  facet normal -0.892869 0 0.450317
    outer loop
      vertex -41.1016 -42.4 30.1021
      vertex -41.148 -49.4 30.0101
      vertex -41.1016 -49.4 30.1021
    endloop
  endfacet
  facet normal -0.615418 0 0.788201
    outer loop
      vertex -41.749 -42.4 29.3133
      vertex -41.6678 -49.4 29.3767
      vertex -41.6678 -42.4 29.3767
    endloop
  endfacet
  facet normal -0.615418 0 0.788201
    outer loop
      vertex -41.6678 -49.4 29.3767
      vertex -41.749 -42.4 29.3133
      vertex -41.749 -49.4 29.3133
    endloop
  endfacet
  facet normal -0.652786 0 0.757542
    outer loop
      vertex -41.6678 -42.4 29.3767
      vertex -41.5897 -49.4 29.444
      vertex -41.5897 -42.4 29.444
    endloop
  endfacet
  facet normal -0.652786 0 0.757542
    outer loop
      vertex -41.5897 -49.4 29.444
      vertex -41.6678 -42.4 29.3767
      vertex -41.6678 -49.4 29.3767
    endloop
  endfacet
  facet normal -0.575998 0 0.817451
    outer loop
      vertex -41.8333 -42.4 29.2539
      vertex -41.749 -49.4 29.3133
      vertex -41.749 -42.4 29.3133
    endloop
  endfacet
  facet normal -0.575998 0 0.817451
    outer loop
      vertex -41.749 -49.4 29.3133
      vertex -41.8333 -42.4 29.2539
      vertex -41.8333 -49.4 29.2539
    endloop
  endfacet
  facet normal -0.534613 0 0.845097
    outer loop
      vertex -41.9204 -42.4 29.1988
      vertex -41.8333 -49.4 29.2539
      vertex -41.8333 -42.4 29.2539
    endloop
  endfacet
  facet normal -0.534613 0 0.845097
    outer loop
      vertex -41.8333 -49.4 29.2539
      vertex -41.9204 -42.4 29.1988
      vertex -41.9204 -49.4 29.1988
    endloop
  endfacet
  facet normal -0.492792 0 0.870147
    outer loop
      vertex -42.0101 -42.4 29.148
      vertex -41.9204 -49.4 29.1988
      vertex -41.9204 -42.4 29.1988
    endloop
  endfacet
  facet normal -0.492792 0 0.870147
    outer loop
      vertex -41.9204 -49.4 29.1988
      vertex -42.0101 -42.4 29.148
      vertex -42.0101 -49.4 29.148
    endloop
  endfacet
  facet normal -0.450317 0 0.892869
    outer loop
      vertex -42.1021 -42.4 29.1016
      vertex -42.0101 -49.4 29.148
      vertex -42.0101 -42.4 29.148
    endloop
  endfacet
  facet normal -0.450317 0 0.892869
    outer loop
      vertex -42.0101 -49.4 29.148
      vertex -42.1021 -42.4 29.1016
      vertex -42.1021 -49.4 29.1016
    endloop
  endfacet
  facet normal -0.817451 0 0.575998
    outer loop
      vertex -41.3133 -49.4 29.749
      vertex -41.2539 -42.4 29.8333
      vertex -41.3133 -42.4 29.749
    endloop
  endfacet
  facet normal -0.817451 0 0.575998
    outer loop
      vertex -41.2539 -42.4 29.8333
      vertex -41.3133 -49.4 29.749
      vertex -41.2539 -49.4 29.8333
    endloop
  endfacet
  facet normal -0.845097 0 0.534613
    outer loop
      vertex -41.2539 -49.4 29.8333
      vertex -41.1988 -42.4 29.9204
      vertex -41.2539 -42.4 29.8333
    endloop
  endfacet
  facet normal -0.845097 0 0.534613
    outer loop
      vertex -41.1988 -42.4 29.9204
      vertex -41.2539 -49.4 29.8333
      vertex -41.1988 -49.4 29.9204
    endloop
  endfacet
  facet normal 0.615418 0 0.788201
    outer loop
      vertex -44.3322 -42.4 29.3767
      vertex -44.251 -49.4 29.3133
      vertex -44.251 -42.4 29.3133
    endloop
  endfacet
  facet normal 0.615418 0 0.788201
    outer loop
      vertex -44.251 -49.4 29.3133
      vertex -44.3322 -42.4 29.3767
      vertex -44.3322 -49.4 29.3767
    endloop
  endfacet
  facet normal 0.534613 0 0.845097
    outer loop
      vertex -44.1667 -42.4 29.2539
      vertex -44.0796 -49.4 29.1988
      vertex -44.0796 -42.4 29.1988
    endloop
  endfacet
  facet normal 0.534613 0 0.845097
    outer loop
      vertex -44.0796 -49.4 29.1988
      vertex -44.1667 -42.4 29.2539
      vertex -44.1667 -49.4 29.2539
    endloop
  endfacet
  facet normal 0.575998 0 0.817451
    outer loop
      vertex -44.251 -42.4 29.3133
      vertex -44.1667 -49.4 29.2539
      vertex -44.1667 -42.4 29.2539
    endloop
  endfacet
  facet normal 0.575998 0 0.817451
    outer loop
      vertex -44.1667 -49.4 29.2539
      vertex -44.251 -42.4 29.3133
      vertex -44.251 -49.4 29.3133
    endloop
  endfacet
  facet normal 0.266893 0 0.963726
    outer loop
      vertex -43.6096 -42.4 28.9904
      vertex -43.5103 -49.4 28.9629
      vertex -43.5103 -42.4 28.9629
    endloop
  endfacet
  facet normal 0.266893 0 0.963726
    outer loop
      vertex -43.5103 -49.4 28.9629
      vertex -43.6096 -42.4 28.9904
      vertex -43.6096 -49.4 28.9904
    endloop
  endfacet
  facet normal 0.218266 0 0.975889
    outer loop
      vertex -43.5103 -42.4 28.9629
      vertex -43.4097 -49.4 28.9404
      vertex -43.4097 -42.4 28.9404
    endloop
  endfacet
  facet normal 0.218266 0 0.975889
    outer loop
      vertex -43.4097 -49.4 28.9404
      vertex -43.5103 -42.4 28.9629
      vertex -43.5103 -49.4 28.9629
    endloop
  endfacet
  facet normal 0.122243 0 0.9925
    outer loop
      vertex -43.3081 -42.4 28.9227
      vertex -43.2058 -49.4 28.9101
      vertex -43.2058 -42.4 28.9101
    endloop
  endfacet
  facet normal 0.122243 0 0.9925
    outer loop
      vertex -43.2058 -49.4 28.9101
      vertex -43.3081 -42.4 28.9227
      vertex -43.3081 -49.4 28.9227
    endloop
  endfacet
  facet normal 0.788201 -0 0.615418
    outer loop
      vertex -44.6867 -49.4 29.749
      vertex -44.6233 -42.4 29.6678
      vertex -44.6867 -42.4 29.749
    endloop
  endfacet
  facet normal 0.788201 0 0.615418
    outer loop
      vertex -44.6233 -42.4 29.6678
      vertex -44.6867 -49.4 29.749
      vertex -44.6233 -49.4 29.6678
    endloop
  endfacet
  facet normal 0.845097 -0 0.534613
    outer loop
      vertex -44.8012 -49.4 29.9204
      vertex -44.7461 -42.4 29.8333
      vertex -44.8012 -42.4 29.9204
    endloop
  endfacet
  facet normal 0.845097 0 0.534613
    outer loop
      vertex -44.7461 -42.4 29.8333
      vertex -44.8012 -49.4 29.9204
      vertex -44.7461 -49.4 29.8333
    endloop
  endfacet
  facet normal 0.870147 -0 0.492792
    outer loop
      vertex -44.852 -49.4 30.0101
      vertex -44.8012 -42.4 29.9204
      vertex -44.852 -42.4 30.0101
    endloop
  endfacet
  facet normal 0.870147 0 0.492792
    outer loop
      vertex -44.8012 -42.4 29.9204
      vertex -44.852 -49.4 30.0101
      vertex -44.8012 -49.4 29.9204
    endloop
  endfacet
  facet normal 0.817451 -0 0.575998
    outer loop
      vertex -44.7461 -49.4 29.8333
      vertex -44.6867 -42.4 29.749
      vertex -44.7461 -42.4 29.8333
    endloop
  endfacet
  facet normal 0.817451 0 0.575998
    outer loop
      vertex -44.6867 -42.4 29.749
      vertex -44.7461 -49.4 29.8333
      vertex -44.6867 -49.4 29.749
    endloop
  endfacet
  facet normal 0.9925 -0 0.122243
    outer loop
      vertex -45.0899 -49.4 30.7942
      vertex -45.0773 -42.4 30.6919
      vertex -45.0899 -42.4 30.7942
    endloop
  endfacet
  facet normal 0.9925 0 0.122243
    outer loop
      vertex -45.0773 -42.4 30.6919
      vertex -45.0899 -49.4 30.7942
      vertex -45.0773 -49.4 30.6919
    endloop
  endfacet
  facet normal 0.404428 0 0.91457
    outer loop
      vertex -43.8979 -42.4 29.1016
      vertex -43.8036 -49.4 29.0599
      vertex -43.8036 -42.4 29.0599
    endloop
  endfacet
  facet normal 0.404428 0 0.91457
    outer loop
      vertex -43.8036 -49.4 29.0599
      vertex -43.8979 -42.4 29.1016
      vertex -43.8979 -49.4 29.1016
    endloop
  endfacet
  facet normal 0.36015 0 0.932895
    outer loop
      vertex -43.8036 -42.4 29.0599
      vertex -43.7075 -49.4 29.0228
      vertex -43.7075 -42.4 29.0228
    endloop
  endfacet
  facet normal 0.36015 0 0.932895
    outer loop
      vertex -43.7075 -49.4 29.0228
      vertex -43.8036 -42.4 29.0599
      vertex -43.8036 -49.4 29.0599
    endloop
  endfacet
  facet normal 0.171628 0 0.985162
    outer loop
      vertex -43.4097 -42.4 28.9404
      vertex -43.3081 -49.4 28.9227
      vertex -43.3081 -42.4 28.9227
    endloop
  endfacet
  facet normal 0.171628 0 0.985162
    outer loop
      vertex -43.3081 -49.4 28.9227
      vertex -43.4097 -42.4 28.9404
      vertex -43.4097 -49.4 28.9404
    endloop
  endfacet
  facet normal 0.0737287 0 0.997278
    outer loop
      vertex -43.2058 -42.4 28.9101
      vertex -43.103 -49.4 28.9025
      vertex -43.103 -42.4 28.9025
    endloop
  endfacet
  facet normal 0.0737287 0 0.997278
    outer loop
      vertex -43.103 -49.4 28.9025
      vertex -43.2058 -42.4 28.9101
      vertex -43.2058 -49.4 28.9101
    endloop
  endfacet
  facet normal 0.723884 -0 0.689922
    outer loop
      vertex -44.556 -49.4 29.5897
      vertex -44.4849 -42.4 29.5151
      vertex -44.556 -42.4 29.5897
    endloop
  endfacet
  facet normal 0.723884 0 0.689922
    outer loop
      vertex -44.4849 -42.4 29.5151
      vertex -44.556 -49.4 29.5897
      vertex -44.4849 -49.4 29.5151
    endloop
  endfacet
  facet normal 0.757542 -0 0.652786
    outer loop
      vertex -44.6233 -49.4 29.6678
      vertex -44.556 -42.4 29.5897
      vertex -44.6233 -42.4 29.6678
    endloop
  endfacet
  facet normal 0.757542 0 0.652786
    outer loop
      vertex -44.556 -42.4 29.5897
      vertex -44.6233 -49.4 29.6678
      vertex -44.556 -49.4 29.5897
    endloop
  endfacet
  facet normal 0.689922 0 0.723884
    outer loop
      vertex -44.4849 -42.4 29.5151
      vertex -44.4103 -49.4 29.444
      vertex -44.4103 -42.4 29.444
    endloop
  endfacet
  facet normal 0.689922 0 0.723884
    outer loop
      vertex -44.4103 -49.4 29.444
      vertex -44.4849 -42.4 29.5151
      vertex -44.4849 -49.4 29.5151
    endloop
  endfacet
  facet normal -0.757208 0.653174 0
    outer loop
      vertex 31.4163 -28.4741 0
      vertex 32.7756 -26.8983 61
      vertex 32.7756 -26.8983 0
    endloop
  endfacet
  facet normal -0.757208 0.653174 0
    outer loop
      vertex 32.7756 -26.8983 61
      vertex 31.4163 -28.4741 0
      vertex 31.4163 -28.4741 61
    endloop
  endfacet
  facet normal -0.219111 0.9757 0
    outer loop
      vertex 10.3024 -41.1293 0
      vertex 8.27183 -41.5853 61
      vertex 10.3024 -41.1293 61
    endloop
  endfacet
  facet normal -0.219111 0.9757 0
    outer loop
      vertex 8.27183 -41.5853 61
      vertex 10.3024 -41.1293 0
      vertex 8.27183 -41.5853 0
    endloop
  endfacet
  facet normal -0.122388 0.992482 0
    outer loop
      vertex 6.22137 -41.9411 0
      vertex 4.15593 -42.1958 61
      vertex 6.22137 -41.9411 61
    endloop
  endfacet
  facet normal -0.122388 0.992482 0
    outer loop
      vertex 4.15593 -42.1958 61
      vertex 6.22137 -41.9411 0
      vertex 4.15593 -42.1958 0
    endloop
  endfacet
  facet normal -0.61525 0.788332 0
    outer loop
      vertex 26.8983 -32.7756 0
      vertex 25.2577 -34.056 61
      vertex 26.8983 -32.7756 61
    endloop
  endfacet
  facet normal -0.61525 0.788332 0
    outer loop
      vertex 25.2577 -34.056 61
      vertex 26.8983 -32.7756 0
      vertex 25.2577 -34.056 0
    endloop
  endfacet
  facet normal -0.492896 0.870088 0
    outer loop
      vertex 21.798 -36.3677 0
      vertex 19.9872 -37.3935 61
      vertex 21.798 -36.3677 61
    endloop
  endfacet
  facet normal -0.492896 0.870088 0
    outer loop
      vertex 19.9872 -37.3935 61
      vertex 21.798 -36.3677 0
      vertex 19.9872 -37.3935 0
    endloop
  endfacet
  facet normal -0.575798 0.817592 0
    outer loop
      vertex 25.2577 -34.056 0
      vertex 23.5562 -35.2543 61
      vertex 25.2577 -34.056 61
    endloop
  endfacet
  facet normal -0.575798 0.817592 0
    outer loop
      vertex 23.5562 -35.2543 61
      vertex 25.2577 -34.056 0
      vertex 23.5562 -35.2543 0
    endloop
  endfacet
  facet normal 0.817607 0.575776 0
    outer loop
      vertex -34.056 -25.2577 61
      vertex -34.7217 -24.3124 0
      vertex -34.7217 -24.3124 61
    endloop
  endfacet
  facet normal 0.817607 0.575776 0
    outer loop
      vertex -34.7217 -24.3124 0
      vertex -34.056 -25.2577 61
      vertex -34.056 -25.2577 0
    endloop
  endfacet
  facet normal 0.535009 0.844847 -0
    outer loop
      vertex -21.798 -36.3677 0
      vertex -23.5562 -35.2543 62
      vertex -21.798 -36.3677 62
    endloop
  endfacet
  facet normal 0.535009 0.844847 0
    outer loop
      vertex -23.5562 -35.2543 62
      vertex -21.798 -36.3677 0
      vertex -23.5562 -35.2543 0
    endloop
  endfacet
  facet normal 0.61525 0.788332 -0
    outer loop
      vertex -25.2577 -34.056 0
      vertex -26.8983 -32.7756 61
      vertex -25.2577 -34.056 61
    endloop
  endfacet
  facet normal 0.61525 0.788332 0
    outer loop
      vertex -26.8983 -32.7756 61
      vertex -25.2577 -34.056 0
      vertex -26.8983 -32.7756 0
    endloop
  endfacet
  facet normal 0.0735669 0.99729 -0
    outer loop
      vertex -2.08047 -42.3489 0
      vertex -4.15593 -42.1958 61
      vertex -2.08047 -42.3489 61
    endloop
  endfacet
  facet normal 0.0735669 0.99729 0
    outer loop
      vertex -4.15593 -42.1958 61
      vertex -2.08047 -42.3489 0
      vertex -4.15593 -42.1958 0
    endloop
  endfacet
  facet normal 0.26669 0.963782 -0
    outer loop
      vertex -10.3024 -41.1293 0
      vertex -12.3081 -40.5743 62
      vertex -10.3024 -41.1293 62
    endloop
  endfacet
  facet normal 0.26669 0.963782 0
    outer loop
      vertex -12.3081 -40.5743 62
      vertex -10.3024 -41.1293 0
      vertex -12.3081 -40.5743 0
    endloop
  endfacet
  facet normal -0.689547 0.724241 0
    outer loop
      vertex 29.9813 -29.9813 0
      vertex 28.4741 -31.4163 61
      vertex 29.9813 -29.9813 61
    endloop
  endfacet
  facet normal -0.689547 0.724241 0
    outer loop
      vertex 28.4741 -31.4163 61
      vertex 29.9813 -29.9813 0
      vertex 28.4741 -31.4163 0
    endloop
  endfacet
  facet normal -0.788332 0.61525 0
    outer loop
      vertex 32.7756 -26.8983 0
      vertex 34.056 -25.2577 61
      vertex 34.056 -25.2577 0
    endloop
  endfacet
  facet normal -0.788332 0.61525 0
    outer loop
      vertex 34.056 -25.2577 61
      vertex 32.7756 -26.8983 0
      vertex 32.7756 -26.8983 61
    endloop
  endfacet
  facet normal -0.817607 0.575776 0
    outer loop
      vertex 34.056 -25.2577 0
      vertex 34.7217 -24.3124 61
      vertex 34.7217 -24.3124 0
    endloop
  endfacet
  facet normal -0.817607 0.575776 0
    outer loop
      vertex 34.7217 -24.3124 61
      vertex 34.056 -25.2577 0
      vertex 34.056 -25.2577 61
    endloop
  endfacet
  facet normal -0.0245544 0.999698 0
    outer loop
      vertex 2.08047 -42.3489 0
      vertex 0 -42.4 61
      vertex 2.08047 -42.3489 61
    endloop
  endfacet
  facet normal -0.0245544 0.999698 0
    outer loop
      vertex 0 -42.4 61
      vertex 2.08047 -42.3489 0
      vertex 0 -42.4 0
    endloop
  endfacet
  facet normal -0.170967 0.985277 0
    outer loop
      vertex 8.27183 -41.5853 0
      vertex 6.22137 -41.9411 61
      vertex 8.27183 -41.5853 61
    endloop
  endfacet
  facet normal -0.170967 0.985277 0
    outer loop
      vertex 6.22137 -41.9411 61
      vertex 8.27183 -41.5853 0
      vertex 6.22137 -41.9411 0
    endloop
  endfacet
  facet normal -0.359897 0.932992 0
    outer loop
      vertex 16.2258 -39.1725 0
      vertex 14.2841 -39.9215 61
      vertex 16.2258 -39.1725 61
    endloop
  endfacet
  facet normal -0.359897 0.932992 0
    outer loop
      vertex 14.2841 -39.9215 61
      vertex 16.2258 -39.1725 0
      vertex 14.2841 -39.9215 0
    endloop
  endfacet
  facet normal -0.313689 0.949526 0
    outer loop
      vertex 14.2841 -39.9215 0
      vertex 12.3081 -40.5743 61
      vertex 14.2841 -39.9215 61
    endloop
  endfacet
  facet normal -0.313689 0.949526 0
    outer loop
      vertex 12.3081 -40.5743 61
      vertex 14.2841 -39.9215 0
      vertex 12.3081 -40.5743 0
    endloop
  endfacet
  facet normal -0.535009 0.844847 0
    outer loop
      vertex 23.5562 -35.2543 0
      vertex 21.798 -36.3677 61
      vertex 23.5562 -35.2543 61
    endloop
  endfacet
  facet normal -0.535009 0.844847 0
    outer loop
      vertex 21.798 -36.3677 61
      vertex 23.5562 -35.2543 0
      vertex 21.798 -36.3677 0
    endloop
  endfacet
  facet normal -0.653174 0.757208 0
    outer loop
      vertex 28.4741 -31.4163 0
      vertex 26.8983 -32.7756 61
      vertex 28.4741 -31.4163 61
    endloop
  endfacet
  facet normal -0.653174 0.757208 0
    outer loop
      vertex 26.8983 -32.7756 61
      vertex 28.4741 -31.4163 0
      vertex 26.8983 -32.7756 0
    endloop
  endfacet
  facet normal 0.575785 0.817601 0
    outer loop
      vertex -23.5562 -35.2543 62
      vertex -23.9173 -35 61
      vertex -23.9173 -35 62
    endloop
  endfacet
  facet normal 0.575785 0.817601 -0
    outer loop
      vertex -23.5562 -35.2543 0
      vertex -23.9173 -35 61
      vertex -23.5562 -35.2543 62
    endloop
  endfacet
  facet normal 0.575802 0.817589 1.4679e-07
    outer loop
      vertex -23.5562 -35.2543 0
      vertex -25.2577 -34.056 61
      vertex -23.9173 -35 61
    endloop
  endfacet
  facet normal 0.575798 0.817592 0
    outer loop
      vertex -25.2577 -34.056 61
      vertex -23.5562 -35.2543 0
      vertex -25.2577 -34.056 0
    endloop
  endfacet
  facet normal 0.405273 0.914196 -0
    outer loop
      vertex -16.2258 -39.1725 0
      vertex -18.1283 -38.3291 62
      vertex -16.2258 -39.1725 62
    endloop
  endfacet
  facet normal 0.405273 0.914196 0
    outer loop
      vertex -18.1283 -38.3291 62
      vertex -16.2258 -39.1725 0
      vertex -18.1283 -38.3291 0
    endloop
  endfacet
  facet normal 0.449576 0.893242 -0
    outer loop
      vertex -18.1283 -38.3291 0
      vertex -19.9872 -37.3935 62
      vertex -18.1283 -38.3291 62
    endloop
  endfacet
  facet normal 0.449576 0.893242 0
    outer loop
      vertex -19.9872 -37.3935 62
      vertex -18.1283 -38.3291 0
      vertex -19.9872 -37.3935 0
    endloop
  endfacet
  facet normal 0.219115 0.975699 0
    outer loop
      vertex -8.27183 -41.5853 61
      vertex -8.27183 -41.5853 0
      vertex -10 -41.1972 61
    endloop
  endfacet
  facet normal 0.219082 0.975706 -0
    outer loop
      vertex -10 -41.1972 61
      vertex -10.3024 -41.1293 62
      vertex -10 -41.1972 62
    endloop
  endfacet
  facet normal 0.219111 0.9757 -1.47279e-07
    outer loop
      vertex -10.3024 -41.1293 0
      vertex -10 -41.1972 61
      vertex -8.27183 -41.5853 0
    endloop
  endfacet
  facet normal 0.219082 0.975706 0
    outer loop
      vertex -10 -41.1972 61
      vertex -10.3024 -41.1293 0
      vertex -10.3024 -41.1293 62
    endloop
  endfacet
  facet normal 0.0245544 0.999698 -0
    outer loop
      vertex 0 -42.4 0
      vertex -2.08047 -42.3489 61
      vertex 0 -42.4 61
    endloop
  endfacet
  facet normal 0.0245544 0.999698 0
    outer loop
      vertex -2.08047 -42.3489 61
      vertex 0 -42.4 0
      vertex -2.08047 -42.3489 0
    endloop
  endfacet
  facet normal 0.170967 0.985277 -0
    outer loop
      vertex -6.22137 -41.9411 0
      vertex -8.27183 -41.5853 61
      vertex -6.22137 -41.9411 61
    endloop
  endfacet
  facet normal 0.170967 0.985277 0
    outer loop
      vertex -8.27183 -41.5853 61
      vertex -6.22137 -41.9411 0
      vertex -8.27183 -41.5853 0
    endloop
  endfacet
  facet normal -0.724241 0.689547 0
    outer loop
      vertex 29.9813 -29.9813 0
      vertex 31.4163 -28.4741 61
      vertex 31.4163 -28.4741 0
    endloop
  endfacet
  facet normal -0.724241 0.689547 0
    outer loop
      vertex 31.4163 -28.4741 61
      vertex 29.9813 -29.9813 0
      vertex 29.9813 -29.9813 61
    endloop
  endfacet
  facet normal -0.0735669 0.99729 0
    outer loop
      vertex 4.15593 -42.1958 0
      vertex 2.08047 -42.3489 61
      vertex 4.15593 -42.1958 61
    endloop
  endfacet
  facet normal -0.0735669 0.99729 0
    outer loop
      vertex 2.08047 -42.3489 61
      vertex 4.15593 -42.1958 0
      vertex 2.08047 -42.3489 0
    endloop
  endfacet
  facet normal -0.26669 0.963782 0
    outer loop
      vertex 12.3081 -40.5743 0
      vertex 10.3024 -41.1293 61
      vertex 12.3081 -40.5743 61
    endloop
  endfacet
  facet normal -0.26669 0.963782 0
    outer loop
      vertex 10.3024 -41.1293 61
      vertex 12.3081 -40.5743 0
      vertex 10.3024 -41.1293 0
    endloop
  endfacet
  facet normal -0.449576 0.893242 0
    outer loop
      vertex 19.9872 -37.3935 0
      vertex 18.1283 -38.3291 61
      vertex 19.9872 -37.3935 61
    endloop
  endfacet
  facet normal -0.449576 0.893242 0
    outer loop
      vertex 18.1283 -38.3291 61
      vertex 19.9872 -37.3935 0
      vertex 18.1283 -38.3291 0
    endloop
  endfacet
  facet normal -0.405273 0.914196 0
    outer loop
      vertex 18.1283 -38.3291 0
      vertex 16.2258 -39.1725 61
      vertex 18.1283 -38.3291 61
    endloop
  endfacet
  facet normal -0.405273 0.914196 0
    outer loop
      vertex 16.2258 -39.1725 61
      vertex 18.1283 -38.3291 0
      vertex 16.2258 -39.1725 0
    endloop
  endfacet
  facet normal 0.788332 0.61525 0
    outer loop
      vertex -32.7756 -26.8983 61
      vertex -34.056 -25.2577 0
      vertex -34.056 -25.2577 61
    endloop
  endfacet
  facet normal 0.788332 0.61525 0
    outer loop
      vertex -34.056 -25.2577 0
      vertex -32.7756 -26.8983 61
      vertex -32.7756 -26.8983 0
    endloop
  endfacet
  facet normal 0.724241 0.689547 0
    outer loop
      vertex -29.9813 -29.9813 61
      vertex -31.4163 -28.4741 0
      vertex -31.4163 -28.4741 61
    endloop
  endfacet
  facet normal 0.724241 0.689547 0
    outer loop
      vertex -31.4163 -28.4741 0
      vertex -29.9813 -29.9813 61
      vertex -29.9813 -29.9813 0
    endloop
  endfacet
  facet normal 0.653174 0.757208 -0
    outer loop
      vertex -26.8983 -32.7756 0
      vertex -28.4741 -31.4163 61
      vertex -26.8983 -32.7756 61
    endloop
  endfacet
  facet normal 0.653174 0.757208 0
    outer loop
      vertex -28.4741 -31.4163 61
      vertex -26.8983 -32.7756 0
      vertex -28.4741 -31.4163 0
    endloop
  endfacet
  facet normal 0.689547 0.724241 -0
    outer loop
      vertex -28.4741 -31.4163 0
      vertex -29.9813 -29.9813 61
      vertex -28.4741 -31.4163 61
    endloop
  endfacet
  facet normal 0.689547 0.724241 0
    outer loop
      vertex -29.9813 -29.9813 61
      vertex -28.4741 -31.4163 0
      vertex -29.9813 -29.9813 0
    endloop
  endfacet
  facet normal 0.492896 0.870088 -0
    outer loop
      vertex -19.9872 -37.3935 0
      vertex -21.798 -36.3677 62
      vertex -19.9872 -37.3935 62
    endloop
  endfacet
  facet normal 0.492896 0.870088 0
    outer loop
      vertex -21.798 -36.3677 62
      vertex -19.9872 -37.3935 0
      vertex -21.798 -36.3677 0
    endloop
  endfacet
  facet normal 0.313689 0.949526 -0
    outer loop
      vertex -12.3081 -40.5743 0
      vertex -14.2841 -39.9215 62
      vertex -12.3081 -40.5743 62
    endloop
  endfacet
  facet normal 0.313689 0.949526 0
    outer loop
      vertex -14.2841 -39.9215 62
      vertex -12.3081 -40.5743 0
      vertex -14.2841 -39.9215 0
    endloop
  endfacet
  facet normal 0.359897 0.932992 -0
    outer loop
      vertex -14.2841 -39.9215 0
      vertex -16.2258 -39.1725 62
      vertex -14.2841 -39.9215 62
    endloop
  endfacet
  facet normal 0.359897 0.932992 0
    outer loop
      vertex -16.2258 -39.1725 62
      vertex -14.2841 -39.9215 0
      vertex -16.2258 -39.1725 0
    endloop
  endfacet
  facet normal 0.122388 0.992482 -0
    outer loop
      vertex -4.15593 -42.1958 0
      vertex -6.22137 -41.9411 61
      vertex -4.15593 -42.1958 61
    endloop
  endfacet
  facet normal 0.122388 0.992482 0
    outer loop
      vertex -6.22137 -41.9411 61
      vertex -4.15593 -42.1958 0
      vertex -6.22137 -41.9411 0
    endloop
  endfacet
  facet normal 0.757208 0.653174 0
    outer loop
      vertex -31.4163 -28.4741 61
      vertex -32.7756 -26.8983 0
      vertex -32.7756 -26.8983 61
    endloop
  endfacet
  facet normal 0.757208 0.653174 0
    outer loop
      vertex -32.7756 -26.8983 0
      vertex -31.4163 -28.4741 61
      vertex -31.4163 -28.4741 0
    endloop
  endfacet
endsolid OpenSCAD_Model
